{"mean":{"confidence_interval":{"confidence_level":0.95,"lower_bound":1010731684.35,"upper_bound":1012255172.1324999},"point_estimate":1011497393.25,"standard_error":390612.92077311716},"median":{"confidence_interval":{"confidence_level":0.95,"lower_bound":1010310010.0,"upper_bound":1012766045.5},"point_estimate":1011455913.5,"standard_error":644019.4563911733},"median_abs_dev":{"confidence_interval":{"confidence_level":0.95,"lower_bound":378583.0152288079,"upper_bound":2134067.3748627305},"point_estimate":1820659.08382684,"standard_error":466358.9286106219},"slope":null,"std_dev":{"confidence_interval":{"confidence_level":0.95,"lower_bound":818247.8015109075,"upper_bound":1560835.34777907},"point_estimate":1302223.3081981635,"standard_error":189348.70683497735}}