{"mean":{"confidence_interval":{"confidence_level":0.95,"lower_bound":1453195521.1825,"upper_bound":1464627915.7475},"point_estimate":1459164361.8,"standard_error":2921913.1821693573},"median":{"confidence_interval":{"confidence_level":0.95,"lower_bound":1453183162.25,"upper_bound":1468512934.0},"point_estimate":1458547994.75,"standard_error":4175348.7606380447},"median_abs_dev":{"confidence_interval":{"confidence_level":0.95,"lower_bound":1321151.508244872,"upper_bound":18025921.57612592},"point_estimate":11186203.45800519,"standard_error":4026613.226680574},"slope":null,"std_dev":{"confidence_interval":{"confidence_level":0.95,"lower_bound":5425770.647264257,"upper_bound":12800631.48189862},"point_estimate":9780215.549196066,"standard_error":2020197.5666787885}}