{"mean":{"confidence_interval":{"confidence_level":0.95,"lower_bound":1883621734.6,"upper_bound":1887057588.0},"point_estimate":1885375347.85,"standard_error":880350.0601514698},"median":{"confidence_interval":{"confidence_level":0.95,"lower_bound":1883736342.5,"upper_bound":1887555420.0},"point_estimate":1885436329.75,"standard_error":956739.3388494649},"median_abs_dev":{"confidence_interval":{"confidence_level":0.95,"lower_bound":681030.8153092861,"upper_bound":5133979.435403645},"point_estimate":2243475.839920342,"standard_error":1078897.2200899927},"slope":null,"std_dev":{"confidence_interval":{"confidence_level":0.95,"lower_bound":1422234.0876776075,"upper_bound":3935454.740081521},"point_estimate":2946215.3244592655,"standard_error":647281.5383457299}}