{"mean":{"confidence_interval":{"confidence_level":0.95,"lower_bound":3623896939.6325,"upper_bound":3630612672.6},"point_estimate":3627142480.2,"standard_error":1721529.8718269167},"median":{"confidence_interval":{"confidence_level":0.95,"lower_bound":3622304490.0,"upper_bound":3632237331.0},"point_estimate":3625857619.5,"standard_error":3027600.1698877416},"median_abs_dev":{"confidence_interval":{"confidence_level":0.95,"lower_bound":873576.0738909245,"upper_bound":9500876.470425725},"point_estimate":5751793.299785256,"standard_error":2536635.1267701173},"slope":null,"std_dev":{"confidence_interval":{"confidence_level":0.95,"lower_bound":3323711.809002548,"upper_bound":6732063.81531437},"point_estimate":5725671.970056126,"standard_error":853498.3926830209}}