{"mean":{"confidence_interval":{"confidence_level":0.95,"lower_bound":-0.09654592525010953,"upper_bound":-0.09382528606077307},"point_estimate":-0.09514180401585737,"standard_error":0.0006938376468951716},"median":{"confidence_interval":{"confidence_level":0.95,"lower_bound":-0.09764659654410779,"upper_bound":-0.09370147728520606},"point_estimate":-0.09436550216302264,"standard_error":0.0009106801564904746}}