{"mean":{"confidence_interval":{"confidence_level":0.95,"lower_bound":0.00013049875518240687,"upper_bound":0.006338071989153498},"point_estimate":0.003723318624752725,"standard_error":0.0016331839437697649},"median":{"confidence_interval":{"confidence_level":0.95,"lower_bound":0.0019284676840549686,"upper_bound":0.006941971870272345},"point_estimate":0.006014240978435614,"standard_error":0.0013355472781253041}}