{"mean":{"confidence_interval":{"confidence_level":0.95,"lower_bound":-0.08197387622772116,"upper_bound":-0.0750287510940535},"point_estimate":-0.07842398549708296,"standard_error":0.001768870406591751},"median":{"confidence_interval":{"confidence_level":0.95,"lower_bound":-0.08199660013071974,"upper_bound":-0.07228787839864581},"point_estimate":-0.07860753356109085,"standard_error":0.002710411890583095}}