{"mean":{"confidence_interval":{"confidence_level":0.95,"lower_bound":0.00884638567202219,"upper_bound":0.010148414789239401},"point_estimate":0.00954493585206806,"standard_error":0.0003326744848425369},"median":{"confidence_interval":{"confidence_level":0.95,"lower_bound":0.009044785995753868,"upper_bound":0.010195987282876517},"point_estimate":0.009526939027660442,"standard_error":0.0002860391608696946}}