{"mean":{"confidence_interval":{"confidence_level":0.95,"lower_bound":-0.08459328971690655,"upper_bound":-0.0821735749718603},"point_estimate":-0.08344844663921114,"standard_error":0.0006340932678119632},"median":{"confidence_interval":{"confidence_level":0.95,"lower_bound":-0.08531059406280084,"upper_bound":-0.08209106673149746},"point_estimate":-0.08313204722487855,"standard_error":0.0008691558673201987}}