{"mean":{"confidence_interval":{"confidence_level":0.95,"lower_bound":3525842172.46,"upper_bound":3556130144.33},"point_estimate":3544563826.8,"standard_error":8466680.607814081},"median":{"confidence_interval":{"confidence_level":0.95,"lower_bound":3546209329.0,"upper_bound":3558148697.5},"point_estimate":3551906255.0,"standard_error":3649936.3469470013},"median_abs_dev":{"confidence_interval":{"confidence_level":0.95,"lower_bound":790408.8870674372,"upper_bound":15422041.991204023},"point_estimate":6783941.595160961,"standard_error":4022947.8292065654},"slope":null,"std_dev":{"confidence_interval":{"confidence_level":0.95,"lower_bound":4306391.442327575,"upper_bound":43098376.71951482},"point_estimate":28104544.236305866,"standard_error":13274737.481338685}}