{"mean":{"confidence_interval":{"confidence_level":0.95,"lower_bound":3568010413.3,"upper_bound":3575352885.3},"point_estimate":3571730319.8,"standard_error":1874915.179228204},"median":{"confidence_interval":{"confidence_level":0.95,"lower_bound":3566461608.0,"upper_bound":3576335129.0},"point_estimate":3571749324.0,"standard_error":2351130.2800444965},"median_abs_dev":{"confidence_interval":{"confidence_level":0.95,"lower_bound":599435.925757885,"upper_bound":10948315.103128552},"point_estimate":5141428.3883214,"standard_error":2693794.539784542},"slope":null,"std_dev":{"confidence_interval":{"confidence_level":0.95,"lower_bound":3252481.152663099,"upper_bound":8004202.398934418},"point_estimate":6271616.0929477755,"standard_error":1195710.475084169}}