{"mean":{"confidence_interval":{"confidence_level":0.95,"lower_bound":-0.11470680040968051,"upper_bound":-0.09948904150701812},"point_estimate":-0.10701132760733223,"standard_error":0.0038553751015269113},"median":{"confidence_interval":{"confidence_level":0.95,"lower_bound":-0.12033308334214765,"upper_bound":-0.09964417015668114},"point_estimate":-0.10476072115501289,"standard_error":0.004863083368053314}}