{"mean":{"confidence_interval":{"confidence_level":0.95,"lower_bound":900124213.1283334,"upper_bound":902611375.7566668},"point_estimate":901166368.5666668,"standard_error":654283.7372946213},"median":{"confidence_interval":{"confidence_level":0.95,"lower_bound":899888891.3333333,"upper_bound":902107901.6666666},"point_estimate":900341717.6666666,"standard_error":575551.5139794314},"median_abs_dev":{"confidence_interval":{"confidence_level":0.95,"lower_bound":93219.46174514155,"upper_bound":2486797.0588504677},"point_estimate":708584.9358201027,"standard_error":610103.5385195877},"slope":null,"std_dev":{"confidence_interval":{"confidence_level":0.95,"lower_bound":521810.5114609866,"upper_bound":3190329.7067551124},"point_estimate":2178375.43504724,"standard_error":790690.5364103869}}