{"mean":{"confidence_interval":{"confidence_level":0.95,"lower_bound":-0.16358785429014633,"upper_bound":-0.14125828683301395},"point_estimate":-0.15143985158515338,"standard_error":0.005764365297414464},"median":{"confidence_interval":{"confidence_level":0.95,"lower_bound":-0.16484606429945925,"upper_bound":-0.13873829935819382},"point_estimate":-0.14577412810394308,"standard_error":0.005438164625342194}}