{"mean":{"confidence_interval":{"confidence_level":0.95,"lower_bound":-0.0905831066807303,"upper_bound":-0.08223926125438714},"point_estimate":-0.08687375258025709,"standard_error":0.002227194587589138},"median":{"confidence_interval":{"confidence_level":0.95,"lower_bound":-0.09095993582526107,"upper_bound":-0.08357162528732165},"point_estimate":-0.08992368652070659,"standard_error":0.001595212734193561}}