{"mean":{"confidence_interval":{"confidence_level":0.95,"lower_bound":-0.14084020626947272,"upper_bound":-0.09621280677961735},"point_estimate":-0.1146877797930026,"standard_error":0.01197331358776797},"median":{"confidence_interval":{"confidence_level":0.95,"lower_bound":-0.12338926986096532,"upper_bound":-0.09238087521032667},"point_estimate":-0.09704127103562321,"standard_error":0.008901868517572888}}