{"mean":{"confidence_interval":{"confidence_level":0.95,"lower_bound":1038418170.66,"upper_bound":1040115218.9},"point_estimate":1039246270.65,"standard_error":435561.3141566276},"median":{"confidence_interval":{"confidence_level":0.95,"lower_bound":1037952592.0,"upper_bound":1040799866.75},"point_estimate":1038658215.25,"standard_error":897731.4950709988},"median_abs_dev":{"confidence_interval":{"confidence_level":0.95,"lower_bound":170637.24942058325,"upper_bound":2257933.784213662},"point_estimate":1286816.7167544365,"standard_error":610286.2720877161},"slope":null,"std_dev":{"confidence_interval":{"confidence_level":0.95,"lower_bound":897458.4931807688,"upper_bound":1632701.8908663467},"point_estimate":1452867.9051966884,"standard_error":180813.04315983708}}