{"mean":{"confidence_interval":{"confidence_level":0.95,"lower_bound":733726855.7,"upper_bound":737528466.8333333},"point_estimate":735126273.3999999,"standard_error":1105773.0938781577},"median":{"confidence_interval":{"confidence_level":0.95,"lower_bound":733627909.8333333,"upper_bound":734785116.5},"point_estimate":733867415.1666667,"standard_error":358976.96680080856},"median_abs_dev":{"confidence_interval":{"confidence_level":0.95,"lower_bound":34312.305390805355,"upper_bound":1343037.8961563406},"point_estimate":341493.42943730915,"standard_error":417074.11187898996},"slope":null,"std_dev":{"confidence_interval":{"confidence_level":0.95,"lower_bound":177089.77370803113,"upper_bound":5655619.5171790635},"point_estimate":3684969.4653638205,"standard_error":1866085.0969056427}}