{"mean":{"confidence_interval":{"confidence_level":0.95,"lower_bound":-0.09371513850088879,"upper_bound":-0.09081704786217201},"point_estimate":-0.09228544177019482,"standard_error":0.0007421553598778959},"median":{"confidence_interval":{"confidence_level":0.95,"lower_bound":-0.09422225231805159,"upper_bound":-0.09018528806347481},"point_estimate":-0.09240042803748749,"standard_error":0.0010158344461059187}}