{"mean":{"confidence_interval":{"confidence_level":0.95,"lower_bound":-0.0846958764024543,"upper_bound":-0.08174826352909484},"point_estimate":-0.08324836829077831,"standard_error":0.0007546243966878136},"median":{"confidence_interval":{"confidence_level":0.95,"lower_bound":-0.08583048583933361,"upper_bound":-0.08111741999143063},"point_estimate":-0.08316765444759422,"standard_error":0.0010541426258997464}}