{"mean":{"confidence_interval":{"confidence_level":0.95,"lower_bound":-0.10341853020430772,"upper_bound":-0.10050295153847372},"point_estimate":-0.10201483666743705,"standard_error":0.0007473198896978565},"median":{"confidence_interval":{"confidence_level":0.95,"lower_bound":-0.10400287250083817,"upper_bound":-0.10005864498319872},"point_estimate":-0.10269969223041797,"standard_error":0.0010793525494925094}}