{"mean":{"confidence_interval":{"confidence_level":0.95,"lower_bound":-0.11485952155880381,"upper_bound":-0.11293390575108439},"point_estimate":-0.11392585062830263,"standard_error":0.0004842266597760262},"median":{"confidence_interval":{"confidence_level":0.95,"lower_bound":-0.11544436188711038,"upper_bound":-0.11261957490533148},"point_estimate":-0.1144096446232461,"standard_error":0.0007930234994902091}}