{"mean":{"confidence_interval":{"confidence_level":0.95,"lower_bound":-0.1417221947199748,"upper_bound":-0.12121554096904467},"point_estimate":-0.13237138482380628,"standard_error":0.0052060574900288144},"median":{"confidence_interval":{"confidence_level":0.95,"lower_bound":-0.1500473680411939,"upper_bound":-0.11664945827865059},"point_estimate":-0.13093974625646332,"standard_error":0.00892366950130164}}