{"mean":{"confidence_interval":{"confidence_level":0.95,"lower_bound":1334567889.74875,"upper_bound":1339187866.96125},"point_estimate":1337127946.75,"standard_error":1185307.1072823715},"median":{"confidence_interval":{"confidence_level":0.95,"lower_bound":1334260375.5,"upper_bound":1339156793.0},"point_estimate":1338631762.25,"standard_error":1064526.4285384445},"median_abs_dev":{"confidence_interval":{"confidence_level":0.95,"lower_bound":246223.9025786519,"upper_bound":6015239.454308152},"point_estimate":1077002.5043293834,"standard_error":1317239.133830323},"slope":null,"std_dev":{"confidence_interval":{"confidence_level":0.95,"lower_bound":855358.9696254341,"upper_bound":5037640.545271581},"point_estimate":3937445.6248762715,"standard_error":1062678.7149807194}}