{"mean":{"confidence_interval":{"confidence_level":0.95,"lower_bound":1074192143.5175,"upper_bound":1074943369.0},"point_estimate":1074559627.75,"standard_error":193300.9898456645},"median":{"confidence_interval":{"confidence_level":0.95,"lower_bound":1073901301.0,"upper_bound":1075160328.0},"point_estimate":1074412864.5,"standard_error":367140.03770654456},"median_abs_dev":{"confidence_interval":{"confidence_level":0.95,"lower_bound":58787.683506309986,"upper_bound":1046231.8831756711},"point_estimate":817231.7151412368,"standard_error":251484.35050252074},"slope":null,"std_dev":{"confidence_interval":{"confidence_level":0.95,"lower_bound":409874.05980008445,"upper_bound":756394.3213607717},"point_estimate":643473.5970953644,"standard_error":88033.20116679488}}