{"mean":{"confidence_interval":{"confidence_level":0.95,"lower_bound":-0.09838551170638446,"upper_bound":-0.0940129886024663},"point_estimate":-0.096137119181124,"standard_error":0.0011170499864512344},"median":{"confidence_interval":{"confidence_level":0.95,"lower_bound":-0.09849252018546262,"upper_bound":-0.09279274674676219},"point_estimate":-0.09573386006526918,"standard_error":0.0014490931729195234}}