{"mean":{"confidence_interval":{"confidence_level":0.95,"lower_bound":3526841166.685,"upper_bound":3539397020.1974998},"point_estimate":3533292359.7,"standard_error":3228740.806463525},"median":{"confidence_interval":{"confidence_level":0.95,"lower_bound":3524252274.0,"upper_bound":3540689069.0},"point_estimate":3537765585.0,"standard_error":5207043.565510386},"median_abs_dev":{"confidence_interval":{"confidence_level":0.95,"lower_bound":764395.9292292595,"upper_bound":17125242.46276617},"point_estimate":10558007.3166579,"standard_error":4774678.6197506245},"slope":null,"std_dev":{"confidence_interval":{"confidence_level":0.95,"lower_bound":6071744.466751258,"upper_bound":13322559.45141621},"point_estimate":10775724.201985508,"standard_error":1845484.712928486}}