{"mean":{"confidence_interval":{"confidence_level":0.95,"lower_bound":-0.094312774180234,"upper_bound":-0.08772961303802103},"point_estimate":-0.09133186047273378,"standard_error":0.0016789972547387078},"median":{"confidence_interval":{"confidence_level":0.95,"lower_bound":-0.09646229526754158,"upper_bound":-0.08914123653470163},"point_estimate":-0.09059314704813737,"standard_error":0.0022803412022617416}}