{"mean":{"confidence_interval":{"confidence_level":0.95,"lower_bound":3923075619.4125,"upper_bound":3936197302.5},"point_estimate":3928464257.1,"standard_error":3469598.851464767},"median":{"confidence_interval":{"confidence_level":0.95,"lower_bound":3921694719.5,"upper_bound":3929741932.0},"point_estimate":3926684370.5,"standard_error":1979825.7520131075},"median_abs_dev":{"confidence_interval":{"confidence_level":0.95,"lower_bound":1268362.794882059,"upper_bound":10879896.079543233},"point_estimate":4696334.085023403,"standard_error":2538906.572638996},"slope":null,"std_dev":{"confidence_interval":{"confidence_level":0.95,"lower_bound":2694561.662274167,"upper_bound":17286762.06340822},"point_estimate":11535555.320536805,"standard_error":4621600.845818563}}