{"mean":{"confidence_interval":{"confidence_level":0.95,"lower_bound":1498417486.50875,"upper_bound":1508854633.82875},"point_estimate":1502745370.5,"standard_error":2751418.725441258},"median":{"confidence_interval":{"confidence_level":0.95,"lower_bound":1497932097.0,"upper_bound":1505685257.75},"point_estimate":1499189615.75,"standard_error":1735080.2600515492},"median_abs_dev":{"confidence_interval":{"confidence_level":0.95,"lower_bound":502538.3805781603,"upper_bound":9313476.575052738},"point_estimate":2181359.34882313,"standard_error":2256341.163900713},"slope":null,"std_dev":{"confidence_interval":{"confidence_level":0.95,"lower_bound":1385790.766265737,"upper_bound":13324205.873411518},"point_estimate":9204644.62291137,"standard_error":3425762.206440045}}