{"mean":{"confidence_interval":{"confidence_level":0.95,"lower_bound":65840626.367138885,"upper_bound":66019291.85369446},"point_estimate":65918248.253472224,"standard_error":46428.15847662878},"median":{"confidence_interval":{"confidence_level":0.95,"lower_bound":65821305.75,"upper_bound":65992167.888888896},"point_estimate":65845632.47777778,"standard_error":41635.27617824303},"median_abs_dev":{"confidence_interval":{"confidence_level":0.95,"lower_bound":3803.857332475397,"upper_bound":200456.86505785206},"point_estimate":69571.71211819051,"standard_error":50909.469084427416},"slope":{"confidence_interval":{"confidence_level":0.95,"lower_bound":65829862.02406329,"upper_bound":66153463.807380565},"point_estimate":66009559.113852814,"standard_error":86218.21431318455},"std_dev":{"confidence_interval":{"confidence_level":0.95,"lower_bound":38323.685405663695,"upper_bound":214937.66716867988},"point_estimate":154535.1540118613,"standard_error":48456.2174391179}}