{"mean":{"confidence_interval":{"confidence_level":0.95,"lower_bound":-0.09671640086601534,"upper_bound":-0.0905371780634184},"point_estimate":-0.09359770541960644,"standard_error":0.0015796994906875032},"median":{"confidence_interval":{"confidence_level":0.95,"lower_bound":-0.09781145046401696,"upper_bound":-0.08931861581206735},"point_estimate":-0.09402168973874803,"standard_error":0.002351858174576477}}