{"mean":{"confidence_interval":{"confidence_level":0.95,"lower_bound":-0.09637690517462574,"upper_bound":-0.09286478729538555},"point_estimate":-0.09473194398328055,"standard_error":0.000902538180887006},"median":{"confidence_interval":{"confidence_level":0.95,"lower_bound":-0.09709624811013773,"upper_bound":-0.09346753024368748},"point_estimate":-0.09637129802087219,"standard_error":0.00105906651773493}}