{"mean":{"confidence_interval":{"confidence_level":0.95,"lower_bound":2869032382.0,"upper_bound":2882441508.9},"point_estimate":2875051736.8,"standard_error":3464031.7470703125},"median":{"confidence_interval":{"confidence_level":0.95,"lower_bound":2868634025.5,"upper_bound":2882424455.0},"point_estimate":2870340264.0,"standard_error":3579420.2956565325},"median_abs_dev":{"confidence_interval":{"confidence_level":0.95,"lower_bound":780455.452144146,"upper_bound":17916021.25852704},"point_estimate":3501039.7472441196,"standard_error":4696623.034672046},"slope":null,"std_dev":{"confidence_interval":{"confidence_level":0.95,"lower_bound":4056294.662267052,"upper_bound":15843322.891880183},"point_estimate":11532542.479252188,"standard_error":3237438.842274216}}