{"mean":{"confidence_interval":{"confidence_level":0.95,"lower_bound":2529184179.845,"upper_bound":2536100122.5},"point_estimate":2532561966.8,"standard_error":1777529.942098076},"median":{"confidence_interval":{"confidence_level":0.95,"lower_bound":2527325850.5,"upper_bound":2539298534.0},"point_estimate":2531750052.0,"standard_error":2734867.8793256516},"median_abs_dev":{"confidence_interval":{"confidence_level":0.95,"lower_bound":1372936.5014255047,"upper_bound":10162364.394181967},"point_estimate":7309750.864925981,"standard_error":2433257.7357915784},"slope":null,"std_dev":{"confidence_interval":{"confidence_level":0.95,"lower_bound":3502581.4451003987,"upper_bound":7079720.313806485},"point_estimate":5909032.769536367,"standard_error":893489.7650178098}}