{"mean":{"confidence_interval":{"confidence_level":0.95,"lower_bound":3121159619.13,"upper_bound":3124544849.185},"point_estimate":3122754172.2,"standard_error":872305.9702137988},"median":{"confidence_interval":{"confidence_level":0.95,"lower_bound":3120369929.0,"upper_bound":3125333985.0},"point_estimate":3121682949.5,"standard_error":1332011.39005333},"median_abs_dev":{"confidence_interval":{"confidence_level":0.95,"lower_bound":460554.11452353,"upper_bound":4698998.317176104},"point_estimate":2211956.1351299286,"standard_error":1167481.143777811},"slope":null,"std_dev":{"confidence_interval":{"confidence_level":0.95,"lower_bound":1288127.3729027258,"upper_bound":3497695.3016771697},"point_estimate":2907820.499358805,"standard_error":525769.835290353}}