{"mean":{"confidence_interval":{"confidence_level":0.95,"lower_bound":-0.09447791605603563,"upper_bound":-0.09016013655238818},"point_estimate":-0.09206223985806761,"standard_error":0.0011167312834442491},"median":{"confidence_interval":{"confidence_level":0.95,"lower_bound":-0.09424931388993485,"upper_bound":-0.08968948750323369},"point_estimate":-0.09095137560713729,"standard_error":0.0009558666252881025}}