{"mean":{"confidence_interval":{"confidence_level":0.95,"lower_bound":3313058003.7,"upper_bound":3349457845.9900002},"point_estimate":3329755678.7,"standard_error":9382451.570617987},"median":{"confidence_interval":{"confidence_level":0.95,"lower_bound":3305920797.0,"upper_bound":3352857528.0},"point_estimate":3314158796.0,"standard_error":13648080.85721056},"median_abs_dev":{"confidence_interval":{"confidence_level":0.95,"lower_bound":1174664.7004455328,"upper_bound":50667470.10707259},"point_estimate":13931127.596873045,"standard_error":14904893.15834851},"slope":null,"std_dev":{"confidence_interval":{"confidence_level":0.95,"lower_bound":13097441.076328902,"upper_bound":40005696.157571636},"point_estimate":31313235.244167034,"standard_error":6981549.15142529}}