{"mean":{"confidence_interval":{"confidence_level":0.95,"lower_bound":3802786886.8,"upper_bound":3808861539.8775},"point_estimate":3805760441.5,"standard_error":1561059.9008707253},"median":{"confidence_interval":{"confidence_level":0.95,"lower_bound":3801360534.0,"upper_bound":3810573899.5},"point_estimate":3805212766.5,"standard_error":2343441.9190161037},"median_abs_dev":{"confidence_interval":{"confidence_level":0.95,"lower_bound":754133.3722114563,"upper_bound":8902118.092855811},"point_estimate":4466817.230898142,"standard_error":2108172.7149629355},"slope":null,"std_dev":{"confidence_interval":{"confidence_level":0.95,"lower_bound":2992891.3546387604,"upper_bound":6373204.825348525},"point_estimate":5191440.35100633,"standard_error":862522.1656601572}}