{"mean":{"confidence_interval":{"confidence_level":0.95,"lower_bound":3585488156.3,"upper_bound":3596211212.165},"point_estimate":3590454494.6,"standard_error":2760647.8810401047},"median":{"confidence_interval":{"confidence_level":0.95,"lower_bound":3583266620.5,"upper_bound":3595748541.5},"point_estimate":3589335988.0,"standard_error":3241749.514748309},"median_abs_dev":{"confidence_interval":{"confidence_level":0.95,"lower_bound":1398487.6293718815,"upper_bound":14248149.725344777},"point_estimate":8118073.266175389,"standard_error":3383044.254585234},"slope":null,"std_dev":{"confidence_interval":{"confidence_level":0.95,"lower_bound":3985131.969225094,"upper_bound":12113838.21880886},"point_estimate":9156172.027127702,"standard_error":2178804.100670064}}