{"mean":{"confidence_interval":{"confidence_level":0.95,"lower_bound":1829850249.4025,"upper_bound":1833430637.6},"point_estimate":1831647205.65,"standard_error":917239.0837615619},"median":{"confidence_interval":{"confidence_level":0.95,"lower_bound":1829149897.75,"upper_bound":1834195409.0},"point_estimate":1831889628.75,"standard_error":1167584.1201092054},"median_abs_dev":{"confidence_interval":{"confidence_level":0.95,"lower_bound":586628.1152352691,"upper_bound":5312732.437080145},"point_estimate":3503802.942945063,"standard_error":1224162.3053642702},"slope":null,"std_dev":{"confidence_interval":{"confidence_level":0.95,"lower_bound":1717370.2265573898,"upper_bound":3868815.452357457},"point_estimate":3061846.8016461353,"standard_error":548896.5624774186}}