{"mean":{"confidence_interval":{"confidence_level":0.95,"lower_bound":2206224178.8,"upper_bound":2215267530.4},"point_estimate":2210221635.8,"standard_error":2343655.4497501985},"median":{"confidence_interval":{"confidence_level":0.95,"lower_bound":2204189155.0,"upper_bound":2213180856.0},"point_estimate":2209867910.5,"standard_error":2225238.717197436},"median_abs_dev":{"confidence_interval":{"confidence_level":0.95,"lower_bound":324868.04753243923,"upper_bound":10236110.399472713},"point_estimate":6845146.287274361,"standard_error":2807758.3868432497},"slope":null,"std_dev":{"confidence_interval":{"confidence_level":0.95,"lower_bound":2983341.4679762763,"upper_bound":11003378.127417056},"point_estimate":7780598.791847491,"standard_error":2358085.6509398012}}