{"mean":{"confidence_interval":{"confidence_level":0.95,"lower_bound":-0.07575424102400434,"upper_bound":-0.03500324083990107},"point_estimate":-0.05301481502092831,"standard_error":0.01062480562086695},"median":{"confidence_interval":{"confidence_level":0.95,"lower_bound":-0.0630178210744109,"upper_bound":-0.025781980210651256},"point_estimate":-0.04841226691526812,"standard_error":0.011775641301853018}}