{"mean":{"confidence_interval":{"confidence_level":0.95,"lower_bound":-0.09618664863014682,"upper_bound":-0.08920697442114155},"point_estimate":-0.09230294763655567,"standard_error":0.0018066004778835543},"median":{"confidence_interval":{"confidence_level":0.95,"lower_bound":-0.09482543263244891,"upper_bound":-0.08755161212720264},"point_estimate":-0.09079132955037827,"standard_error":0.0019219744377696312}}