{"mean":{"confidence_interval":{"confidence_level":0.95,"lower_bound":-0.08470350424792568,"upper_bound":-0.08051863058440947},"point_estimate":-0.082638632781592,"standard_error":0.0010688391251137451},"median":{"confidence_interval":{"confidence_level":0.95,"lower_bound":-0.08482618377364792,"upper_bound":-0.08077467766636726},"point_estimate":-0.08281852054391459,"standard_error":0.0010969139180418634}}