{"mean":{"confidence_interval":{"confidence_level":0.95,"lower_bound":1859067674.0,"upper_bound":1867305582.7},"point_estimate":1863112414.25,"standard_error":2109004.5992756276},"median":{"confidence_interval":{"confidence_level":0.95,"lower_bound":1857051936.75,"upper_bound":1867646026.25},"point_estimate":1862905905.75,"standard_error":2407697.005371389},"median_abs_dev":{"confidence_interval":{"confidence_level":0.95,"lower_bound":1072806.746403873,"upper_bound":12667598.448555171},"point_estimate":6080288.157503307,"standard_error":2974328.4963002726},"slope":null,"std_dev":{"confidence_interval":{"confidence_level":0.95,"lower_bound":3740520.8107022853,"upper_bound":8999252.233740658},"point_estimate":7016376.793348573,"standard_error":1351366.6302022731}}