{"mean":{"confidence_interval":{"confidence_level":0.95,"lower_bound":-0.0708786053273652,"upper_bound":-0.06548374393723556},"point_estimate":-0.06793567526605238,"standard_error":0.0013691346757380193},"median":{"confidence_interval":{"confidence_level":0.95,"lower_bound":-0.06886905907473462,"upper_bound":-0.06520284250105658},"point_estimate":-0.06763382184832145,"standard_error":0.0010369816766158163}}