{"mean":{"confidence_interval":{"confidence_level":0.95,"lower_bound":-0.09629700427820588,"upper_bound":-0.09210811622148841},"point_estimate":-0.09432299733761562,"standard_error":0.001074016003297315},"median":{"confidence_interval":{"confidence_level":0.95,"lower_bound":-0.09747990938849538,"upper_bound":-0.09171115964291343},"point_estimate":-0.09474260192954731,"standard_error":0.00153859330405844}}