{"mean":{"confidence_interval":{"confidence_level":0.95,"lower_bound":-0.08613021755708385,"upper_bound":-0.0797367169865034},"point_estimate":-0.0835691720736611,"standard_error":0.0016607340957639446},"median":{"confidence_interval":{"confidence_level":0.95,"lower_bound":-0.08681546841192678,"upper_bound":-0.08233504084059218},"point_estimate":-0.08486757552119384,"standard_error":0.0011398431310488675}}