{"mean":{"confidence_interval":{"confidence_level":0.95,"lower_bound":-0.07960626205441386,"upper_bound":-0.07397186532948491},"point_estimate":-0.07647143753335983,"standard_error":0.0014470427245471555},"median":{"confidence_interval":{"confidence_level":0.95,"lower_bound":-0.0779776674724193,"upper_bound":-0.07323849010799255},"point_estimate":-0.07435686090416826,"standard_error":0.0011459499191309903}}