{"mean":{"confidence_interval":{"confidence_level":0.95,"lower_bound":-0.09289507989159153,"upper_bound":-0.08946962174774763},"point_estimate":-0.09121682304489231,"standard_error":0.000870726884430509},"median":{"confidence_interval":{"confidence_level":0.95,"lower_bound":-0.09342040777150773,"upper_bound":-0.08925024056696185},"point_estimate":-0.09123251346941452,"standard_error":0.0010048199799055967}}