{"mean":{"confidence_interval":{"confidence_level":0.95,"lower_bound":-0.004158406258183451,"upper_bound":0.012503614653676488},"point_estimate":0.004732975922591143,"standard_error":0.004307777140078935},"median":{"confidence_interval":{"confidence_level":0.95,"lower_bound":-0.0029399268337516604,"upper_bound":0.017090141347148258},"point_estimate":0.015264822707534487,"standard_error":0.0058128446654017105}}