{"mean":{"confidence_interval":{"confidence_level":0.95,"lower_bound":-0.0972494221721282,"upper_bound":-0.09296626639005255},"point_estimate":-0.09513545889523523,"standard_error":0.0010986945551430133},"median":{"confidence_interval":{"confidence_level":0.95,"lower_bound":-0.09874139774932167,"upper_bound":-0.0916788976322438},"point_estimate":-0.09578558102006429,"standard_error":0.002499206212199792}}