{"mean":{"confidence_interval":{"confidence_level":0.95,"lower_bound":-0.09198534900441124,"upper_bound":-0.0841873587460559},"point_estimate":-0.0884243957869929,"standard_error":0.0020137521636510594},"median":{"confidence_interval":{"confidence_level":0.95,"lower_bound":-0.09315734193092073,"upper_bound":-0.08402324483177892},"point_estimate":-0.09129478245451239,"standard_error":0.001980960284211423}}