{"mean":{"confidence_interval":{"confidence_level":0.95,"lower_bound":3548099002.9249997,"upper_bound":3562708396.1025},"point_estimate":3555203623.5,"standard_error":3761335.8135765693},"median":{"confidence_interval":{"confidence_level":0.95,"lower_bound":3543770596.0,"upper_bound":3567796189.0},"point_estimate":3550098850.0,"standard_error":7390672.673833419},"median_abs_dev":{"confidence_interval":{"confidence_level":0.95,"lower_bound":2158667.785575986,"upper_bound":19502096.33216858},"point_estimate":11540936.99940741,"standard_error":4852275.168005509},"slope":null,"std_dev":{"confidence_interval":{"confidence_level":0.95,"lower_bound":7781055.695462212,"upper_bound":14332886.047467731},"point_estimate":12514926.720531946,"standard_error":1648754.100281898}}