{"mean":{"confidence_interval":{"confidence_level":0.95,"lower_bound":3655710433.5,"upper_bound":3673022019.5},"point_estimate":3663930636.8,"standard_error":4420786.466259217},"median":{"confidence_interval":{"confidence_level":0.95,"lower_bound":3650016282.5,"upper_bound":3671475438.0},"point_estimate":3666781369.5,"standard_error":6532916.470747762},"median_abs_dev":{"confidence_interval":{"confidence_level":0.95,"lower_bound":1310264.7766381502,"upper_bound":28596849.380904436},"point_estimate":14153994.248816371,"standard_error":7114496.131503775},"slope":null,"std_dev":{"confidence_interval":{"confidence_level":0.95,"lower_bound":8254767.2712576445,"upper_bound":19610886.431659248},"point_estimate":14774889.102350572,"standard_error":3249635.0984760774}}