{"mean":{"confidence_interval":{"confidence_level":0.95,"lower_bound":-0.05173263937575015,"upper_bound":-0.022907409577348353},"point_estimate":-0.036388911861551354,"standard_error":0.007406479173737542},"median":{"confidence_interval":{"confidence_level":0.95,"lower_bound":-0.04862026510024986,"upper_bound":-0.020106278592318616},"point_estimate":-0.027741355001180246,"standard_error":0.007759211047454923}}