{"mean":{"confidence_interval":{"confidence_level":0.95,"lower_bound":1425172700.34625,"upper_bound":1432161938.845},"point_estimate":1428675649.45,"standard_error":1788703.4408627227},"median":{"confidence_interval":{"confidence_level":0.95,"lower_bound":1423239157.5,"upper_bound":1434764153.0},"point_estimate":1428573380.75,"standard_error":3757977.1414294876},"median_abs_dev":{"confidence_interval":{"confidence_level":0.95,"lower_bound":1109044.0843105316,"upper_bound":9232567.758639157},"point_estimate":8320195.008637011,"standard_error":2356847.9874020456},"slope":null,"std_dev":{"confidence_interval":{"confidence_level":0.95,"lower_bound":4073711.4337065397,"upper_bound":6746727.495601719},"point_estimate":5955553.4737082925,"standard_error":679886.3009225051}}