{"mean":{"confidence_interval":{"confidence_level":0.95,"lower_bound":-0.09447477712511534,"upper_bound":-0.09206247395923756},"point_estimate":-0.09328076939923646,"standard_error":0.0006156863111998519},"median":{"confidence_interval":{"confidence_level":0.95,"lower_bound":-0.09472562523335593,"upper_bound":-0.09194378172178885},"point_estimate":-0.09325368146204915,"standard_error":0.0007262680386183654}}