{"mean":{"confidence_interval":{"confidence_level":0.95,"lower_bound":2433749991.01,"upper_bound":2442655139.3900003},"point_estimate":2438480019.5,"standard_error":2283462.980570303},"median":{"confidence_interval":{"confidence_level":0.95,"lower_bound":2433833132.5,"upper_bound":2444167725.5},"point_estimate":2440870574.0,"standard_error":2660589.680607105},"median_abs_dev":{"confidence_interval":{"confidence_level":0.95,"lower_bound":916822.0325231552,"upper_bound":12276806.22254312},"point_estimate":7167940.177443624,"standard_error":3033302.1964380005},"slope":null,"std_dev":{"confidence_interval":{"confidence_level":0.95,"lower_bound":3589730.832263458,"upper_bound":10031773.562029932},"point_estimate":7606442.7944493545,"standard_error":1720625.5722298627}}