{"mean":{"confidence_interval":{"confidence_level":0.95,"lower_bound":-0.09358120245882773,"upper_bound":-0.09065891428996954},"point_estimate":-0.09215237280129229,"standard_error":0.0007519249241923292},"median":{"confidence_interval":{"confidence_level":0.95,"lower_bound":-0.09471977889034411,"upper_bound":-0.08979051690061735},"point_estimate":-0.09273737303284435,"standard_error":0.0015089842211407525}}