{"mean":{"confidence_interval":{"confidence_level":0.95,"lower_bound":2744056240.8,"upper_bound":2749022011.5825},"point_estimate":2746452317.1,"standard_error":1274058.0912377695},"median":{"confidence_interval":{"confidence_level":0.95,"lower_bound":2743167754.5,"upper_bound":2749950908.0},"point_estimate":2745874664.5,"standard_error":1670425.553961238},"median_abs_dev":{"confidence_interval":{"confidence_level":0.95,"lower_bound":1028278.7094444036,"upper_bound":7553252.343302965},"point_estimate":4468187.894573808,"standard_error":1672766.4974590617},"slope":null,"std_dev":{"confidence_interval":{"confidence_level":0.95,"lower_bound":2256372.0289375554,"upper_bound":5262215.1969058355},"point_estimate":4250317.510522229,"standard_error":750992.3591468005}}