{"mean":{"confidence_interval":{"confidence_level":0.95,"lower_bound":-0.1079828813026745,"upper_bound":-0.106046343762803},"point_estimate":-0.10722046590056755,"standard_error":0.0005242008098398298},"median":{"confidence_interval":{"confidence_level":0.95,"lower_bound":-0.1080880231991519,"upper_bound":-0.10728708371962692},"point_estimate":-0.1078144922791554,"standard_error":0.0002446962570152962}}