{"mean":{"confidence_interval":{"confidence_level":0.95,"lower_bound":1351840135.55,"upper_bound":1357039054.55},"point_estimate":1354055264.95,"standard_error":1350384.909491418},"median":{"confidence_interval":{"confidence_level":0.95,"lower_bound":1351378990.5,"upper_bound":1355725663.25},"point_estimate":1352878550.5,"standard_error":1064721.0210655893},"median_abs_dev":{"confidence_interval":{"confidence_level":0.95,"lower_bound":460186.4297300577,"upper_bound":5375242.558470368},"point_estimate":2175487.511627376,"standard_error":1265555.1439633272},"slope":null,"std_dev":{"confidence_interval":{"confidence_level":0.95,"lower_bound":1251826.1321789913,"upper_bound":6486921.502878464},"point_estimate":4498239.550482113,"standard_error":1533797.177666882}}