{"mean":{"confidence_interval":{"confidence_level":0.95,"lower_bound":1023180343.3562499,"upper_bound":1023618539.5675},"point_estimate":1023391885.75,"standard_error":112484.80711059598},"median":{"confidence_interval":{"confidence_level":0.95,"lower_bound":1023084963.0,"upper_bound":1023615684.5},"point_estimate":1023377911.75,"standard_error":129486.35830070807},"median_abs_dev":{"confidence_interval":{"confidence_level":0.95,"lower_bound":78918.79659891129,"upper_bound":646729.3823182583},"point_estimate":354907.0055991411,"standard_error":150683.17961164808},"slope":null,"std_dev":{"confidence_interval":{"confidence_level":0.95,"lower_bound":196207.5612674868,"upper_bound":487273.872091444},"point_estimate":376159.4716401136,"standard_error":76215.55052387652}}