{"mean":{"confidence_interval":{"confidence_level":0.95,"lower_bound":-0.09525209686033555,"upper_bound":-0.09285135145441355},"point_estimate":-0.09406073938827753,"standard_error":0.0006121557851027419},"median":{"confidence_interval":{"confidence_level":0.95,"lower_bound":-0.09562383601792013,"upper_bound":-0.09261732555193691},"point_estimate":-0.0942735249594141,"standard_error":0.0008079035031700554}}