{"mean":{"confidence_interval":{"confidence_level":0.95,"lower_bound":-0.09544037932212766,"upper_bound":-0.09215990792623284},"point_estimate":-0.093802071820272,"standard_error":0.0008364822001692038},"median":{"confidence_interval":{"confidence_level":0.95,"lower_bound":-0.09653971388751192,"upper_bound":-0.09161602625550225},"point_estimate":-0.09409131003079207,"standard_error":0.0012067632762546578}}