{"mean":{"confidence_interval":{"confidence_level":0.95,"lower_bound":-0.045228990382115815,"upper_bound":-0.021744113399220395},"point_estimate":-0.03306123448329312,"standard_error":0.006006845451707778},"median":{"confidence_interval":{"confidence_level":0.95,"lower_bound":-0.05969387082871214,"upper_bound":-0.016392176422213578},"point_estimate":-0.019807280473235434,"standard_error":0.012520210607504523}}