{"mean":{"confidence_interval":{"confidence_level":0.95,"lower_bound":2188076521.4,"upper_bound":2194157044.1475},"point_estimate":2190965063.5,"standard_error":1556929.6744224129},"median":{"confidence_interval":{"confidence_level":0.95,"lower_bound":2186944428.0,"upper_bound":2195376154.0},"point_estimate":2189955979.5,"standard_error":2118207.79093727},"median_abs_dev":{"confidence_interval":{"confidence_level":0.95,"lower_bound":992847.5352734327,"upper_bound":8275984.248071909},"point_estimate":4677985.427749157,"standard_error":1978415.7467135366},"slope":null,"std_dev":{"confidence_interval":{"confidence_level":0.95,"lower_bound":2596528.896167274,"upper_bound":6585808.962490655},"point_estimate":5201193.074913555,"standard_error":1008742.2368215128}}