{"mean":{"confidence_interval":{"confidence_level":0.95,"lower_bound":1107963754.39625,"upper_bound":1111092167.25},"point_estimate":1109321154.65,"standard_error":807353.4311474441},"median":{"confidence_interval":{"confidence_level":0.95,"lower_bound":1107561551.0,"upper_bound":1109743223.75},"point_estimate":1109283359.75,"standard_error":569523.5590865121},"median_abs_dev":{"confidence_interval":{"confidence_level":0.95,"lower_bound":85212.06283718348,"upper_bound":3088129.3535247445},"point_estimate":1171171.694907546,"standard_error":785836.746733999},"slope":null,"std_dev":{"confidence_interval":{"confidence_level":0.95,"lower_bound":767632.3672823469,"upper_bound":3943414.2009218596},"point_estimate":2694487.299709003,"standard_error":949660.1001425593}}