{"mean":{"confidence_interval":{"confidence_level":0.95,"lower_bound":2000000886.595,"upper_bound":2006773098.6},"point_estimate":2003435160.9,"standard_error":1734693.7764093995},"median":{"confidence_interval":{"confidence_level":0.95,"lower_bound":1998735262.5,"upper_bound":2007651427.0},"point_estimate":2004714651.5,"standard_error":2108429.396062814},"median_abs_dev":{"confidence_interval":{"confidence_level":0.95,"lower_bound":618600.0130176544,"upper_bound":9559184.162190557},"point_estimate":6221201.501351595,"standard_error":2473216.2205333617},"slope":null,"std_dev":{"confidence_interval":{"confidence_level":0.95,"lower_bound":3076161.902803579,"upper_bound":7468539.9141654195},"point_estimate":5796420.032445629,"standard_error":1126767.336533581}}