{"mean":{"confidence_interval":{"confidence_level":0.95,"lower_bound":1793107369.11375,"upper_bound":1800968089.35},"point_estimate":1796262254.35,"standard_error":2112732.9977083197},"median":{"confidence_interval":{"confidence_level":0.95,"lower_bound":1792530999.25,"upper_bound":1797266883.25},"point_estimate":1794038467.5,"standard_error":1178655.4916840019},"median_abs_dev":{"confidence_interval":{"confidence_level":0.95,"lower_bound":451081.4126417041,"upper_bound":5459449.047875404},"point_estimate":2932792.9064825177,"standard_error":1458604.5698754748},"slope":null,"std_dev":{"confidence_interval":{"confidence_level":0.95,"lower_bound":1514803.3791141754,"upper_bound":10581394.509713423},"point_estimate":7020243.078950278,"standard_error":2938913.045836676}}