{"mean":{"confidence_interval":{"confidence_level":0.95,"lower_bound":-0.10060051061026225,"upper_bound":-0.09513247994294896},"point_estimate":-0.09832899307982046,"standard_error":0.0014232756769037352},"median":{"confidence_interval":{"confidence_level":0.95,"lower_bound":-0.1008712872203994,"upper_bound":-0.09822879968786224},"point_estimate":-0.09946860175368866,"standard_error":0.0007440425746279971}}