{"mean":{"confidence_interval":{"confidence_level":0.95,"lower_bound":-0.08838067643926639,"upper_bound":-0.08556447678448033},"point_estimate":-0.08725110262991731,"standard_error":0.0007238775962709463},"median":{"confidence_interval":{"confidence_level":0.95,"lower_bound":-0.08848323668423119,"upper_bound":-0.08662926965244433},"point_estimate":-0.0878523282027267,"standard_error":0.0004162822898902844}}