{"mean":{"confidence_interval":{"confidence_level":0.95,"lower_bound":-0.08764464607829608,"upper_bound":-0.07885030868679424},"point_estimate":-0.08299881406846366,"standard_error":0.0022532679904664816},"median":{"confidence_interval":{"confidence_level":0.95,"lower_bound":-0.0899541224759598,"upper_bound":-0.07689093697186289},"point_estimate":-0.07900759899792131,"standard_error":0.004042492719092572}}