{"mean":{"confidence_interval":{"confidence_level":0.95,"lower_bound":-0.09045026799709699,"upper_bound":-0.08810646532991145},"point_estimate":-0.08936058034267735,"standard_error":0.0005940167932413443},"median":{"confidence_interval":{"confidence_level":0.95,"lower_bound":-0.09059987574271766,"upper_bound":-0.08810223431335495},"point_estimate":-0.08949921884995049,"standard_error":0.0005918683263540561}}