{"mean":{"confidence_interval":{"confidence_level":0.95,"lower_bound":3525301158.505,"upper_bound":3532865516.97},"point_estimate":3529216380.8,"standard_error":1945265.9179610142},"median":{"confidence_interval":{"confidence_level":0.95,"lower_bound":3524367054.0,"upper_bound":3533579907.5},"point_estimate":3530829386.0,"standard_error":2313930.253020844},"median_abs_dev":{"confidence_interval":{"confidence_level":0.95,"lower_bound":518423.6979961395,"upper_bound":10870973.051601648},"point_estimate":4337134.9525004625,"standard_error":2823218.613082692},"slope":null,"std_dev":{"confidence_interval":{"confidence_level":0.95,"lower_bound":3110793.459695389,"upper_bound":8171120.020678684},"point_estimate":6469855.615476263,"standard_error":1252973.9759010128}}