{"mean":{"confidence_interval":{"confidence_level":0.95,"lower_bound":-0.07702224379062232,"upper_bound":-0.07356420193542626},"point_estimate":-0.07526326142852457,"standard_error":0.0008812513204525668},"median":{"confidence_interval":{"confidence_level":0.95,"lower_bound":-0.07699678945272148,"upper_bound":-0.07295859723081788},"point_estimate":-0.075053743591324,"standard_error":0.0010454585150338539}}