{"mean":{"confidence_interval":{"confidence_level":0.95,"lower_bound":-0.09596647551742761,"upper_bound":-0.09022839307273381},"point_estimate":-0.09315322265632475,"standard_error":0.0014769072923487185},"median":{"confidence_interval":{"confidence_level":0.95,"lower_bound":-0.09697612676260703,"upper_bound":-0.09067159546264736},"point_estimate":-0.0936172849456185,"standard_error":0.0018806503943649881}}