{"mean":{"confidence_interval":{"confidence_level":0.95,"lower_bound":3088795930.5,"upper_bound":3103017328.7375},"point_estimate":3096583137.5,"standard_error":3657164.1388590173},"median":{"confidence_interval":{"confidence_level":0.95,"lower_bound":3089019828.0,"upper_bound":3105975636.5},"point_estimate":3099108458.0,"standard_error":3966644.8640975216},"median_abs_dev":{"confidence_interval":{"confidence_level":0.95,"lower_bound":1940774.5152443647,"upper_bound":18466308.99515748},"point_estimate":11148599.533572793,"standard_error":4255103.447272322},"slope":null,"std_dev":{"confidence_interval":{"confidence_level":0.95,"lower_bound":4821253.477458722,"upper_bound":16769535.925949419},"point_estimate":12185716.05447658,"standard_error":3330811.282253714}}