{"mean":{"confidence_interval":{"confidence_level":0.95,"lower_bound":-0.09565925551689959,"upper_bound":-0.09049073250264944},"point_estimate":-0.09297319658362257,"standard_error":0.0013096153590905415},"median":{"confidence_interval":{"confidence_level":0.95,"lower_bound":-0.0938806726043726,"upper_bound":-0.09073578665547166},"point_estimate":-0.0924842707084742,"standard_error":0.0008367076803166466}}