{"mean":{"confidence_interval":{"confidence_level":0.95,"lower_bound":212963618.17419046,"upper_bound":213171342.95825398},"point_estimate":213075871.86158732,"standard_error":53223.97161852184},"median":{"confidence_interval":{"confidence_level":0.95,"lower_bound":212970029.11666667,"upper_bound":213196079.0},"point_estimate":213130941.78571427,"standard_error":68147.50492982521},"median_abs_dev":{"confidence_interval":{"confidence_level":0.95,"lower_bound":18566.546520403157,"upper_bound":280591.75604851823},"point_estimate":144902.476757455,"standard_error":66538.4295312982},"slope":{"confidence_interval":{"confidence_level":0.95,"lower_bound":213043122.77492058,"upper_bound":213226445.08630136},"point_estimate":213129584.74155843,"standard_error":48324.05563193744},"std_dev":{"confidence_interval":{"confidence_level":0.95,"lower_bound":82205.59600014769,"upper_bound":240289.86638598956},"point_estimate":177589.04513788942,"standard_error":44219.386330513626}}