{"mean":{"confidence_interval":{"confidence_level":0.95,"lower_bound":2241497734.9,"upper_bound":2257567295.7},"point_estimate":2247902739.1,"standard_error":4352984.554608704},"median":{"confidence_interval":{"confidence_level":0.95,"lower_bound":2239652183.0,"upper_bound":2248589200.5},"point_estimate":2245133986.5,"standard_error":2843289.5744172665},"median_abs_dev":{"confidence_interval":{"confidence_level":0.95,"lower_bound":1034883.6923271418,"upper_bound":11830585.143265128},"point_estimate":6598142.16645956,"standard_error":2657667.7662864146},"slope":null,"std_dev":{"confidence_interval":{"confidence_level":0.95,"lower_bound":3404255.3930188245,"upper_bound":21914739.349464044},"point_estimate":14466589.388387695,"standard_error":6228733.356900246}}