{"mean":{"confidence_interval":{"confidence_level":0.95,"lower_bound":3544309304.6925,"upper_bound":3552057153.4},"point_estimate":3547981141.1,"standard_error":1983843.1441357927},"median":{"confidence_interval":{"confidence_level":0.95,"lower_bound":3542466402.5,"upper_bound":3553191384.0},"point_estimate":3546968807.5,"standard_error":3268854.5654896204},"median_abs_dev":{"confidence_interval":{"confidence_level":0.95,"lower_bound":838274.6272176504,"upper_bound":11935622.903600335},"point_estimate":6868699.611756206,"standard_error":2798071.332443376},"slope":null,"std_dev":{"confidence_interval":{"confidence_level":0.95,"lower_bound":3756756.3721687333,"upper_bound":8491089.140611846},"point_estimate":6624692.267953055,"standard_error":1294295.1677949578}}