{"mean":{"confidence_interval":{"confidence_level":0.95,"lower_bound":929270686.6666667,"upper_bound":932507368.9625001},"point_estimate":930557208.9666666,"standard_error":875869.5367773252},"median":{"confidence_interval":{"confidence_level":0.95,"lower_bound":929034760.6666666,"upper_bound":930937241.0},"point_estimate":929491632.8333333,"standard_error":478994.03660110786},"median_abs_dev":{"confidence_interval":{"confidence_level":0.95,"lower_bound":193967.0719563961,"upper_bound":2337234.3503057957},"point_estimate":810162.3078166555,"standard_error":567652.037840886},"slope":null,"std_dev":{"confidence_interval":{"confidence_level":0.95,"lower_bound":413253.5466805246,"upper_bound":4383305.1647660835},"point_estimate":2916794.4153947076,"standard_error":1237441.431593419}}