{"mean":{"confidence_interval":{"confidence_level":0.95,"lower_bound":0.010311360080529536,"upper_bound":0.01633139214261063},"point_estimate":0.01383876419345964,"standard_error":0.0015977644608701894},"median":{"confidence_interval":{"confidence_level":0.95,"lower_bound":0.012633931300671586,"upper_bound":0.016661636834322646},"point_estimate":0.015649784054101,"standard_error":0.0009742090466862505}}