{"mean":{"confidence_interval":{"confidence_level":0.95,"lower_bound":951704705.4566666,"upper_bound":952975565.8333334},"point_estimate":952315614.7,"standard_error":325132.82642505626},"median":{"confidence_interval":{"confidence_level":0.95,"lower_bound":951337903.3333333,"upper_bound":953137536.0},"point_estimate":952176903.3333333,"standard_error":505058.7430209357},"median_abs_dev":{"confidence_interval":{"confidence_level":0.95,"lower_bound":285178.59913703834,"upper_bound":1858869.2680985031},"point_estimate":1237383.3742320833,"standard_error":405849.999635626},"slope":null,"std_dev":{"confidence_interval":{"confidence_level":0.95,"lower_bound":612841.1807560502,"upper_bound":1359904.3169247843},"point_estimate":1084807.035625417,"standard_error":195361.18468915054}}