{"mean":{"confidence_interval":{"confidence_level":0.95,"lower_bound":-0.11192728726922044,"upper_bound":-0.10338012709448928},"point_estimate":-0.1071197676807123,"standard_error":0.0022262698150428335},"median":{"confidence_interval":{"confidence_level":0.95,"lower_bound":-0.10950932291258975,"upper_bound":-0.10310763561175051},"point_estimate":-0.10422146647551489,"standard_error":0.0016828174115853711}}