{"mean":{"confidence_interval":{"confidence_level":0.95,"lower_bound":3844973339.3,"upper_bound":3858331230.3},"point_estimate":3851527176.9,"standard_error":3413321.352929682},"median":{"confidence_interval":{"confidence_level":0.95,"lower_bound":3842836361.0,"upper_bound":3861445443.0},"point_estimate":3849547008.0,"standard_error":4718699.03586746},"median_abs_dev":{"confidence_interval":{"confidence_level":0.95,"lower_bound":2476861.168026924,"upper_bound":19881779.80722785},"point_estimate":10961940.196886659,"standard_error":4421275.182491504},"slope":null,"std_dev":{"confidence_interval":{"confidence_level":0.95,"lower_bound":6492936.107714825,"upper_bound":14148694.142400753},"point_estimate":11380972.957537148,"standard_error":1930279.7817676952}}