{"mean":{"confidence_interval":{"confidence_level":0.95,"lower_bound":2934946106.1525,"upper_bound":2941978125.2},"point_estimate":2938059298.1,"standard_error":1820964.92350068},"median":{"confidence_interval":{"confidence_level":0.95,"lower_bound":2933567512.0,"upper_bound":2940625424.5},"point_estimate":2936520913.0,"standard_error":1595804.1312127071},"median_abs_dev":{"confidence_interval":{"confidence_level":0.95,"lower_bound":560003.9555579424,"upper_bound":8321778.796058893},"point_estimate":4450595.363286138,"standard_error":2031780.0187789332},"slope":null,"std_dev":{"confidence_interval":{"confidence_level":0.95,"lower_bound":1897877.5379243593,"upper_bound":8425138.339078829},"point_estimate":6081740.157492197,"standard_error":1788025.3520772818}}