{"mean":{"confidence_interval":{"confidence_level":0.95,"lower_bound":-0.036895579274789585,"upper_bound":-0.023546579979036673},"point_estimate":-0.02916739637267174,"standard_error":0.00353360135871278},"median":{"confidence_interval":{"confidence_level":0.95,"lower_bound":-0.03235856003231663,"upper_bound":-0.02290451643535274},"point_estimate":-0.023973884228099984,"standard_error":0.002169066236397921}}