{"mean":{"confidence_interval":{"confidence_level":0.95,"lower_bound":-0.090712523106376,"upper_bound":-0.0870469040508548},"point_estimate":-0.08890464196455639,"standard_error":0.0009391801777417644},"median":{"confidence_interval":{"confidence_level":0.95,"lower_bound":-0.09168484651867115,"upper_bound":-0.085787991892042},"point_estimate":-0.0880771314015073,"standard_error":0.0013934469187681822}}