{"mean":{"confidence_interval":{"confidence_level":0.95,"lower_bound":-0.0736499173482124,"upper_bound":-0.06173190948417187},"point_estimate":-0.06774283269964532,"standard_error":0.0030491348559046573},"median":{"confidence_interval":{"confidence_level":0.95,"lower_bound":-0.07731151325593877,"upper_bound":-0.05719219710693846},"point_estimate":-0.06778457236753876,"standard_error":0.006272895601605419}}