{"mean":{"confidence_interval":{"confidence_level":0.95,"lower_bound":-0.01653049106302566,"upper_bound":0.001107048645549029},"point_estimate":-0.009835210716694132,"standard_error":0.004633051773425744},"median":{"confidence_interval":{"confidence_level":0.95,"lower_bound":-0.016093874030910005,"upper_bound":-0.013758529795183105},"point_estimate":-0.01551402836911131,"standard_error":0.0008674027235509173}}