{"mean":{"confidence_interval":{"confidence_level":0.95,"lower_bound":-0.13017360638354908,"upper_bound":-0.11419777295046744},"point_estimate":-0.12152638986083009,"standard_error":0.004055573136019368},"median":{"confidence_interval":{"confidence_level":0.95,"lower_bound":-0.13352576522631066,"upper_bound":-0.11066312235241837},"point_estimate":-0.11966473732322913,"standard_error":0.005482325194383436}}