{"mean":{"confidence_interval":{"confidence_level":0.95,"lower_bound":9802420323.4,"upper_bound":9918447933.5},"point_estimate":9859204136.2,"standard_error":29530563.983517043},"median":{"confidence_interval":{"confidence_level":0.95,"lower_bound":9774684435.0,"upper_bound":9948421279.0},"point_estimate":9862588713.0,"standard_error":41370326.015271865},"median_abs_dev":{"confidence_interval":{"confidence_level":0.95,"lower_bound":13477274.834230542,"upper_bound":169442221.95079923},"point_estimate":120510527.26061046,"standard_error":37668951.97597372},"slope":null,"std_dev":{"confidence_interval":{"confidence_level":0.95,"lower_bound":55599415.34128894,"upper_bound":124410420.85339871},"point_estimate":98558559.71563996,"standard_error":17749535.01570237}}