{"mean":{"confidence_interval":{"confidence_level":0.95,"lower_bound":-0.09935365998790831,"upper_bound":-0.09159672612291223},"point_estimate":-0.0959711214917307,"standard_error":0.0019794739059302287},"median":{"confidence_interval":{"confidence_level":0.95,"lower_bound":-0.0997735203975082,"upper_bound":-0.09413057424046345},"point_estimate":-0.09618314151698149,"standard_error":0.0014950658634999324}}