{"mean":{"confidence_interval":{"confidence_level":0.95,"lower_bound":1300018953.05,"upper_bound":1304810169.1575},"point_estimate":1302500122.25,"standard_error":1228020.549704828},"median":{"confidence_interval":{"confidence_level":0.95,"lower_bound":1299105165.25,"upper_bound":1306278323.75},"point_estimate":1302741088.5,"standard_error":2036973.6771910563},"median_abs_dev":{"confidence_interval":{"confidence_level":0.95,"lower_bound":424679.2723104358,"upper_bound":7445523.664015532},"point_estimate":5010779.454740882,"standard_error":2017224.472974106},"slope":null,"std_dev":{"confidence_interval":{"confidence_level":0.95,"lower_bound":2309935.3945744694,"upper_bound":5025113.208130011},"point_estimate":4100771.30134732,"standard_error":705675.2402170412}}