{"mean":{"confidence_interval":{"confidence_level":0.95,"lower_bound":-0.13758296310273446,"upper_bound":-0.12243851644599794},"point_estimate":-0.1294718269059535,"standard_error":0.0039178505699764676},"median":{"confidence_interval":{"confidence_level":0.95,"lower_bound":-0.13822704190292734,"upper_bound":-0.11763503152635946},"point_estimate":-0.12813718972914812,"standard_error":0.00561658740586626}}