{"mean":{"confidence_interval":{"confidence_level":0.95,"lower_bound":2332730986.6775,"upper_bound":2336529714.2},"point_estimate":2334635010.5,"standard_error":976844.6580915394},"median":{"confidence_interval":{"confidence_level":0.95,"lower_bound":2330956990.0,"upper_bound":2338024880.0},"point_estimate":2334864693.5,"standard_error":1781945.122097816},"median_abs_dev":{"confidence_interval":{"confidence_level":0.95,"lower_bound":401091.47737920284,"upper_bound":5308956.996247172},"point_estimate":4687402.1614819765,"standard_error":1339117.8914959251},"slope":null,"std_dev":{"confidence_interval":{"confidence_level":0.95,"lower_bound":2116679.7514031157,"upper_bound":3792656.2362646335},"point_estimate":3262147.4573940895,"standard_error":427638.57521311945}}