{"mean":{"confidence_interval":{"confidence_level":0.95,"lower_bound":-0.09629576300755709,"upper_bound":-0.09341060906379095},"point_estimate":-0.09482050248172857,"standard_error":0.0007307898612731392},"median":{"confidence_interval":{"confidence_level":0.95,"lower_bound":-0.095793040132551,"upper_bound":-0.09249164715595759},"point_estimate":-0.09442635708047986,"standard_error":0.0008731457368775455}}