{"mean":{"confidence_interval":{"confidence_level":0.95,"lower_bound":1637273750.37875,"upper_bound":1639436703.49125},"point_estimate":1638326669.05,"standard_error":553849.8704907664},"median":{"confidence_interval":{"confidence_level":0.95,"lower_bound":1636793453.0,"upper_bound":1639959790.75},"point_estimate":1638255866.0,"standard_error":739750.8898992678},"median_abs_dev":{"confidence_interval":{"confidence_level":0.95,"lower_bound":160519.98720020056,"upper_bound":3379153.3501580358},"point_estimate":1406032.9512879252,"standard_error":806813.8198570217},"slope":null,"std_dev":{"confidence_interval":{"confidence_level":0.95,"lower_bound":995599.5950446335,"upper_bound":2309833.8059511613},"point_estimate":1849305.4686220333,"standard_error":334700.20049437584}}