{"mean":{"confidence_interval":{"confidence_level":0.95,"lower_bound":1606675184.2450001,"upper_bound":1613209747.05},"point_estimate":1609405179.5,"standard_error":1720927.4070855668},"median":{"confidence_interval":{"confidence_level":0.95,"lower_bound":1606279597.75,"upper_bound":1610885907.5},"point_estimate":1607235025.75,"standard_error":1171127.1275676403},"median_abs_dev":{"confidence_interval":{"confidence_level":0.95,"lower_bound":309744.01740224846,"upper_bound":6188988.310423493},"point_estimate":1580082.4045479298,"standard_error":1535547.172603808},"slope":null,"std_dev":{"confidence_interval":{"confidence_level":0.95,"lower_bound":965747.6748836607,"upper_bound":8313310.347135827},"point_estimate":5731775.434083579,"standard_error":2109279.409865088}}