{"mean":{"confidence_interval":{"confidence_level":0.95,"lower_bound":1773000.4374747474,"upper_bound":1796662.743718254},"point_estimate":1784401.1425396826,"standard_error":6085.924674850377},"median":{"confidence_interval":{"confidence_level":0.95,"lower_bound":1767453.8181818181,"upper_bound":1801725.5753246753},"point_estimate":1778735.3409090908,"standard_error":11112.906656872608},"median_abs_dev":{"confidence_interval":{"confidence_level":0.95,"lower_bound":921.7189254544123,"upper_bound":31879.430717663356},"point_estimate":22150.25925766328,"standard_error":8696.094274012998},"slope":{"confidence_interval":{"confidence_level":0.95,"lower_bound":1783815.8133349812,"upper_bound":1806399.2251260034},"point_estimate":1797351.5152302242,"standard_error":5614.012595972549},"std_dev":{"confidence_interval":{"confidence_level":0.95,"lower_bound":11944.72507672168,"upper_bound":24771.891576823098},"point_estimate":20223.44436644194,"standard_error":3342.3247238955387}}