{"mean":{"confidence_interval":{"confidence_level":0.95,"lower_bound":2034946777.0400002,"upper_bound":2043144002.7},"point_estimate":2038471331.7,"standard_error":2116539.083400958},"median":{"confidence_interval":{"confidence_level":0.95,"lower_bound":2034324759.0,"upper_bound":2040897482.0},"point_estimate":2037032536.5,"standard_error":1765579.7634125624},"median_abs_dev":{"confidence_interval":{"confidence_level":0.95,"lower_bound":1116824.7689723969,"upper_bound":8032995.749285817},"point_estimate":4620693.316966295,"standard_error":1825954.5299190544},"slope":null,"std_dev":{"confidence_interval":{"confidence_level":0.95,"lower_bound":2327112.031369852,"upper_bound":10247785.61981685},"point_estimate":7044834.701537606,"standard_error":2414119.8941271356}}