{"mean":{"confidence_interval":{"confidence_level":0.95,"lower_bound":2284440039.615,"upper_bound":2293632574.9},"point_estimate":2289149868.5,"standard_error":2362404.7881327476},"median":{"confidence_interval":{"confidence_level":0.95,"lower_bound":2279900509.0,"upper_bound":2296132386.0},"point_estimate":2291894973.0,"standard_error":4892740.175664902},"median_abs_dev":{"confidence_interval":{"confidence_level":0.95,"lower_bound":508252.32087671757,"upper_bound":12073286.758956313},"point_estimate":7911515.213942528,"standard_error":3328825.1687266063},"slope":null,"std_dev":{"confidence_interval":{"confidence_level":0.95,"lower_bound":5181278.251587477,"upper_bound":8761444.98356746},"point_estimate":7852195.084816365,"standard_error":954306.8726103964}}