{"mean":{"confidence_interval":{"confidence_level":0.95,"lower_bound":2850773903.835,"upper_bound":2855021504.7425},"point_estimate":2852776445.6,"standard_error":1090431.9689015592},"median":{"confidence_interval":{"confidence_level":0.95,"lower_bound":2850036030.0,"upper_bound":2855047401.0},"point_estimate":2852492935.5,"standard_error":1357118.0976118257},"median_abs_dev":{"confidence_interval":{"confidence_level":0.95,"lower_bound":344784.55427885056,"upper_bound":5925322.731104493},"point_estimate":3459422.424682975,"standard_error":1392821.4318559095},"slope":null,"std_dev":{"confidence_interval":{"confidence_level":0.95,"lower_bound":1700907.778850035,"upper_bound":4726442.266170215},"point_estimate":3631450.1641467083,"standard_error":791749.7489900935}}