{"mean":{"confidence_interval":{"confidence_level":0.95,"lower_bound":1158887388.85,"upper_bound":1161082769.3799999},"point_estimate":1160110760.15,"standard_error":568165.594548522},"median":{"confidence_interval":{"confidence_level":0.95,"lower_bound":1159313158.0,"upper_bound":1161209194.0},"point_estimate":1160553010.5,"standard_error":470009.37636690243},"median_abs_dev":{"confidence_interval":{"confidence_level":0.95,"lower_bound":297674.9401152134,"upper_bound":2401706.3221111894},"point_estimate":1018656.2649652362,"standard_error":557570.8010719648},"slope":null,"std_dev":{"confidence_interval":{"confidence_level":0.95,"lower_bound":628495.6161579742,"upper_bound":2723196.431097012},"point_estimate":1891122.6669965715,"standard_error":619504.6671760939}}