{"mean":{"confidence_interval":{"confidence_level":0.95,"lower_bound":3276827001.5325,"upper_bound":3282247893.5},"point_estimate":3279524722.5,"standard_error":1391661.304474143},"median":{"confidence_interval":{"confidence_level":0.95,"lower_bound":3275150183.5,"upper_bound":3283948218.5},"point_estimate":3280014335.0,"standard_error":2334175.7592337527},"median_abs_dev":{"confidence_interval":{"confidence_level":0.95,"lower_bound":793924.1316050291,"upper_bound":8012054.024657607},"point_estimate":6275264.509391785,"standard_error":1913779.7591421506},"slope":null,"std_dev":{"confidence_interval":{"confidence_level":0.95,"lower_bound":2898379.8363734446,"upper_bound":5537255.027085521},"point_estimate":4637418.800866689,"standard_error":678787.4609947716}}