{"mean":{"confidence_interval":{"confidence_level":0.95,"lower_bound":-0.1198126028990007,"upper_bound":-0.09823321218850396},"point_estimate":-0.10948371271272195,"standard_error":0.005445230829928367},"median":{"confidence_interval":{"confidence_level":0.95,"lower_bound":-0.12543756454336275,"upper_bound":-0.10253023646915338},"point_estimate":-0.10731672033278228,"standard_error":0.006697408141165137}}