{"mean":{"confidence_interval":{"confidence_level":0.95,"lower_bound":-0.09384713023311934,"upper_bound":-0.09009358615599691},"point_estimate":-0.0921227521644904,"standard_error":0.0009641930330704043},"median":{"confidence_interval":{"confidence_level":0.95,"lower_bound":-0.09468522841274274,"upper_bound":-0.08973477513763617},"point_estimate":-0.09232306487418473,"standard_error":0.0011016778390035167}}