{"mean":{"confidence_interval":{"confidence_level":0.95,"lower_bound":3952620464.5425,"upper_bound":3959287626.95},"point_estimate":3956000222.5,"standard_error":1703828.5609821226},"median":{"confidence_interval":{"confidence_level":0.95,"lower_bound":3950559732.0,"upper_bound":3959797883.5},"point_estimate":3956499026.5,"standard_error":1883949.768728775},"median_abs_dev":{"confidence_interval":{"confidence_level":0.95,"lower_bound":236334.5901042223,"upper_bound":10139397.437989712},"point_estimate":5821267.193251848,"standard_error":2891128.064407428},"slope":null,"std_dev":{"confidence_interval":{"confidence_level":0.95,"lower_bound":2953196.52049659,"upper_bound":7361452.84423636},"point_estimate":5695668.756364129,"standard_error":1122903.532110828}}