{"mean":{"confidence_interval":{"confidence_level":0.95,"lower_bound":-0.0381029344803198,"upper_bound":-0.00905870306299821},"point_estimate":-0.023390580476240874,"standard_error":0.007322299640086259},"median":{"confidence_interval":{"confidence_level":0.95,"lower_bound":-0.03273308631824501,"upper_bound":-0.012708708794177181},"point_estimate":-0.01834736989808028,"standard_error":0.004984341642947061}}