{"mean":{"confidence_interval":{"confidence_level":0.95,"lower_bound":-0.0891275297930161,"upper_bound":-0.08041999178736137},"point_estimate":-0.08465076458866294,"standard_error":0.002219569848342638},"median":{"confidence_interval":{"confidence_level":0.95,"lower_bound":-0.08917661339531813,"upper_bound":-0.07734735396404979},"point_estimate":-0.079620540525554,"standard_error":0.0034921230985533484}}