{"mean":{"confidence_interval":{"confidence_level":0.95,"lower_bound":1.5319339388260445,"upper_bound":1.5647197894533413},"point_estimate":1.5473267475224688,"standard_error":0.00845240456524572},"median":{"confidence_interval":{"confidence_level":0.95,"lower_bound":1.5289248742258374,"upper_bound":1.5650194384535632},"point_estimate":1.5416642318919829,"standard_error":0.00878858051958285}}