{"mean":{"confidence_interval":{"confidence_level":0.95,"lower_bound":759653096.4258333,"upper_bound":764009257.7},"point_estimate":761316065.8666667,"standard_error":1220748.4351464263},"median":{"confidence_interval":{"confidence_level":0.95,"lower_bound":759477953.3333334,"upper_bound":761142964.0},"point_estimate":759796720.3333333,"standard_error":550527.0749545421},"median_abs_dev":{"confidence_interval":{"confidence_level":0.95,"lower_bound":90818.88528764248,"upper_bound":2210592.1431541443},"point_estimate":512041.5993093266,"standard_error":637113.0659271008},"slope":null,"std_dev":{"confidence_interval":{"confidence_level":0.95,"lower_bound":286291.87648364645,"upper_bound":6195792.138895788},"point_estimate":4059787.803629304,"standard_error":1911972.7253433403}}