{"mean":{"confidence_interval":{"confidence_level":0.95,"lower_bound":1202302411.6,"upper_bound":1208882629.995},"point_estimate":1204854805.0,"standard_error":1815058.4385892674},"median":{"confidence_interval":{"confidence_level":0.95,"lower_bound":1202067588.5,"upper_bound":1204691282.5},"point_estimate":1203532014.0,"standard_error":811413.0785055652},"median_abs_dev":{"confidence_interval":{"confidence_level":0.95,"lower_bound":243563.37692588568,"upper_bound":3713882.5407654047},"point_estimate":1754771.2290465832,"standard_error":944014.2500500565},"slope":null,"std_dev":{"confidence_interval":{"confidence_level":0.95,"lower_bound":991238.5589635883,"upper_bound":9230288.178410659},"point_estimate":6041997.728694298,"standard_error":2767225.4780318076}}