{"mean":{"confidence_interval":{"confidence_level":0.95,"lower_bound":1140891198.2,"upper_bound":1146777525.78},"point_estimate":1143547159.3,"standard_error":1516209.091309441},"median":{"confidence_interval":{"confidence_level":0.95,"lower_bound":1139861531.0,"upper_bound":1146483806.0},"point_estimate":1141675733.25,"standard_error":2181315.745375201},"median_abs_dev":{"confidence_interval":{"confidence_level":0.95,"lower_bound":334639.122658968,"upper_bound":8683086.927044392},"point_estimate":3796139.7818550467,"standard_error":2145019.2514218576},"slope":null,"std_dev":{"confidence_interval":{"confidence_level":0.95,"lower_bound":2347551.608301332,"upper_bound":6909891.0170385605},"point_estimate":5060188.40981146,"standard_error":1313662.5777246412}}