{"mean":{"confidence_interval":{"confidence_level":0.95,"lower_bound":-0.08898393993056021,"upper_bound":-0.08721737562928289},"point_estimate":-0.08816267460479932,"standard_error":0.00045803603129990027},"median":{"confidence_interval":{"confidence_level":0.95,"lower_bound":-0.08936034114260594,"upper_bound":-0.08685581535176456},"point_estimate":-0.08812404538897789,"standard_error":0.0006334372307941698}}