{"mean":{"confidence_interval":{"confidence_level":0.95,"lower_bound":0.0019117726978321761,"upper_bound":0.014830368047265586},"point_estimate":0.009412792137990511,"standard_error":0.00342044135708489},"median":{"confidence_interval":{"confidence_level":0.95,"lower_bound":0.009523049676728457,"upper_bound":0.016189395561656772},"point_estimate":0.012591494434477157,"standard_error":0.0016781353325436084}}