{"mean":{"confidence_interval":{"confidence_level":0.95,"lower_bound":-0.0831806215107002,"upper_bound":-0.08049549810208412},"point_estimate":-0.08190746401160831,"standard_error":0.0006811853780579843},"median":{"confidence_interval":{"confidence_level":0.95,"lower_bound":-0.08355321786377012,"upper_bound":-0.08031333515339772},"point_estimate":-0.08187429317377182,"standard_error":0.0007896619031920572}}