{"mean":{"confidence_interval":{"confidence_level":0.95,"lower_bound":1337522805.75,"upper_bound":1339646606.5},"point_estimate":1338488435.7,"standard_error":544466.2778897992},"median":{"confidence_interval":{"confidence_level":0.95,"lower_bound":1337012686.0,"upper_bound":1339668218.0},"point_estimate":1337725798.0,"standard_error":893739.9738803682},"median_abs_dev":{"confidence_interval":{"confidence_level":0.95,"lower_bound":120645.09025812149,"upper_bound":3597482.875531912},"point_estimate":1177904.9226880074,"standard_error":897759.9500570322},"slope":null,"std_dev":{"confidence_interval":{"confidence_level":0.95,"lower_bound":884267.4745218424,"upper_bound":2403498.070075375},"point_estimate":1810759.0145537222,"standard_error":416676.9357358565}}