{"mean":{"confidence_interval":{"confidence_level":0.95,"lower_bound":-0.11201641629394471,"upper_bound":-0.09748301835790639},"point_estimate":-0.10503222432765502,"standard_error":0.003714676856773469},"median":{"confidence_interval":{"confidence_level":0.95,"lower_bound":-0.11802326801782148,"upper_bound":-0.0990132814153507},"point_estimate":-0.10259632419192388,"standard_error":0.00617816741479072}}