{"mean":{"confidence_interval":{"confidence_level":0.95,"lower_bound":1512448938.7150002,"upper_bound":1521818774.35625},"point_estimate":1515903837.15,"standard_error":2693451.7874917123},"median":{"confidence_interval":{"confidence_level":0.95,"lower_bound":1512089875.75,"upper_bound":1514592462.5},"point_estimate":1513413492.25,"standard_error":943704.1485586091},"median_abs_dev":{"confidence_interval":{"confidence_level":0.95,"lower_bound":602133.8870599866,"upper_bound":3425059.4637930393},"point_estimate":1817628.2788306475,"standard_error":1039132.0486297803},"slope":null,"std_dev":{"confidence_interval":{"confidence_level":0.95,"lower_bound":979717.6153850489,"upper_bound":13838705.743669212},"point_estimate":9002205.071429634,"standard_error":4531902.225230399}}