{"mean":{"confidence_interval":{"confidence_level":0.95,"lower_bound":2574416013.1325,"upper_bound":2582072952.33},"point_estimate":2578265665.8,"standard_error":1955356.7028966206},"median":{"confidence_interval":{"confidence_level":0.95,"lower_bound":2574587791.0,"upper_bound":2583243497.5},"point_estimate":2577462716.5,"standard_error":1991415.2131871062},"median_abs_dev":{"confidence_interval":{"confidence_level":0.95,"lower_bound":991599.9273955822,"upper_bound":11707616.818848252},"point_estimate":4755295.603376627,"standard_error":2741574.725842977},"slope":null,"std_dev":{"confidence_interval":{"confidence_level":0.95,"lower_bound":3023472.825936941,"upper_bound":8669481.049218066},"point_estimate":6512177.546847338,"standard_error":1416889.9292595508}}