{"mean":{"confidence_interval":{"confidence_level":0.95,"lower_bound":1830021723.04125,"upper_bound":1832684798.86375},"point_estimate":1831281703.55,"standard_error":682365.4119818367},"median":{"confidence_interval":{"confidence_level":0.95,"lower_bound":1829205333.5,"upper_bound":1832837388.5},"point_estimate":1831197702.0,"standard_error":1045665.1653001845},"median_abs_dev":{"confidence_interval":{"confidence_level":0.95,"lower_bound":359209.5107227564,"upper_bound":4277606.339657307},"point_estimate":2542359.0990141034,"standard_error":919938.3631893791},"slope":null,"std_dev":{"confidence_interval":{"confidence_level":0.95,"lower_bound":1255370.8832445405,"upper_bound":2971970.0383218597},"point_estimate":2276807.272443945,"standard_error":477158.5989412323}}