{"mean":{"confidence_interval":{"confidence_level":0.95,"lower_bound":-0.08059738584035263,"upper_bound":-0.07804377968820586},"point_estimate":-0.07933498544511752,"standard_error":0.0006530797869682562},"median":{"confidence_interval":{"confidence_level":0.95,"lower_bound":-0.08119189600959198,"upper_bound":-0.07797533537017709},"point_estimate":-0.07917750784309097,"standard_error":0.0008548456535849592}}