{"mean":{"confidence_interval":{"confidence_level":0.95,"lower_bound":2183269740.4,"upper_bound":2188795326.2},"point_estimate":2186057892.1,"standard_error":1416982.8687899786},"median":{"confidence_interval":{"confidence_level":0.95,"lower_bound":2181481540.0,"upper_bound":2190417051.5},"point_estimate":2185940345.0,"standard_error":2365661.788042079},"median_abs_dev":{"confidence_interval":{"confidence_level":0.95,"lower_bound":1101632.5670421124,"upper_bound":7935387.297418714},"point_estimate":5932414.006778598,"standard_error":1846883.752831768},"slope":null,"std_dev":{"confidence_interval":{"confidence_level":0.95,"lower_bound":2921123.983781319,"upper_bound":5649885.290611478},"point_estimate":4719765.9460290205,"standard_error":693857.4222985697}}