{"mean":{"confidence_interval":{"confidence_level":0.95,"lower_bound":-0.09621873398657352,"upper_bound":-0.0933211831171689},"point_estimate":-0.09484939313730434,"standard_error":0.0007527740637433179},"median":{"confidence_interval":{"confidence_level":0.95,"lower_bound":-0.09668103017073693,"upper_bound":-0.0938527891693921},"point_estimate":-0.09578622873507514,"standard_error":0.0007228299514271976}}