{"mean":{"confidence_interval":{"confidence_level":0.95,"lower_bound":-0.09664580854313423,"upper_bound":-0.09291679440011225},"point_estimate":-0.09469606932311625,"standard_error":0.0009571092187341331},"median":{"confidence_interval":{"confidence_level":0.95,"lower_bound":-0.09691612185046472,"upper_bound":-0.09248789574463345},"point_estimate":-0.09420016084065552,"standard_error":0.0010226410230650838}}