{"mean":{"confidence_interval":{"confidence_level":0.95,"lower_bound":2898322980.6975,"upper_bound":2908531622.8},"point_estimate":2903163032.8,"standard_error":2617319.025585632},"median":{"confidence_interval":{"confidence_level":0.95,"lower_bound":2896582125.0,"upper_bound":2908512543.0},"point_estimate":2901793340.5,"standard_error":3787377.683705874},"median_abs_dev":{"confidence_interval":{"confidence_level":0.95,"lower_bound":1101106.2440514565,"upper_bound":15406120.350086689},"point_estimate":7955211.882966757,"standard_error":3413425.874273266},"slope":null,"std_dev":{"confidence_interval":{"confidence_level":0.95,"lower_bound":4673994.99232147,"upper_bound":11525119.57645788},"point_estimate":8770939.166375436,"standard_error":1877358.6932052977}}