{"mean":{"confidence_interval":{"confidence_level":0.95,"lower_bound":2.608299575103277,"upper_bound":2.726891396946388},"point_estimate":2.663586726671527,"standard_error":0.030319211228104895},"median":{"confidence_interval":{"confidence_level":0.95,"lower_bound":2.5501789051480857,"upper_bound":2.790824221553937},"point_estimate":2.639890280138899,"standard_error":0.06600817351604822}}