{"mean":{"confidence_interval":{"confidence_level":0.95,"lower_bound":1520256658.06,"upper_bound":1525588699.15},"point_estimate":1522799758.35,"standard_error":1371680.754954728},"median":{"confidence_interval":{"confidence_level":0.95,"lower_bound":1518769384.5,"upper_bound":1527837416.0},"point_estimate":1521101788.25,"standard_error":2122113.2717949315},"median_abs_dev":{"confidence_interval":{"confidence_level":0.95,"lower_bound":662295.9407418966,"upper_bound":7124488.508065045},"point_estimate":3548573.7556502223,"standard_error":1750371.0274955228},"slope":null,"std_dev":{"confidence_interval":{"confidence_level":0.95,"lower_bound":2081156.6161206802,"upper_bound":5446765.762117017},"point_estimate":4584048.068584876,"standard_error":775568.5253330601}}