{"mean":{"confidence_interval":{"confidence_level":0.95,"lower_bound":1229302057.5,"upper_bound":1235076381.8},"point_estimate":1231993341.35,"standard_error":1473091.0185037993},"median":{"confidence_interval":{"confidence_level":0.95,"lower_bound":1227342016.0,"upper_bound":1233805383.5},"point_estimate":1232279592.0,"standard_error":1503385.923097827},"median_abs_dev":{"confidence_interval":{"confidence_level":0.95,"lower_bound":522911.5281164646,"upper_bound":8710309.686461091},"point_estimate":2637021.995383501,"standard_error":2177269.132616137},"slope":null,"std_dev":{"confidence_interval":{"confidence_level":0.95,"lower_bound":2264165.4485759805,"upper_bound":6762693.624789753},"point_estimate":4916963.028935889,"standard_error":1266990.1852296668}}