{"mean":{"confidence_interval":{"confidence_level":0.95,"lower_bound":-0.09106005642331615,"upper_bound":-0.08725836114663668},"point_estimate":-0.08935690816035247,"standard_error":0.0009738587911201549},"median":{"confidence_interval":{"confidence_level":0.95,"lower_bound":-0.09202083855124776,"upper_bound":-0.08723418590635768},"point_estimate":-0.08945314073105681,"standard_error":0.0012870092747249862}}