{"mean":{"confidence_interval":{"confidence_level":0.95,"lower_bound":60176680274.4,"upper_bound":60568590061.8},"point_estimate":60374565090.6,"standard_error":99586102.18589383},"median":{"confidence_interval":{"confidence_level":0.95,"lower_bound":60163383423.0,"upper_bound":60655918965.5},"point_estimate":60339163183.0,"standard_error":109985757.65307409},"median_abs_dev":{"confidence_interval":{"confidence_level":0.95,"lower_bound":75355194.09797788,"upper_bound":552479931.1905205},"point_estimate":240833024.52085912,"standard_error":136405728.20687833},"slope":null,"std_dev":{"confidence_interval":{"confidence_level":0.95,"lower_bound":148774173.68554604,"upper_bound":435578496.38523597},"point_estimate":332332556.96187276,"standard_error":69876482.44809222}}