{"mean":{"confidence_interval":{"confidence_level":0.95,"lower_bound":1157220878.2,"upper_bound":1160411374.03},"point_estimate":1158915873.6,"standard_error":821400.6359663762},"median":{"confidence_interval":{"confidence_level":0.95,"lower_bound":1156118440.5,"upper_bound":1161140600.75},"point_estimate":1159715470.5,"standard_error":1203431.748733936},"median_abs_dev":{"confidence_interval":{"confidence_level":0.95,"lower_bound":170937.84656524658,"upper_bound":4132761.140678823},"point_estimate":2139018.8881248236,"standard_error":1080096.9992582484},"slope":null,"std_dev":{"confidence_interval":{"confidence_level":0.95,"lower_bound":955778.5143733252,"upper_bound":3428698.2904220046},"point_estimate":2752976.5075854496,"standard_error":553349.452418963}}