{"mean":{"confidence_interval":{"confidence_level":0.95,"lower_bound":5427313929.8,"upper_bound":5439204376.0},"point_estimate":5432451360.4,"standard_error":3098273.1269169017},"median":{"confidence_interval":{"confidence_level":0.95,"lower_bound":5426008886.0,"upper_bound":5437655767.5},"point_estimate":5427875387.5,"standard_error":2758022.4703526413},"median_abs_dev":{"confidence_interval":{"confidence_level":0.95,"lower_bound":616770.484650135,"upper_bound":12600125.694403052},"point_estimate":3984579.3504595757,"standard_error":3141549.7346638897},"slope":null,"std_dev":{"confidence_interval":{"confidence_level":0.95,"lower_bound":2360636.0035125753,"upper_bound":14458464.612021469},"point_estimate":10318259.137648972,"standard_error":3373785.8379777274}}