{"mean":{"confidence_interval":{"confidence_level":0.95,"lower_bound":2439107480.5325,"upper_bound":2449460824.3050003},"point_estimate":2444925621.9,"standard_error":2647550.398844686},"median":{"confidence_interval":{"confidence_level":0.95,"lower_bound":2443312897.0,"upper_bound":2449100078.5},"point_estimate":2445807886.0,"standard_error":1505679.0666138004},"median_abs_dev":{"confidence_interval":{"confidence_level":0.95,"lower_bound":751721.9233542681,"upper_bound":10409437.455895543},"point_estimate":3845969.5963203907,"standard_error":2276669.701065701},"slope":null,"std_dev":{"confidence_interval":{"confidence_level":0.95,"lower_bound":2150213.740019288,"upper_bound":12884165.768783867},"point_estimate":8837219.563781843,"standard_error":3094961.7719031326}}