{"mean":{"confidence_interval":{"confidence_level":0.95,"lower_bound":-0.13389397357109867,"upper_bound":-0.13008704189635423},"point_estimate":-0.13211410268975365,"standard_error":0.0009713846985299313},"median":{"confidence_interval":{"confidence_level":0.95,"lower_bound":-0.13440366679447713,"upper_bound":-0.13016315269296952},"point_estimate":-0.1333524023284589,"standard_error":0.0010831374553939995}}