{"mean":{"confidence_interval":{"confidence_level":0.95,"lower_bound":3548609668.8,"upper_bound":3570759395.3},"point_estimate":3560378282.8,"standard_error":5690838.094187854},"median":{"confidence_interval":{"confidence_level":0.95,"lower_bound":3536405464.0,"upper_bound":3574602228.0},"point_estimate":3568324228.0,"standard_error":8826700.062290141},"median_abs_dev":{"confidence_interval":{"confidence_level":0.95,"lower_bound":1747021.6789841652,"upper_bound":29966495.992988348},"point_estimate":9696357.276955247,"standard_error":6908891.124475229},"slope":null,"std_dev":{"confidence_interval":{"confidence_level":0.95,"lower_bound":4880603.611453237,"upper_bound":22292185.16202018},"point_estimate":18981022.938745268,"standard_error":3582353.8540324913}}