{"mean":{"confidence_interval":{"confidence_level":0.95,"lower_bound":1179304464.9524999,"upper_bound":1182522847.7775002},"point_estimate":1180938608.6,"standard_error":825944.8386508577},"median":{"confidence_interval":{"confidence_level":0.95,"lower_bound":1178452274.75,"upper_bound":1183249647.25},"point_estimate":1181648350.25,"standard_error":1376524.6344596127},"median_abs_dev":{"confidence_interval":{"confidence_level":0.95,"lower_bound":512123.7600579858,"upper_bound":4504827.017073333},"point_estimate":3995549.1076648235,"standard_error":1098359.0340977968},"slope":null,"std_dev":{"confidence_interval":{"confidence_level":0.95,"lower_bound":1716072.2367971384,"upper_bound":3324586.900784362},"point_estimate":2748942.0927216187,"standard_error":414577.2085774545}}