{"mean":{"confidence_interval":{"confidence_level":0.95,"lower_bound":-0.09445545999984432,"upper_bound":-0.09031158535301019},"point_estimate":-0.09223472010295108,"standard_error":0.0010664237170882585},"median":{"confidence_interval":{"confidence_level":0.95,"lower_bound":-0.09404129596743938,"upper_bound":-0.08925635790885822},"point_estimate":-0.09087010445273136,"standard_error":0.0012220844661320494}}