{"mean":{"confidence_interval":{"confidence_level":0.95,"lower_bound":2328354488.4,"upper_bound":2333016192.0},"point_estimate":2330801174.6,"standard_error":1197253.496948153},"median":{"confidence_interval":{"confidence_level":0.95,"lower_bound":2327804637.5,"upper_bound":2333934912.0},"point_estimate":2331752980.5,"standard_error":1482575.8360849905},"median_abs_dev":{"confidence_interval":{"confidence_level":0.95,"lower_bound":790480.7931661606,"upper_bound":6757643.978127837},"point_estimate":3749063.155540824,"standard_error":1473709.9866459926},"slope":null,"std_dev":{"confidence_interval":{"confidence_level":0.95,"lower_bound":1947989.1135666766,"upper_bound":5120385.052852834},"point_estimate":3989734.4518718757,"standard_error":823073.6486401262}}