{"mean":{"confidence_interval":{"confidence_level":0.95,"lower_bound":-0.0932647542897165,"upper_bound":-0.09148210052543419},"point_estimate":-0.09237803712639658,"standard_error":0.0004398787602258425},"median":{"confidence_interval":{"confidence_level":0.95,"lower_bound":-0.09382426456084769,"upper_bound":-0.09101879379086864},"point_estimate":-0.09205512564650098,"standard_error":0.0006157646218716865}}