{"mean":{"confidence_interval":{"confidence_level":0.95,"lower_bound":1351127275.15,"upper_bound":1354540801.05},"point_estimate":1352561632.1,"standard_error":897833.5272471982},"median":{"confidence_interval":{"confidence_level":0.95,"lower_bound":1350577529.25,"upper_bound":1353274653.0},"point_estimate":1351902272.75,"standard_error":725452.2429841001},"median_abs_dev":{"confidence_interval":{"confidence_level":0.95,"lower_bound":393539.48376327753,"upper_bound":3077966.130705178},"point_estimate":1646899.849511683,"standard_error":713144.6372634149},"slope":null,"std_dev":{"confidence_interval":{"confidence_level":0.95,"lower_bound":876056.8959511586,"upper_bound":4419122.938490664},"point_estimate":2994993.239959444,"standard_error":1108090.5799275446}}