{"mean":{"confidence_interval":{"confidence_level":0.95,"lower_bound":-0.09417141184267078,"upper_bound":-0.09112136680641021},"point_estimate":-0.0927860897597208,"standard_error":0.0008006819381345651},"median":{"confidence_interval":{"confidence_level":0.95,"lower_bound":-0.09434647543282937,"upper_bound":-0.092333498208377},"point_estimate":-0.09377293684025101,"standard_error":0.0004041011810651338}}