{"mean":{"confidence_interval":{"confidence_level":0.95,"lower_bound":-0.10655499091812484,"upper_bound":-0.08996566936736342},"point_estimate":-0.09746049641592347,"standard_error":0.004285290454790184},"median":{"confidence_interval":{"confidence_level":0.95,"lower_bound":-0.10538267716197092,"upper_bound":-0.08695839004219763},"point_estimate":-0.09462498499505667,"standard_error":0.004931454580799691}}