{"mean":{"confidence_interval":{"confidence_level":0.95,"lower_bound":2737889227.2999997,"upper_bound":2752031769.38},"point_estimate":2746256393.3,"standard_error":3756514.3031792575},"median":{"confidence_interval":{"confidence_level":0.95,"lower_bound":2743877113.5,"upper_bound":2753260503.0},"point_estimate":2749861155.5,"standard_error":3069660.9511694657},"median_abs_dev":{"confidence_interval":{"confidence_level":0.95,"lower_bound":604091.2896752357,"upper_bound":11276794.764196873},"point_estimate":5650816.380777955,"standard_error":3039405.03023134},"slope":null,"std_dev":{"confidence_interval":{"confidence_level":0.95,"lower_bound":3401302.555339529,"upper_bound":18676552.701397672},"point_estimate":12496383.894261066,"standard_error":4926634.454986809}}