{"mean":{"confidence_interval":{"confidence_level":0.95,"lower_bound":-0.0914694993139064,"upper_bound":-0.08924309089086173},"point_estimate":-0.09033061277091636,"standard_error":0.00056896853429566},"median":{"confidence_interval":{"confidence_level":0.95,"lower_bound":-0.09150285252638946,"upper_bound":-0.08875040106549181},"point_estimate":-0.09036274112111409,"standard_error":0.0007038903057237233}}