{"mean":{"confidence_interval":{"confidence_level":0.95,"lower_bound":814735449.4050001,"upper_bound":819152294.5},"point_estimate":816416315.1,"standard_error":1243325.2695353655},"median":{"confidence_interval":{"confidence_level":0.95,"lower_bound":814417955.6666667,"upper_bound":816454510.0},"point_estimate":814964092.6666667,"standard_error":627919.4434874293},"median_abs_dev":{"confidence_interval":{"confidence_level":0.95,"lower_bound":53822.08554455534,"upper_bound":2314213.032114565},"point_estimate":869740.587759018,"standard_error":657905.9825483562},"slope":null,"std_dev":{"confidence_interval":{"confidence_level":0.95,"lower_bound":512510.84636259906,"upper_bound":6324934.814214378},"point_estimate":4133882.0724435938,"standard_error":1956125.4623009218}}