{"mean":{"confidence_interval":{"confidence_level":0.95,"lower_bound":3554971263.4,"upper_bound":3561284471.1},"point_estimate":3557879523.0,"standard_error":1628016.0378222617},"median":{"confidence_interval":{"confidence_level":0.95,"lower_bound":3554071154.5,"upper_bound":3561678656.5},"point_estimate":3556767153.0,"standard_error":1685696.5197522521},"median_abs_dev":{"confidence_interval":{"confidence_level":0.95,"lower_bound":889282.7380120754,"upper_bound":8975354.083755612},"point_estimate":3188566.2354916334,"standard_error":1971150.1282240492},"slope":null,"std_dev":{"confidence_interval":{"confidence_level":0.95,"lower_bound":2042004.1954861395,"upper_bound":7099181.52097505},"point_estimate":5429938.245225713,"standard_error":1319687.820175701}}