{"mean":{"confidence_interval":{"confidence_level":0.95,"lower_bound":3942292468.4,"upper_bound":3956439628.965},"point_estimate":3949366597.9,"standard_error":3621645.8046082123},"median":{"confidence_interval":{"confidence_level":0.95,"lower_bound":3936606637.0,"upper_bound":3960449456.5},"point_estimate":3949757054.0,"standard_error":6683215.546641884},"median_abs_dev":{"confidence_interval":{"confidence_level":0.95,"lower_bound":2019575.4451453686,"upper_bound":19754683.183184266},"point_estimate":16038550.055658817,"standard_error":4594605.623213113},"slope":null,"std_dev":{"confidence_interval":{"confidence_level":0.95,"lower_bound":7900926.564622827,"upper_bound":14170636.070489885},"point_estimate":12095670.620393733,"standard_error":1605572.9452843976}}