{"mean":{"confidence_interval":{"confidence_level":0.95,"lower_bound":2113788894.9,"upper_bound":2118531808.7450001},"point_estimate":2116096451.1,"standard_error":1215714.5558129293},"median":{"confidence_interval":{"confidence_level":0.95,"lower_bound":2113479374.5,"upper_bound":2119337233.5},"point_estimate":2115461123.0,"standard_error":1469503.307916033},"median_abs_dev":{"confidence_interval":{"confidence_level":0.95,"lower_bound":875562.7578556538,"upper_bound":6629711.908999085},"point_estimate":3375502.8183728456,"standard_error":1608594.2463201995},"slope":null,"std_dev":{"confidence_interval":{"confidence_level":0.95,"lower_bound":1980109.0750648575,"upper_bound":5191623.549712967},"point_estimate":4052684.2621641243,"standard_error":799485.2209722898}}