{"mean":{"confidence_interval":{"confidence_level":0.95,"lower_bound":-0.09441397233718078,"upper_bound":-0.09187128278021575},"point_estimate":-0.09310290888875172,"standard_error":0.0006480622211856919},"median":{"confidence_interval":{"confidence_level":0.95,"lower_bound":-0.09473124549566414,"upper_bound":-0.09115180739698314},"point_estimate":-0.09326277734088495,"standard_error":0.000938690315391739}}