{"mean":{"confidence_interval":{"confidence_level":0.95,"lower_bound":1186152468.65,"upper_bound":1192314698.7},"point_estimate":1189237989.4,"standard_error":1581203.7096207994},"median":{"confidence_interval":{"confidence_level":0.95,"lower_bound":1185050881.0,"upper_bound":1194909239.5},"point_estimate":1188196199.5,"standard_error":2657229.0119856102},"median_abs_dev":{"confidence_interval":{"confidence_level":0.95,"lower_bound":1078421.7231541872,"upper_bound":8869277.762138844},"point_estimate":7352175.0925228,"standard_error":2207753.3615258834},"slope":null,"std_dev":{"confidence_interval":{"confidence_level":0.95,"lower_bound":3368247.767194267,"upper_bound":6293045.641234847},"point_estimate":5287062.680240812,"standard_error":754198.6291539612}}