{"mean":{"confidence_interval":{"confidence_level":0.95,"lower_bound":-0.05985966591984426,"upper_bound":-0.057694810225558925},"point_estimate":-0.05872392099336232,"standard_error":0.0005557046924071769},"median":{"confidence_interval":{"confidence_level":0.95,"lower_bound":-0.05965117202446857,"upper_bound":-0.05735803433954478},"point_estimate":-0.05860233131024317,"standard_error":0.0005155816402368488}}