{"mean":{"confidence_interval":{"confidence_level":0.95,"lower_bound":-0.10340626457588631,"upper_bound":-0.09915551273743724},"point_estimate":-0.10109604799154803,"standard_error":0.0010912427839646084},"median":{"confidence_interval":{"confidence_level":0.95,"lower_bound":-0.1026877562646552,"upper_bound":-0.09859287005155726},"point_estimate":-0.10038857376080546,"standard_error":0.001057185030036759}}