{"mean":{"confidence_interval":{"confidence_level":0.95,"lower_bound":-0.07265155473910452,"upper_bound":-0.06066411207958619},"point_estimate":-0.06617153023291411,"standard_error":0.0030300080830370567},"median":{"confidence_interval":{"confidence_level":0.95,"lower_bound":-0.07600119902120372,"upper_bound":-0.05941964301772906},"point_estimate":-0.061757493890435944,"standard_error":0.004270543856462319}}