{"mean":{"confidence_interval":{"confidence_level":0.95,"lower_bound":2788894035.325,"upper_bound":2794350219.635},"point_estimate":2791505261.0,"standard_error":1399192.6004630518},"median":{"confidence_interval":{"confidence_level":0.95,"lower_bound":2787213855.0,"upper_bound":2795380026.0},"point_estimate":2791366653.5,"standard_error":2051130.9365821637},"median_abs_dev":{"confidence_interval":{"confidence_level":0.95,"lower_bound":651199.4212388992,"upper_bound":8381071.675506234},"point_estimate":5449321.407455206,"standard_error":2156001.5354822786},"slope":null,"std_dev":{"confidence_interval":{"confidence_level":0.95,"lower_bound":2449441.7596454266,"upper_bound":5763516.290668938},"point_estimate":4660774.1026483765,"standard_error":856100.0809541189}}