{"mean":{"confidence_interval":{"confidence_level":0.95,"lower_bound":-0.07961999191007618,"upper_bound":-0.07654272055663484},"point_estimate":-0.07799665209351547,"standard_error":0.0007861856991111954},"median":{"confidence_interval":{"confidence_level":0.95,"lower_bound":-0.07959561402336068,"upper_bound":-0.07555218168584454},"point_estimate":-0.07788016209261539,"standard_error":0.0010028559013621336}}