{"mean":{"confidence_interval":{"confidence_level":0.95,"lower_bound":-0.03534711552553812,"upper_bound":-0.02897746386745939},"point_estimate":-0.03202280132815982,"standard_error":0.001629991537715476},"median":{"confidence_interval":{"confidence_level":0.95,"lower_bound":-0.0390227139958631,"upper_bound":-0.027656388022500922},"point_estimate":-0.030081753817875034,"standard_error":0.002747881671917926}}