{"mean":{"confidence_interval":{"confidence_level":0.95,"lower_bound":989496574.0666666,"upper_bound":991642339.045},"point_estimate":990398362.5666668,"standard_error":563260.4556036749},"median":{"confidence_interval":{"confidence_level":0.95,"lower_bound":989309278.3333334,"upper_bound":990735661.1666667},"point_estimate":989930154.8333333,"standard_error":373824.6971454573},"median_abs_dev":{"confidence_interval":{"confidence_level":0.95,"lower_bound":184202.66852974892,"upper_bound":1863284.9450200796},"point_estimate":922007.4259310961,"standard_error":454458.52009657485},"slope":null,"std_dev":{"confidence_interval":{"confidence_level":0.95,"lower_bound":536815.7359145018,"upper_bound":2780679.1794524337},"point_estimate":1877103.8851203134,"standard_error":702849.2997963338}}