{"mean":{"confidence_interval":{"confidence_level":0.95,"lower_bound":2493862208.0,"upper_bound":2499311593.57},"point_estimate":2496604873.9,"standard_error":1401308.416688483},"median":{"confidence_interval":{"confidence_level":0.95,"lower_bound":2492661618.0,"upper_bound":2501223972.0},"point_estimate":2496816556.0,"standard_error":2166318.8775441507},"median_abs_dev":{"confidence_interval":{"confidence_level":0.95,"lower_bound":1417776.25502944,"upper_bound":7691234.957653284},"point_estimate":6347272.90751338,"standard_error":1677195.7282469808},"slope":null,"std_dev":{"confidence_interval":{"confidence_level":0.95,"lower_bound":2838924.863607535,"upper_bound":5680190.631895319},"point_estimate":4677661.4629193945,"standard_error":722160.6822626756}}