{"mean":{"confidence_interval":{"confidence_level":0.95,"lower_bound":2824119224.1,"upper_bound":2837435737.2},"point_estimate":2830276308.7,"standard_error":3407875.2203698643},"median":{"confidence_interval":{"confidence_level":0.95,"lower_bound":2821732040.5,"upper_bound":2837334244.0},"point_estimate":2829933202.5,"standard_error":3645231.6072034724},"median_abs_dev":{"confidence_interval":{"confidence_level":0.95,"lower_bound":1496585.339230299,"upper_bound":17703818.206894398},"point_estimate":10301691.726708412,"standard_error":4637003.287959013},"slope":null,"std_dev":{"confidence_interval":{"confidence_level":0.95,"lower_bound":5002498.743046124,"upper_bound":15044912.837899059},"point_estimate":11332083.177260393,"standard_error":2693899.6503024274}}