{"mean":{"confidence_interval":{"confidence_level":0.95,"lower_bound":961892260.1333334,"upper_bound":963948519.1333334},"point_estimate":962825912.0,"standard_error":529690.916905373},"median":{"confidence_interval":{"confidence_level":0.95,"lower_bound":961393867.0,"upper_bound":963671338.0},"point_estimate":962580310.3333334,"standard_error":458059.62048147485},"median_abs_dev":{"confidence_interval":{"confidence_level":0.95,"lower_bound":145175.20102268388,"upper_bound":2531072.1889645453},"point_estimate":1189461.048182845,"standard_error":724871.1359185277},"slope":null,"std_dev":{"confidence_interval":{"confidence_level":0.95,"lower_bound":710406.1949742977,"upper_bound":2464128.8131418},"point_estimate":1771628.26958171,"standard_error":503544.2919211494}}