{"mean":{"confidence_interval":{"confidence_level":0.95,"lower_bound":854263758.2741666,"upper_bound":854997907.7},"point_estimate":854607702.5666667,"standard_error":187267.67855014926},"median":{"confidence_interval":{"confidence_level":0.95,"lower_bound":854144285.6666667,"upper_bound":854943800.1666667},"point_estimate":854540237.3333333,"standard_error":213362.38419170547},"median_abs_dev":{"confidence_interval":{"confidence_level":0.95,"lower_bound":158525.02538573602,"upper_bound":983132.7989460805},"point_estimate":528749.0184128874,"standard_error":203856.5368499475},"slope":null,"std_dev":{"confidence_interval":{"confidence_level":0.95,"lower_bound":294358.2255469348,"upper_bound":843243.5290926364},"point_estimate":623149.2127204571,"standard_error":151859.5503192735}}