{"mean":{"confidence_interval":{"confidence_level":0.95,"lower_bound":2057972687.72,"upper_bound":2068160763.455},"point_estimate":2062937538.1,"standard_error":2613173.2023612363},"median":{"confidence_interval":{"confidence_level":0.95,"lower_bound":2054546074.0,"upper_bound":2071982089.0},"point_estimate":2060531615.5,"standard_error":5275278.320854507},"median_abs_dev":{"confidence_interval":{"confidence_level":0.95,"lower_bound":1150288.5329782963,"upper_bound":13500461.956518888},"point_estimate":10221866.320225596,"standard_error":3537868.4331519613},"slope":null,"std_dev":{"confidence_interval":{"confidence_level":0.95,"lower_bound":5693702.199908622,"upper_bound":9839651.2609585},"point_estimate":8698419.001103597,"standard_error":1065683.2586597684}}