{"mean":{"confidence_interval":{"confidence_level":0.95,"lower_bound":-0.09877169961404467,"upper_bound":-0.08685145498268765},"point_estimate":-0.09337851198340563,"standard_error":0.0030399372320959257},"median":{"confidence_interval":{"confidence_level":0.95,"lower_bound":-0.09756211735977038,"upper_bound":-0.08982810596492308},"point_estimate":-0.09373405231440202,"standard_error":0.0018156356133622307}}