{"mean":{"confidence_interval":{"confidence_level":0.95,"lower_bound":1788384394.15,"upper_bound":1796733782.475},"point_estimate":1793338599.15,"standard_error":2220335.6365318084},"median":{"confidence_interval":{"confidence_level":0.95,"lower_bound":1792416001.5,"upper_bound":1798016938.5},"point_estimate":1794750666.25,"standard_error":1380076.317690814},"median_abs_dev":{"confidence_interval":{"confidence_level":0.95,"lower_bound":819578.67089957,"upper_bound":6439775.655721128},"point_estimate":3555569.4036260247,"standard_error":1553144.1019323845},"slope":null,"std_dev":{"confidence_interval":{"confidence_level":0.95,"lower_bound":1852198.3412266744,"upper_bound":11081326.316862723},"point_estimate":7398496.570605465,"standard_error":2993922.6244390747}}