{"mean":{"confidence_interval":{"confidence_level":0.95,"lower_bound":1241063447.19875,"upper_bound":1246110756.99875},"point_estimate":1243605968.3,"standard_error":1298149.982490521},"median":{"confidence_interval":{"confidence_level":0.95,"lower_bound":1239471871.5,"upper_bound":1247136873.5},"point_estimate":1244465996.25,"standard_error":2349027.0078231986},"median_abs_dev":{"confidence_interval":{"confidence_level":0.95,"lower_bound":813108.2339644432,"upper_bound":6917675.819286704},"point_estimate":6082631.036111712,"standard_error":1626838.8519816485},"slope":null,"std_dev":{"confidence_interval":{"confidence_level":0.95,"lower_bound":2773316.0192463044,"upper_bound":5092758.980326515},"point_estimate":4304053.8861698825,"standard_error":593661.7701932336}}