{"mean":{"confidence_interval":{"confidence_level":0.95,"lower_bound":2622292059.72,"upper_bound":2626701404.4},"point_estimate":2624703825.6,"standard_error":1139618.3411169713},"median":{"confidence_interval":{"confidence_level":0.95,"lower_bound":2622292677.0,"upper_bound":2627673797.5},"point_estimate":2625361409.0,"standard_error":1228205.0077140303},"median_abs_dev":{"confidence_interval":{"confidence_level":0.95,"lower_bound":656514.542144537,"upper_bound":5799081.567245722},"point_estimate":2825427.093538642,"standard_error":1395259.309170701},"slope":null,"std_dev":{"confidence_interval":{"confidence_level":0.95,"lower_bound":1470051.5540306326,"upper_bound":5099859.336616761},"point_estimate":3805272.635541935,"standard_error":985626.01280699}}