{"mean":{"confidence_interval":{"confidence_level":0.95,"lower_bound":-0.07463817990067807,"upper_bound":-0.06703945012016423},"point_estimate":-0.07016581882179884,"standard_error":0.0020708688082377333},"median":{"confidence_interval":{"confidence_level":0.95,"lower_bound":-0.06992663469830751,"upper_bound":-0.06616671392015072},"point_estimate":-0.06711891942891923,"standard_error":0.0009216666020879709}}