{"mean":{"confidence_interval":{"confidence_level":0.95,"lower_bound":2237134318.4375,"upper_bound":2246430994.6125},"point_estimate":2241912308.1,"standard_error":2382126.433400917},"median":{"confidence_interval":{"confidence_level":0.95,"lower_bound":2232370075.0,"upper_bound":2249472402.0},"point_estimate":2243560450.5,"standard_error":4403061.315840533},"median_abs_dev":{"confidence_interval":{"confidence_level":0.95,"lower_bound":674720.86982131,"upper_bound":13057951.824975014},"point_estimate":9102419.573199749,"standard_error":3646963.4022386004},"slope":null,"std_dev":{"confidence_interval":{"confidence_level":0.95,"lower_bound":4539724.352198544,"upper_bound":9136160.952166125},"point_estimate":7932657.014595907,"standard_error":1104727.0317377872}}