{"mean":{"confidence_interval":{"confidence_level":0.95,"lower_bound":3532301979.0724998,"upper_bound":3546606019.4},"point_estimate":3539647876.2,"standard_error":3651729.882006053},"median":{"confidence_interval":{"confidence_level":0.95,"lower_bound":3532116423.0,"upper_bound":3548966712.5},"point_estimate":3539487121.0,"standard_error":4141233.371359062},"median_abs_dev":{"confidence_interval":{"confidence_level":0.95,"lower_bound":1366793.3484345675,"upper_bound":20825853.50986719},"point_estimate":11011400.473308563,"standard_error":4610048.268183333},"slope":null,"std_dev":{"confidence_interval":{"confidence_level":0.95,"lower_bound":6305251.40584595,"upper_bound":15891235.690405777},"point_estimate":12172395.140205516,"standard_error":2488605.7573702466}}