{"mean":{"confidence_interval":{"confidence_level":0.95,"lower_bound":2184658333.5725,"upper_bound":2206150788.9},"point_estimate":2195107018.7,"standard_error":5507034.182551907},"median":{"confidence_interval":{"confidence_level":0.95,"lower_bound":2178592240.5,"upper_bound":2212571581.5},"point_estimate":2190992935.0,"standard_error":9777099.275366051},"median_abs_dev":{"confidence_interval":{"confidence_level":0.95,"lower_bound":2699371.9959765673,"upper_bound":30432316.302618384},"point_estimate":23613254.879280925,"standard_error":7164590.442108329},"slope":null,"std_dev":{"confidence_interval":{"confidence_level":0.95,"lower_bound":11250246.769197201,"upper_bound":21717553.77173824},"point_estimate":18328054.87334216,"standard_error":2658448.51905676}}