{"mean":{"confidence_interval":{"confidence_level":0.95,"lower_bound":1061512376.55,"upper_bound":1063318609.295},"point_estimate":1062428345.55,"standard_error":458593.8384617822},"median":{"confidence_interval":{"confidence_level":0.95,"lower_bound":1061548504.5,"upper_bound":1063309032.5},"point_estimate":1062549692.25,"standard_error":390619.7153016596},"median_abs_dev":{"confidence_interval":{"confidence_level":0.95,"lower_bound":135565.23509323597,"upper_bound":2714977.1019995213},"point_estimate":1209432.4111282825,"standard_error":608439.9147899133},"slope":null,"std_dev":{"confidence_interval":{"confidence_level":0.95,"lower_bound":615725.322707223,"upper_bound":2096687.7119490812},"point_estimate":1531768.8155930033,"standard_error":381308.62611318135}}