{"mean":{"confidence_interval":{"confidence_level":0.95,"lower_bound":2541455436.9275002,"upper_bound":2547465210.2875},"point_estimate":2544539259.9,"standard_error":1542922.8526920204},"median":{"confidence_interval":{"confidence_level":0.95,"lower_bound":2540048017.0,"upper_bound":2549266559.0},"point_estimate":2545146510.0,"standard_error":2656584.5421237294},"median_abs_dev":{"confidence_interval":{"confidence_level":0.95,"lower_bound":687927.8703868389,"upper_bound":8566696.898710728},"point_estimate":6292527.162185311,"standard_error":2156037.016825467},"slope":null,"std_dev":{"confidence_interval":{"confidence_level":0.95,"lower_bound":3046857.5901328316,"upper_bound":6059780.528137551},"point_estimate":5120795.983814223,"standard_error":759913.2027068511}}