{"mean":{"confidence_interval":{"confidence_level":0.95,"lower_bound":1195906701.8,"upper_bound":1199130611.37},"point_estimate":1197612279.5,"standard_error":828964.7315414479},"median":{"confidence_interval":{"confidence_level":0.95,"lower_bound":1194263074.5,"upper_bound":1199782908.0},"point_estimate":1198878340.25,"standard_error":1309630.6693292405},"median_abs_dev":{"confidence_interval":{"confidence_level":0.95,"lower_bound":237339.79288637638,"upper_bound":4211688.832877576},"point_estimate":1682603.4514278173,"standard_error":1024816.0764600167},"slope":null,"std_dev":{"confidence_interval":{"confidence_level":0.95,"lower_bound":952413.7779390992,"upper_bound":3215490.792198275},"point_estimate":2764938.425005911,"standard_error":486118.26020285446}}