{"mean":{"confidence_interval":{"confidence_level":0.95,"lower_bound":1645303662.81125,"upper_bound":1648154230.53125},"point_estimate":1646812910.5,"standard_error":729973.9485565686},"median":{"confidence_interval":{"confidence_level":0.95,"lower_bound":1645132395.75,"upper_bound":1648519636.5},"point_estimate":1647289749.0,"standard_error":942592.0294111355},"median_abs_dev":{"confidence_interval":{"confidence_level":0.95,"lower_bound":377075.2110555768,"upper_bound":3989125.3726288676},"point_estimate":1876269.92623955,"standard_error":947457.7594594904},"slope":null,"std_dev":{"confidence_interval":{"confidence_level":0.95,"lower_bound":1144578.036923244,"upper_bound":3195551.0375847947},"point_estimate":2434474.6204900374,"standard_error":543716.9951499437}}