{"mean":{"confidence_interval":{"confidence_level":0.95,"lower_bound":-0.09989493390791417,"upper_bound":-0.08491745716212434},"point_estimate":-0.09233633099827465,"standard_error":0.0038572672455168635},"median":{"confidence_interval":{"confidence_level":0.95,"lower_bound":-0.10463266870471177,"upper_bound":-0.08093392610366967},"point_estimate":-0.0911769581184898,"standard_error":0.007465591986676047}}