{"mean":{"confidence_interval":{"confidence_level":0.95,"lower_bound":1446645665.65,"upper_bound":1457596528.8425},"point_estimate":1451589397.95,"standard_error":2822054.2883272343},"median":{"confidence_interval":{"confidence_level":0.95,"lower_bound":1444354304.0,"upper_bound":1457285622.5},"point_estimate":1448179152.75,"standard_error":3262289.901032714},"median_abs_dev":{"confidence_interval":{"confidence_level":0.95,"lower_bound":899467.4585312605,"upper_bound":14271793.488425016},"point_estimate":5691354.370558262,"standard_error":3503767.7062759404},"slope":null,"std_dev":{"confidence_interval":{"confidence_level":0.95,"lower_bound":2629396.109098163,"upper_bound":12436619.791124675},"point_estimate":9397931.430091418,"standard_error":2387859.3025147207}}