{"mean":{"confidence_interval":{"confidence_level":0.95,"lower_bound":-0.09607501578326659,"upper_bound":-0.09290426107346686},"point_estimate":-0.09467274529750835,"standard_error":0.0008002598607299739},"median":{"confidence_interval":{"confidence_level":0.95,"lower_bound":-0.09659077347202216,"upper_bound":-0.09371591428407056},"point_estimate":-0.09524954625816018,"standard_error":0.000795589098664502}}