{"mean":{"confidence_interval":{"confidence_level":0.95,"lower_bound":-0.08220114673828625,"upper_bound":-0.07867821710967458},"point_estimate":-0.0804402169444024,"standard_error":0.0009126100376944028},"median":{"confidence_interval":{"confidence_level":0.95,"lower_bound":-0.08283781228680465,"upper_bound":-0.07758572265128827},"point_estimate":-0.08107260620430234,"standard_error":0.001416197149062416}}