{"mean":{"confidence_interval":{"confidence_level":0.95,"lower_bound":3650370987.0750003,"upper_bound":3673599686.94},"point_estimate":3661178963.5,"standard_error":5940716.372594791},"median":{"confidence_interval":{"confidence_level":0.95,"lower_bound":3646345238.0,"upper_bound":3667604546.5},"point_estimate":3661896242.0,"standard_error":4987076.173948593},"median_abs_dev":{"confidence_interval":{"confidence_level":0.95,"lower_bound":1557508.3373486996,"upper_bound":29987786.128610373},"point_estimate":12607146.546578407,"standard_error":7259740.10013343},"slope":null,"std_dev":{"confidence_interval":{"confidence_level":0.95,"lower_bound":7684260.96467845,"upper_bound":27558709.906338602},"point_estimate":19765550.5478318,"standard_error":5486549.133594462}}