{"mean":{"confidence_interval":{"confidence_level":0.95,"lower_bound":2664733635.1175003,"upper_bound":2668427808.8},"point_estimate":2666481417.1,"standard_error":946785.1209107635},"median":{"confidence_interval":{"confidence_level":0.95,"lower_bound":2663662485.0,"upper_bound":2668010648.0},"point_estimate":2666785446.5,"standard_error":1162736.8265210474},"median_abs_dev":{"confidence_interval":{"confidence_level":0.95,"lower_bound":512710.4989975691,"upper_bound":5829508.9665055275},"point_estimate":2239705.217537284,"standard_error":1311877.3819760464},"slope":null,"std_dev":{"confidence_interval":{"confidence_level":0.95,"lower_bound":1610393.0594151032,"upper_bound":4254604.140261202},"point_estimate":3154731.248986,"standard_error":744272.8287419217}}