{"mean":{"confidence_interval":{"confidence_level":0.95,"lower_bound":-0.031770482001414656,"upper_bound":-0.024914917336922825},"point_estimate":-0.027778986028966335,"standard_error":0.001797733965444761},"median":{"confidence_interval":{"confidence_level":0.95,"lower_bound":-0.028981818594483233,"upper_bound":-0.024309456550996367},"point_estimate":-0.02730262309511411,"standard_error":0.00121481652711351}}