{"mean":{"confidence_interval":{"confidence_level":0.95,"lower_bound":2809227784.7,"upper_bound":2818692593.5},"point_estimate":2813984507.2,"standard_error":2415695.2421450303},"median":{"confidence_interval":{"confidence_level":0.95,"lower_bound":2807144495.0,"upper_bound":2819887567.0},"point_estimate":2814803532.5,"standard_error":2531173.3684687708},"median_abs_dev":{"confidence_interval":{"confidence_level":0.95,"lower_bound":552062.408798933,"upper_bound":15727921.639573574},"point_estimate":5397992.3137664795,"standard_error":3916455.4358820054},"slope":null,"std_dev":{"confidence_interval":{"confidence_level":0.95,"lower_bound":4248963.212435101,"upper_bound":10268251.410019375},"point_estimate":8051620.419513617,"standard_error":1555809.583553712}}