{"mean":{"confidence_interval":{"confidence_level":0.95,"lower_bound":-0.07406060737999347,"upper_bound":-0.06986208673591103},"point_estimate":-0.07190853469151837,"standard_error":0.0010727943487633153},"median":{"confidence_interval":{"confidence_level":0.95,"lower_bound":-0.07500210524540463,"upper_bound":-0.06932723593408785},"point_estimate":-0.07176146410823536,"standard_error":0.0014037298057948879}}