{"mean":{"confidence_interval":{"confidence_level":0.95,"lower_bound":-0.07654914396442966,"upper_bound":-0.0669874758127617},"point_estimate":-0.07196354187549825,"standard_error":0.0023924972702592797},"median":{"confidence_interval":{"confidence_level":0.95,"lower_bound":-0.07935797996907756,"upper_bound":-0.063285299069331},"point_estimate":-0.07166054166553526,"standard_error":0.004043000015089412}}