{"mean":{"confidence_interval":{"confidence_level":0.95,"lower_bound":3652645095.055,"upper_bound":3717247212.3},"point_estimate":3682165584.5,"standard_error":16599006.064324789},"median":{"confidence_interval":{"confidence_level":0.95,"lower_bound":3639005179.5,"upper_bound":3721269569.0},"point_estimate":3663737281.0,"standard_error":22414815.198562548},"median_abs_dev":{"confidence_interval":{"confidence_level":0.95,"lower_bound":7308972.499939799,"upper_bound":96936721.40142918},"point_estimate":43439085.07000208,"standard_error":21412792.15360372},"slope":null,"std_dev":{"confidence_interval":{"confidence_level":0.95,"lower_bound":24875178.225838657,"upper_bound":73296241.66834582},"point_estimate":55222692.678453766,"standard_error":13242966.360505357}}