{"mean":{"confidence_interval":{"confidence_level":0.95,"lower_bound":2208237965.0724998,"upper_bound":2221955180.0975},"point_estimate":2213959043.3,"standard_error":3613047.7059169565},"median":{"confidence_interval":{"confidence_level":0.95,"lower_bound":2206710936.0,"upper_bound":2216165415.0},"point_estimate":2210963491.0,"standard_error":2477792.7390165324},"median_abs_dev":{"confidence_interval":{"confidence_level":0.95,"lower_bound":1631178.7300407887,"upper_bound":11531128.85928154},"point_estimate":6490774.5002657175,"standard_error":2559262.9277844736},"slope":null,"std_dev":{"confidence_interval":{"confidence_level":0.95,"lower_bound":3372261.248388656,"upper_bound":17971186.147461522},"point_estimate":12084018.826314908,"standard_error":4624722.998150099}}