{"mean":{"confidence_interval":{"confidence_level":0.95,"lower_bound":-0.0780164391756855,"upper_bound":-0.0702060719124922},"point_estimate":-0.0742418558809792,"standard_error":0.0020120157165437877},"median":{"confidence_interval":{"confidence_level":0.95,"lower_bound":-0.08199587669309072,"upper_bound":-0.06868265898297632},"point_estimate":-0.0706754813721967,"standard_error":0.004179658683526815}}