{"mean":{"confidence_interval":{"confidence_level":0.95,"lower_bound":1505570662.8275,"upper_bound":1509181739.23375},"point_estimate":1507153864.85,"standard_error":937580.1079912742},"median":{"confidence_interval":{"confidence_level":0.95,"lower_bound":1505128420.75,"upper_bound":1508412940.5},"point_estimate":1505938274.0,"standard_error":880348.9573056424},"median_abs_dev":{"confidence_interval":{"confidence_level":0.95,"lower_bound":257084.6886858344,"upper_bound":4129557.9834356904},"point_estimate":1269743.8367575407,"standard_error":1024672.5309102272},"slope":null,"std_dev":{"confidence_interval":{"confidence_level":0.95,"lower_bound":771300.8537632788,"upper_bound":4370932.198527753},"point_estimate":3121347.844357253,"standard_error":965393.1720748504}}