{"mean":{"confidence_interval":{"confidence_level":0.95,"lower_bound":2857976068.1,"upper_bound":2872130403.5874996},"point_estimate":2864078645.5,"standard_error":3675641.0242253216},"median":{"confidence_interval":{"confidence_level":0.95,"lower_bound":2855377943.5,"upper_bound":2867497556.5},"point_estimate":2861654398.5,"standard_error":4210087.044525394},"median_abs_dev":{"confidence_interval":{"confidence_level":0.95,"lower_bound":330756.19332790375,"upper_bound":16039509.297841787},"point_estimate":8987357.954442501,"standard_error":4120265.3556347406},"slope":null,"std_dev":{"confidence_interval":{"confidence_level":0.95,"lower_bound":4572139.42311024,"upper_bound":17972736.89323451},"point_estimate":12296278.560773121,"standard_error":4257398.882681301}}