{"mean":{"confidence_interval":{"confidence_level":0.95,"lower_bound":3096187323.9025,"upper_bound":3104681458.4},"point_estimate":3100277283.4,"standard_error":2167070.4378232607},"median":{"confidence_interval":{"confidence_level":0.95,"lower_bound":3095784806.5,"upper_bound":3105447056.0},"point_estimate":3099003230.5,"standard_error":2525000.007737334},"median_abs_dev":{"confidence_interval":{"confidence_level":0.95,"lower_bound":453286.40945255756,"upper_bound":12440276.954340935},"point_estimate":5358912.461060286,"standard_error":2833536.965574337},"slope":null,"std_dev":{"confidence_interval":{"confidence_level":0.95,"lower_bound":3396332.3299214067,"upper_bound":9704145.235051796},"point_estimate":7206717.558225692,"standard_error":1663312.738448552}}