{"mean":{"confidence_interval":{"confidence_level":0.95,"lower_bound":-0.08677406629715635,"upper_bound":-0.07974287353711833},"point_estimate":-0.08322227475100352,"standard_error":0.0017888113722572584},"median":{"confidence_interval":{"confidence_level":0.95,"lower_bound":-0.08836530163019096,"upper_bound":-0.07793045983796076},"point_estimate":-0.08025755765742781,"standard_error":0.0030336247872894064}}