{"mean":{"confidence_interval":{"confidence_level":0.95,"lower_bound":2763938454.64,"upper_bound":2772585588.385},"point_estimate":2768587120.6,"standard_error":2218669.651809535},"median":{"confidence_interval":{"confidence_level":0.95,"lower_bound":2763866791.0,"upper_bound":2773471950.0},"point_estimate":2770663298.5,"standard_error":2172812.8036106625},"median_abs_dev":{"confidence_interval":{"confidence_level":0.95,"lower_bound":1091521.2352216244,"upper_bound":11751071.824076772},"point_estimate":4490762.703073025,"standard_error":2732804.6929265894},"slope":null,"std_dev":{"confidence_interval":{"confidence_level":0.95,"lower_bound":2732490.747924158,"upper_bound":9763365.361546189},"point_estimate":7397784.860578473,"standard_error":1807292.4726023085}}