{"mean":{"confidence_interval":{"confidence_level":0.95,"lower_bound":3930413587.61,"upper_bound":3943836134.3},"point_estimate":3936956023.5,"standard_error":3438132.126564403},"median":{"confidence_interval":{"confidence_level":0.95,"lower_bound":3928790378.0,"upper_bound":3949115073.0},"point_estimate":3935468681.5,"standard_error":4981339.4951564055},"median_abs_dev":{"confidence_interval":{"confidence_level":0.95,"lower_bound":617255.2948415279,"upper_bound":19790170.696154237},"point_estimate":10064752.235814929,"standard_error":4963058.562719742},"slope":null,"std_dev":{"confidence_interval":{"confidence_level":0.95,"lower_bound":6201511.944234944,"upper_bound":14155778.499938196},"point_estimate":11436200.397464849,"standard_error":1974446.3138420759}}