{"mean":{"confidence_interval":{"confidence_level":0.95,"lower_bound":-0.09385795887271486,"upper_bound":-0.09158885579895969},"point_estimate":-0.0927272247926414,"standard_error":0.000579637856544161},"median":{"confidence_interval":{"confidence_level":0.95,"lower_bound":-0.09401043561183386,"upper_bound":-0.09115424843239528},"point_estimate":-0.09225010558603308,"standard_error":0.0007249746872290697}}