{"mean":{"confidence_interval":{"confidence_level":0.95,"lower_bound":-0.09895108730166904,"upper_bound":-0.09361676147270526},"point_estimate":-0.09628725002029981,"standard_error":0.0013638391273636781},"median":{"confidence_interval":{"confidence_level":0.95,"lower_bound":-0.1006971321361737,"upper_bound":-0.09310166217771543},"point_estimate":-0.09478375890657764,"standard_error":0.0023144665749172642}}