{"mean":{"confidence_interval":{"confidence_level":0.95,"lower_bound":-0.10513589721707636,"upper_bound":-0.10232433137605028},"point_estimate":-0.10363564126966429,"standard_error":0.0007199328191035932},"median":{"confidence_interval":{"confidence_level":0.95,"lower_bound":-0.10469253031588344,"upper_bound":-0.1020473564201152},"point_estimate":-0.10313522776573136,"standard_error":0.0007019467245178981}}