{"mean":{"confidence_interval":{"confidence_level":0.95,"lower_bound":-0.10235616848856274,"upper_bound":-0.09825695415728382},"point_estimate":-0.10038901724386595,"standard_error":0.0010513523989073273},"median":{"confidence_interval":{"confidence_level":0.95,"lower_bound":-0.10345130553240112,"upper_bound":-0.09837425915640874},"point_estimate":-0.10127164862210558,"standard_error":0.0013566315178340119}}