{"mean":{"confidence_interval":{"confidence_level":0.95,"lower_bound":-0.08414837801726957,"upper_bound":-0.07792698768389827},"point_estimate":-0.08117452626927302,"standard_error":0.0015845910824776256},"median":{"confidence_interval":{"confidence_level":0.95,"lower_bound":-0.08530289215306297,"upper_bound":-0.07893931872204163},"point_estimate":-0.08284939281667947,"standard_error":0.001537226795468029}}