{"mean":{"confidence_interval":{"confidence_level":0.95,"lower_bound":-0.08554934913871533,"upper_bound":-0.08085690963608864},"point_estimate":-0.08300214129489714,"standard_error":0.001204870542928763},"median":{"confidence_interval":{"confidence_level":0.95,"lower_bound":-0.0857117149260318,"upper_bound":-0.0802921860843756},"point_estimate":-0.08161060386962982,"standard_error":0.0012999251441659235}}