{"mean":{"confidence_interval":{"confidence_level":0.95,"lower_bound":914314934.3333333,"upper_bound":915363810.7333333},"point_estimate":914820148.8666668,"standard_error":267928.05388949625},"median":{"confidence_interval":{"confidence_level":0.95,"lower_bound":914116188.3333333,"upper_bound":915423449.0},"point_estimate":914624670.0,"standard_error":289731.4098458127},"median_abs_dev":{"confidence_interval":{"confidence_level":0.95,"lower_bound":72307.88331636683,"upper_bound":1526605.2705974565},"point_estimate":676378.4165918827,"standard_error":448710.5828486433},"slope":null,"std_dev":{"confidence_interval":{"confidence_level":0.95,"lower_bound":431648.6006280813,"upper_bound":1132834.5900648441},"point_estimate":895777.9534197021,"standard_error":174923.93864538384}}