{"mean":{"confidence_interval":{"confidence_level":0.95,"lower_bound":-0.0938378326657311,"upper_bound":-0.08622352916839042},"point_estimate":-0.08941052830325091,"standard_error":0.001972838233685386},"median":{"confidence_interval":{"confidence_level":0.95,"lower_bound":-0.0909344609101691,"upper_bound":-0.08539069106744113},"point_estimate":-0.08750090846988812,"standard_error":0.0014098582110590667}}