{"mean":{"confidence_interval":{"confidence_level":0.95,"lower_bound":-0.09239368927077729,"upper_bound":-0.08783293433700565},"point_estimate":-0.08993290212003857,"standard_error":0.0011803513128528012},"median":{"confidence_interval":{"confidence_level":0.95,"lower_bound":-0.09278823269143777,"upper_bound":-0.08760765629512801},"point_estimate":-0.08901975354993907,"standard_error":0.0010607345396273899}}