{"mean":{"confidence_interval":{"confidence_level":0.95,"lower_bound":-0.09953276071845267,"upper_bound":-0.08937487352760928},"point_estimate":-0.09468961519263408,"standard_error":0.0025203281183459733},"median":{"confidence_interval":{"confidence_level":0.95,"lower_bound":-0.10257136117128285,"upper_bound":-0.08573535467148108},"point_estimate":-0.09616191946298158,"standard_error":0.004326189008046221}}