{"mean":{"confidence_interval":{"confidence_level":0.95,"lower_bound":-0.09845024433148436,"upper_bound":-0.09510387521381745},"point_estimate":-0.09678716599411652,"standard_error":0.0008556714429554595},"median":{"confidence_interval":{"confidence_level":0.95,"lower_bound":-0.09962801287854106,"upper_bound":-0.09466074103423638},"point_estimate":-0.09582320721689652,"standard_error":0.0011236047842643222}}