{"mean":{"confidence_interval":{"confidence_level":0.95,"lower_bound":-0.06673731270969632,"upper_bound":-0.06233692051801778},"point_estimate":-0.06455673071060142,"standard_error":0.0011316170356360138},"median":{"confidence_interval":{"confidence_level":0.95,"lower_bound":-0.06829880891975149,"upper_bound":-0.06051917323493938},"point_estimate":-0.06530138734768476,"standard_error":0.002095221880342104}}