{"mean":{"confidence_interval":{"confidence_level":0.95,"lower_bound":-0.07397797669365398,"upper_bound":-0.07005745885799272},"point_estimate":-0.07198386109244148,"standard_error":0.000999412085135789},"median":{"confidence_interval":{"confidence_level":0.95,"lower_bound":-0.0749124132571024,"upper_bound":-0.06867234166806901},"point_estimate":-0.07193684005431944,"standard_error":0.0015574146236507934}}