{"mean":{"confidence_interval":{"confidence_level":0.95,"lower_bound":2505892583.965,"upper_bound":2512146245.5625},"point_estimate":2508883464.2,"standard_error":1593231.2971085976},"median":{"confidence_interval":{"confidence_level":0.95,"lower_bound":2505474467.0,"upper_bound":2510653428.5},"point_estimate":2509586776.0,"standard_error":1376786.8595432467},"median_abs_dev":{"confidence_interval":{"confidence_level":0.95,"lower_bound":460236.8381291628,"upper_bound":8321987.842655182},"point_estimate":2915629.958537221,"standard_error":2078557.519516316},"slope":null,"std_dev":{"confidence_interval":{"confidence_level":0.95,"lower_bound":1936939.0796802768,"upper_bound":7429947.453850151},"point_estimate":5309029.493490328,"standard_error":1417068.3181133287}}