{"mean":{"confidence_interval":{"confidence_level":0.95,"lower_bound":3260431907.1,"upper_bound":3287282078.8075},"point_estimate":3274758607.7,"standard_error":6903464.717325873},"median":{"confidence_interval":{"confidence_level":0.95,"lower_bound":3245669663.0,"upper_bound":3292004642.0},"point_estimate":3285960849.0,"standard_error":11265728.688844189},"median_abs_dev":{"confidence_interval":{"confidence_level":0.95,"lower_bound":1828993.8902288675,"upper_bound":36924129.36416566},"point_estimate":9636555.124416947,"standard_error":8875106.515357295},"slope":null,"std_dev":{"confidence_interval":{"confidence_level":0.95,"lower_bound":5247730.15182227,"upper_bound":26245219.345502682},"point_estimate":22959330.14209277,"standard_error":4280021.509823172}}