{"mean":{"confidence_interval":{"confidence_level":0.95,"lower_bound":1390321618.2662501,"upper_bound":1398804560.20375},"point_estimate":1393867488.4,"standard_error":2239732.111805817},"median":{"confidence_interval":{"confidence_level":0.95,"lower_bound":1389400648.5,"upper_bound":1395145648.0},"point_estimate":1392316874.75,"standard_error":1377375.47845378},"median_abs_dev":{"confidence_interval":{"confidence_level":0.95,"lower_bound":336951.97861790657,"upper_bound":7430652.074329555},"point_estimate":3438173.8018602133,"standard_error":1948794.5148652634},"slope":null,"std_dev":{"confidence_interval":{"confidence_level":0.95,"lower_bound":1988926.5798979108,"upper_bound":11069853.504616221},"point_estimate":7486334.656225029,"standard_error":2839977.3861089214}}