{"mean":{"confidence_interval":{"confidence_level":0.95,"lower_bound":2179715190.1,"upper_bound":2195198942.71},"point_estimate":2187818360.7,"standard_error":3988431.589777012},"median":{"confidence_interval":{"confidence_level":0.95,"lower_bound":2171099813.0,"upper_bound":2198174432.0},"point_estimate":2192577271.5,"standard_error":6520243.062029697},"median_abs_dev":{"confidence_interval":{"confidence_level":0.95,"lower_bound":776659.6440942353,"upper_bound":19504520.383125544},"point_estimate":8596069.428089261,"standard_error":5020775.578738885},"slope":null,"std_dev":{"confidence_interval":{"confidence_level":0.95,"lower_bound":5403783.464260758,"upper_bound":15491829.654041685},"point_estimate":13267531.205371873,"standard_error":2202617.0404158845}}