{"mean":{"confidence_interval":{"confidence_level":0.95,"lower_bound":-0.10723740731041433,"upper_bound":-0.10377798425956669},"point_estimate":-0.10604429210729671,"standard_error":0.0009441654272427025},"median":{"confidence_interval":{"confidence_level":0.95,"lower_bound":-0.10718645029811702,"upper_bound":-0.1063488666481559},"point_estimate":-0.10689066789544321,"standard_error":0.0005463050019659919}}