{"mean":{"confidence_interval":{"confidence_level":0.95,"lower_bound":-0.09662363797125618,"upper_bound":-0.08622996533218609},"point_estimate":-0.09181722115035762,"standard_error":0.002860407522504989},"median":{"confidence_interval":{"confidence_level":0.95,"lower_bound":-0.09776736585600576,"upper_bound":-0.08707142871009121},"point_estimate":-0.09578028033348562,"standard_error":0.002291389762709619}}