{"mean":{"confidence_interval":{"confidence_level":0.95,"lower_bound":-0.08636053208004606,"upper_bound":-0.08201553580810514},"point_estimate":-0.08403898588362257,"standard_error":0.0011134978114175885},"median":{"confidence_interval":{"confidence_level":0.95,"lower_bound":-0.08627553501897955,"upper_bound":-0.08102885813496197},"point_estimate":-0.08323436392552164,"standard_error":0.0012381195647484303}}