{"mean":{"confidence_interval":{"confidence_level":0.95,"lower_bound":-0.13452807685566318,"upper_bound":-0.09764272942559817},"point_estimate":-0.11514817336845051,"standard_error":0.009399649134939746},"median":{"confidence_interval":{"confidence_level":0.95,"lower_bound":-0.15049153233960788,"upper_bound":-0.08704050413938613},"point_estimate":-0.09703025535032317,"standard_error":0.01899994866338982}}