{"mean":{"confidence_interval":{"confidence_level":0.95,"lower_bound":748557442.3,"upper_bound":750022805.0875},"point_estimate":749273360.9666666,"standard_error":375333.7406138393},"median":{"confidence_interval":{"confidence_level":0.95,"lower_bound":748289527.6666666,"upper_bound":750324485.0},"point_estimate":749131428.1666667,"standard_error":455239.5723623831},"median_abs_dev":{"confidence_interval":{"confidence_level":0.95,"lower_bound":219981.2652945224,"upper_bound":2192435.2354764645},"point_estimate":1362260.5461151586,"standard_error":504131.033594265},"slope":null,"std_dev":{"confidence_interval":{"confidence_level":0.95,"lower_bound":660597.7166401411,"upper_bound":1597518.2652341619},"point_estimate":1250176.7470512188,"standard_error":238816.01674816507}}