{"mean":{"confidence_interval":{"confidence_level":0.95,"lower_bound":2849873518.185,"upper_bound":2864046236.7725},"point_estimate":2858248798.6,"standard_error":3775997.788536089},"median":{"confidence_interval":{"confidence_level":0.95,"lower_bound":2856213222.5,"upper_bound":2865811201.0},"point_estimate":2861996671.5,"standard_error":2475969.816412367},"median_abs_dev":{"confidence_interval":{"confidence_level":0.95,"lower_bound":1141722.8116303682,"upper_bound":10899148.381501436},"point_estimate":5693468.558120728,"standard_error":2666261.0221421146},"slope":null,"std_dev":{"confidence_interval":{"confidence_level":0.95,"lower_bound":2861770.997167189,"upper_bound":18906993.08271977},"point_estimate":12655271.570684334,"standard_error":5042376.769877663}}