{"mean":{"confidence_interval":{"confidence_level":0.95,"lower_bound":1520678456.85875,"upper_bound":1522800103.675},"point_estimate":1521735230.95,"standard_error":543611.3852321083},"median":{"confidence_interval":{"confidence_level":0.95,"lower_bound":1520178482.25,"upper_bound":1523036186.25},"point_estimate":1521997336.0,"standard_error":705474.5864272064},"median_abs_dev":{"confidence_interval":{"confidence_level":0.95,"lower_bound":360076.83170735836,"upper_bound":3194081.1367437243},"point_estimate":1908369.3276196718,"standard_error":718816.3644780813},"slope":null,"std_dev":{"confidence_interval":{"confidence_level":0.95,"lower_bound":1025130.3590377665,"upper_bound":2293407.1267562127},"point_estimate":1812834.2439385941,"standard_error":326800.7112373358}}