{"mean":{"confidence_interval":{"confidence_level":0.95,"lower_bound":2728009349.0,"upper_bound":2740239802.0325003},"point_estimate":2733658082.3,"standard_error":3149120.962655789},"median":{"confidence_interval":{"confidence_level":0.95,"lower_bound":2724171248.0,"upper_bound":2739398366.5},"point_estimate":2731861002.5,"standard_error":3665181.409040939},"median_abs_dev":{"confidence_interval":{"confidence_level":0.95,"lower_bound":1644160.3754103184,"upper_bound":16686249.058359861},"point_estimate":10483550.404679775,"standard_error":3747230.573789591},"slope":null,"std_dev":{"confidence_interval":{"confidence_level":0.95,"lower_bound":4839123.8559103785,"upper_bound":14138546.312236574},"point_estimate":10463228.199825915,"standard_error":2603868.0871325564}}