{"mean":{"confidence_interval":{"confidence_level":0.95,"lower_bound":3457098860.805,"upper_bound":3482119076.475},"point_estimate":3467142800.7,"standard_error":6765917.958034164},"median":{"confidence_interval":{"confidence_level":0.95,"lower_bound":3455186403.0,"upper_bound":3469039327.0},"point_estimate":3458682143.5,"standard_error":4070142.0055794464},"median_abs_dev":{"confidence_interval":{"confidence_level":0.95,"lower_bound":1334510.475307703,"upper_bound":18166545.81297934},"point_estimate":5961492.981362343,"standard_error":4771292.865309086},"slope":null,"std_dev":{"confidence_interval":{"confidence_level":0.95,"lower_bound":2703112.7038857443,"upper_bound":33712440.433185555},"point_estimate":22467937.01172368,"standard_error":9410360.494551659}}