{"mean":{"confidence_interval":{"confidence_level":0.95,"lower_bound":-0.09428061883836353,"upper_bound":-0.08793888988774524},"point_estimate":-0.09118215108537975,"standard_error":0.0016277644725661564},"median":{"confidence_interval":{"confidence_level":0.95,"lower_bound":-0.09527805417245594,"upper_bound":-0.0855828935737406},"point_estimate":-0.09389603603744634,"standard_error":0.0030567887814340468}}