{"mean":{"confidence_interval":{"confidence_level":0.95,"lower_bound":-0.0945934297474814,"upper_bound":-0.09164399946178586},"point_estimate":-0.09303140706374091,"standard_error":0.0007550567255784705},"median":{"confidence_interval":{"confidence_level":0.95,"lower_bound":-0.09495912517588956,"upper_bound":-0.0909130135638927},"point_estimate":-0.09202006408595675,"standard_error":0.0009870467752212846}}