{"mean":{"confidence_interval":{"confidence_level":0.95,"lower_bound":1413566436.38375,"upper_bound":1415319522.7},"point_estimate":1414421060.3,"standard_error":448597.3430694886},"median":{"confidence_interval":{"confidence_level":0.95,"lower_bound":1413041453.5,"upper_bound":1415559090.0},"point_estimate":1414534573.5,"standard_error":518927.2364570783},"median_abs_dev":{"confidence_interval":{"confidence_level":0.95,"lower_bound":160292.03745424747,"upper_bound":2864123.3235016465},"point_estimate":1430762.3481988907,"standard_error":818369.8652080849},"slope":null,"std_dev":{"confidence_interval":{"confidence_level":0.95,"lower_bound":822211.4767917098,"upper_bound":1892812.8850602813},"point_estimate":1497846.7829830148,"standard_error":283968.2283694231}}