{"mean":{"confidence_interval":{"confidence_level":0.95,"lower_bound":-0.11339472914180596,"upper_bound":-0.09044286602217},"point_estimate":-0.1016037158386982,"standard_error":0.005868939146800196},"median":{"confidence_interval":{"confidence_level":0.95,"lower_bound":-0.11737966555561308,"upper_bound":-0.08324873645935826},"point_estimate":-0.10127009721865365,"standard_error":0.010423741821506566}}