{"mean":{"confidence_interval":{"confidence_level":0.95,"lower_bound":-0.10019723237552247,"upper_bound":-0.0957954735034764},"point_estimate":-0.0984386381407153,"standard_error":0.0011564494069998537},"median":{"confidence_interval":{"confidence_level":0.95,"lower_bound":-0.10032959793392093,"upper_bound":-0.0985722978672603},"point_estimate":-0.09950988943780015,"standard_error":0.0004112428738207208}}