{"mean":{"confidence_interval":{"confidence_level":0.95,"lower_bound":2.9938819561302052,"upper_bound":3.0325635297683586},"point_estimate":3.012886642352175,"standard_error":0.009912929740670267},"median":{"confidence_interval":{"confidence_level":0.95,"lower_bound":2.9844117190653345,"upper_bound":3.041160219856855},"point_estimate":3.0120344339995073,"standard_error":0.01633758458504857}}