{"mean":{"confidence_interval":{"confidence_level":0.95,"lower_bound":-0.14198572660696845,"upper_bound":-0.12291950339647162},"point_estimate":-0.13281514263669514,"standard_error":0.004967533977930338},"median":{"confidence_interval":{"confidence_level":0.95,"lower_bound":-0.14756461590075765,"upper_bound":-0.11639196618067205},"point_estimate":-0.13292939305487173,"standard_error":0.008080362058519712}}