{"mean":{"confidence_interval":{"confidence_level":0.95,"lower_bound":2629025194.6,"upper_bound":2636787556.3},"point_estimate":2632703865.7,"standard_error":1991495.0804380742},"median":{"confidence_interval":{"confidence_level":0.95,"lower_bound":2627353467.0,"upper_bound":2637975142.5},"point_estimate":2630307104.5,"standard_error":2816990.018929573},"median_abs_dev":{"confidence_interval":{"confidence_level":0.95,"lower_bound":1235157.7445715666,"upper_bound":11072691.156220436},"point_estimate":5667818.095976114,"standard_error":2579159.065030463},"slope":null,"std_dev":{"confidence_interval":{"confidence_level":0.95,"lower_bound":3309077.611978237,"upper_bound":8276495.406568319},"point_estimate":6624772.465072962,"standard_error":1261556.7660966108}}