{"mean":{"confidence_interval":{"confidence_level":0.95,"lower_bound":-0.11647242709353782,"upper_bound":-0.09291697889239044},"point_estimate":-0.10549510310354815,"standard_error":0.005902846161903772},"median":{"confidence_interval":{"confidence_level":0.95,"lower_bound":-0.11757234743494116,"upper_bound":-0.10042372823625634},"point_estimate":-0.1034975431970041,"standard_error":0.004947869727881566}}