{"mean":{"confidence_interval":{"confidence_level":0.95,"lower_bound":894867259.6666666,"upper_bound":896491328.9324999},"point_estimate":895714784.5,"standard_error":415601.6423166914},"median":{"confidence_interval":{"confidence_level":0.95,"lower_bound":894972690.6666666,"upper_bound":897021019.6666666},"point_estimate":895548247.6666667,"standard_error":650226.9291793228},"median_abs_dev":{"confidence_interval":{"confidence_level":0.95,"lower_bound":75895.52815264394,"upper_bound":2728435.897460727},"point_estimate":1285051.6814857721,"standard_error":651188.7580307823},"slope":null,"std_dev":{"confidence_interval":{"confidence_level":0.95,"lower_bound":777391.4848104924,"upper_bound":1826556.6754227474},"point_estimate":1387455.2518076971,"standard_error":293731.4688862547}}