{"mean":{"confidence_interval":{"confidence_level":0.95,"lower_bound":1612479901.1,"upper_bound":1617201185.8},"point_estimate":1614550125.95,"standard_error":1221575.167790528},"median":{"confidence_interval":{"confidence_level":0.95,"lower_bound":1611697948.0,"upper_bound":1616705065.5},"point_estimate":1613324474.0,"standard_error":1367780.8023559311},"median_abs_dev":{"confidence_interval":{"confidence_level":0.95,"lower_bound":324376.5656411648,"upper_bound":5711341.671453416},"point_estimate":2456243.391492963,"standard_error":1295603.5132310204},"slope":null,"std_dev":{"confidence_interval":{"confidence_level":0.95,"lower_bound":1543114.29265233,"upper_bound":5783615.341079249},"point_estimate":4061674.6837442317,"standard_error":1267008.717956635}}