{"mean":{"confidence_interval":{"confidence_level":0.95,"lower_bound":1255972540.735,"upper_bound":1260331292.2},"point_estimate":1258064396.7,"standard_error":1118971.0052872684},"median":{"confidence_interval":{"confidence_level":0.95,"lower_bound":1254980422.0,"upper_bound":1261485326.5},"point_estimate":1256560664.0,"standard_error":1926700.464226983},"median_abs_dev":{"confidence_interval":{"confidence_level":0.95,"lower_bound":196785.4945063591,"upper_bound":6071232.436864078},"point_estimate":3049996.882201731,"standard_error":1598713.592626704},"slope":null,"std_dev":{"confidence_interval":{"confidence_level":0.95,"lower_bound":2035262.116423392,"upper_bound":4377133.602707692},"point_estimate":3723635.257956644,"standard_error":593579.6775843157}}