{"mean":{"confidence_interval":{"confidence_level":0.95,"lower_bound":-0.10746811027127577,"upper_bound":-0.10304793127670829},"point_estimate":-0.10561478740849561,"standard_error":0.0012029573980809388},"median":{"confidence_interval":{"confidence_level":0.95,"lower_bound":-0.10754004691645336,"upper_bound":-0.10476278633978542},"point_estimate":-0.10663913474268294,"standard_error":0.0006826106060909082}}