{"mean":{"confidence_interval":{"confidence_level":0.95,"lower_bound":-0.09152446764480392,"upper_bound":-0.08860570691385423},"point_estimate":-0.0900149669136886,"standard_error":0.0007452332264713418},"median":{"confidence_interval":{"confidence_level":0.95,"lower_bound":-0.09210846896044866,"upper_bound":-0.08807079807731732},"point_estimate":-0.08967255190893664,"standard_error":0.000984681609694826}}