{"mean":{"confidence_interval":{"confidence_level":0.95,"lower_bound":1074794325.2975001,"upper_bound":1077515314.8},"point_estimate":1076105611.85,"standard_error":698274.4914404588},"median":{"confidence_interval":{"confidence_level":0.95,"lower_bound":1074195058.0,"upper_bound":1078255334.25},"point_estimate":1075945373.5,"standard_error":951340.1844440394},"median_abs_dev":{"confidence_interval":{"confidence_level":0.95,"lower_bound":237607.40218162537,"upper_bound":4334630.470494926},"point_estimate":2021495.4121112823,"standard_error":1011446.808228728},"slope":null,"std_dev":{"confidence_interval":{"confidence_level":0.95,"lower_bound":1239313.0896254862,"upper_bound":2900528.6582377283},"point_estimate":2324560.9879649566,"standard_error":420010.98652736156}}