{"mean":{"confidence_interval":{"confidence_level":0.95,"lower_bound":3332061805.3399997,"upper_bound":3346037711.7},"point_estimate":3338325105.3,"standard_error":3607303.083394131},"median":{"confidence_interval":{"confidence_level":0.95,"lower_bound":3329729825.0,"upper_bound":3345905201.0},"point_estimate":3333244958.0,"standard_error":3913554.7116348776},"median_abs_dev":{"confidence_interval":{"confidence_level":0.95,"lower_bound":1002206.4476072788,"upper_bound":18274863.084456325},"point_estimate":6296245.522919297,"standard_error":4230755.212646495},"slope":null,"std_dev":{"confidence_interval":{"confidence_level":0.95,"lower_bound":3523661.949773662,"upper_bound":15815855.507099014},"point_estimate":12017993.845958559,"standard_error":3221352.7679533577}}