{"mean":{"confidence_interval":{"confidence_level":0.95,"lower_bound":-0.11870677794704984,"upper_bound":-0.1049403235879242},"point_estimate":-0.11211699603825054,"standard_error":0.003523776377817057},"median":{"confidence_interval":{"confidence_level":0.95,"lower_bound":-0.11929819888247362,"upper_bound":-0.10149534056167919},"point_estimate":-0.11476038990858162,"standard_error":0.0039221701432295124}}