{"mean":{"confidence_interval":{"confidence_level":0.95,"lower_bound":3711663739.1175,"upper_bound":3720787111.6875},"point_estimate":3716105152.3,"standard_error":2324075.509355483},"median":{"confidence_interval":{"confidence_level":0.95,"lower_bound":3711466508.0,"upper_bound":3721046736.0},"point_estimate":3714278533.5,"standard_error":2727421.7239369964},"median_abs_dev":{"confidence_interval":{"confidence_level":0.95,"lower_bound":1086369.2003130913,"upper_bound":13108318.711280823},"point_estimate":5992519.351011515,"standard_error":3199174.8175685224},"slope":null,"std_dev":{"confidence_interval":{"confidence_level":0.95,"lower_bound":3615561.513548654,"upper_bound":10383683.051141553},"point_estimate":7744959.197145701,"standard_error":1781870.1028002298}}