{"mean":{"confidence_interval":{"confidence_level":0.95,"lower_bound":1005671827.43,"upper_bound":1006758986.53875},"point_estimate":1006237400.15,"standard_error":277767.00151731627},"median":{"confidence_interval":{"confidence_level":0.95,"lower_bound":1005850060.25,"upper_bound":1006964268.0},"point_estimate":1006238856.5,"standard_error":250467.14823227227},"median_abs_dev":{"confidence_interval":{"confidence_level":0.95,"lower_bound":95716.6543006897,"upper_bound":1575532.3052287102},"point_estimate":433331.725756824,"standard_error":383278.5613955858},"slope":null,"std_dev":{"confidence_interval":{"confidence_level":0.95,"lower_bound":333960.5427545011,"upper_bound":1266553.4893678536},"point_estimate":924965.6113046717,"standard_error":233747.77349451123}}