{"mean":{"confidence_interval":{"confidence_level":0.95,"lower_bound":176052290.5718373,"upper_bound":176513330.8965754},"point_estimate":176288814.58079368,"standard_error":118358.44492136045},"median":{"confidence_interval":{"confidence_level":0.95,"lower_bound":175975490.75,"upper_bound":176651686.2777778},"point_estimate":176311321.96666667,"standard_error":189110.2136495465},"median_abs_dev":{"confidence_interval":{"confidence_level":0.95,"lower_bound":94104.90339598048,"upper_bound":679146.2495361101},"point_estimate":478681.76556170575,"standard_error":149427.49056340204},"slope":{"confidence_interval":{"confidence_level":0.95,"lower_bound":175896741.31650895,"upper_bound":176449389.5137174},"point_estimate":176174835.4060606,"standard_error":145689.85017723968},"std_dev":{"confidence_interval":{"confidence_level":0.95,"lower_bound":237593.7985522782,"upper_bound":484005.94627287716},"point_estimate":394870.9434472184,"standard_error":63448.24589782641}}