{"mean":{"confidence_interval":{"confidence_level":0.95,"lower_bound":1189714181.295,"upper_bound":1192064339.05625},"point_estimate":1191078094.1,"standard_error":613799.6256394796},"median":{"confidence_interval":{"confidence_level":0.95,"lower_bound":1190873502.0,"upper_bound":1192116660.5},"point_estimate":1191433792.25,"standard_error":328958.3092497215},"median_abs_dev":{"confidence_interval":{"confidence_level":0.95,"lower_bound":139477.07512378693,"upper_bound":2086529.6599566936},"point_estimate":921553.379689157,"standard_error":483104.8043924437},"slope":null,"std_dev":{"confidence_interval":{"confidence_level":0.95,"lower_bound":489696.53167407046,"upper_bound":3038062.7427006145},"point_estimate":2048731.8381025207,"standard_error":786589.767942898}}