{"mean":{"confidence_interval":{"confidence_level":0.95,"lower_bound":2155247747.2349997,"upper_bound":2161131452.4},"point_estimate":2158226992.3,"standard_error":1501220.9169395766},"median":{"confidence_interval":{"confidence_level":0.95,"lower_bound":2155161362.5,"upper_bound":2161718200.5},"point_estimate":2158175987.0,"standard_error":1923324.6755576693},"median_abs_dev":{"confidence_interval":{"confidence_level":0.95,"lower_bound":920584.8712563515,"upper_bound":8515676.185816526},"point_estimate":4270012.462592125,"standard_error":1887716.8969161627},"slope":null,"std_dev":{"confidence_interval":{"confidence_level":0.95,"lower_bound":2615678.958084937,"upper_bound":6567572.853872297},"point_estimate":4997057.106285015,"standard_error":1015398.7123289877}}