{"mean":{"confidence_interval":{"confidence_level":0.95,"lower_bound":1849682677.7887502,"upper_bound":1855608784.73},"point_estimate":1852657314.95,"standard_error":1519546.2902842066},"median":{"confidence_interval":{"confidence_level":0.95,"lower_bound":1847895301.0,"upper_bound":1857395515.0},"point_estimate":1852502448.25,"standard_error":2861245.7436768427},"median_abs_dev":{"confidence_interval":{"confidence_level":0.95,"lower_bound":743910.474742949,"upper_bound":7886385.144388676},"point_estimate":7032263.006052375,"standard_error":1997164.618461037},"slope":null,"std_dev":{"confidence_interval":{"confidence_level":0.95,"lower_bound":3334486.7611004417,"upper_bound":5877749.794682217},"point_estimate":5065981.645409278,"standard_error":651015.5585547207}}