{"mean":{"confidence_interval":{"confidence_level":0.95,"lower_bound":-0.08341908231455562,"upper_bound":-0.0776426599551076},"point_estimate":-0.08065600452074884,"standard_error":0.0014912828755148367},"median":{"confidence_interval":{"confidence_level":0.95,"lower_bound":-0.08354153277042953,"upper_bound":-0.07842281858963696},"point_estimate":-0.08006559013715786,"standard_error":0.0013365782503181893}}