{"mean":{"confidence_interval":{"confidence_level":0.95,"lower_bound":1044522580.45,"upper_bound":1045570733.25},"point_estimate":1045048153.9,"standard_error":268954.7193723443},"median":{"confidence_interval":{"confidence_level":0.95,"lower_bound":1044194476.5,"upper_bound":1045774427.0},"point_estimate":1045237852.25,"standard_error":423014.2727754079},"median_abs_dev":{"confidence_interval":{"confidence_level":0.95,"lower_bound":202967.5657466054,"upper_bound":1546908.859486878},"point_estimate":1147934.9055200815,"standard_error":351796.53179795906},"slope":null,"std_dev":{"confidence_interval":{"confidence_level":0.95,"lower_bound":552594.9435157801,"upper_bound":1079206.8746579862},"point_estimate":897504.9599822029,"standard_error":134395.700808739}}