{"mean":{"confidence_interval":{"confidence_level":0.95,"lower_bound":2396670439.1525,"upper_bound":2400439115.1975},"point_estimate":2398466604.1,"standard_error":966934.5244340478},"median":{"confidence_interval":{"confidence_level":0.95,"lower_bound":2395750921.0,"upper_bound":2401869575.0},"point_estimate":2397697610.5,"standard_error":1469386.8464137802},"median_abs_dev":{"confidence_interval":{"confidence_level":0.95,"lower_bound":585499.4860053062,"upper_bound":5209668.017309904},"point_estimate":3236813.003835082,"standard_error":1249191.5263588012},"slope":null,"std_dev":{"confidence_interval":{"confidence_level":0.95,"lower_bound":1539653.5387382973,"upper_bound":3935392.6689897696},"point_estimate":3221009.2337396867,"standard_error":567633.3088078916}}