{"mean":{"confidence_interval":{"confidence_level":0.95,"lower_bound":-0.08626964989518623,"upper_bound":-0.07817285779937296},"point_estimate":-0.08250111146047256,"standard_error":0.0020750259245958078},"median":{"confidence_interval":{"confidence_level":0.95,"lower_bound":-0.08849462491128524,"upper_bound":-0.07440815575031468},"point_estimate":-0.08594220411540876,"standard_error":0.0033129604882386437}}