{"mean":{"confidence_interval":{"confidence_level":0.95,"lower_bound":3331620271.745,"upper_bound":3349592961.71},"point_estimate":3339819285.9,"standard_error":4639007.700698937},"median":{"confidence_interval":{"confidence_level":0.95,"lower_bound":3328715774.0,"upper_bound":3351081749.0},"point_estimate":3335677381.0,"standard_error":5229345.767157296},"median_abs_dev":{"confidence_interval":{"confidence_level":0.95,"lower_bound":2133453.207823634,"upper_bound":24800666.974300146},"point_estimate":10782680.516669154,"standard_error":5716058.439602186},"slope":null,"std_dev":{"confidence_interval":{"confidence_level":0.95,"lower_bound":5737190.044141742,"upper_bound":20784091.836618554},"point_estimate":15459312.623277599,"standard_error":3955710.5623134184}}