{"mean":{"confidence_interval":{"confidence_level":0.95,"lower_bound":-0.09591418612648198,"upper_bound":-0.08811884748148598},"point_estimate":-0.09214321184369634,"standard_error":0.001995429049798789},"median":{"confidence_interval":{"confidence_level":0.95,"lower_bound":-0.09579070532969858,"upper_bound":-0.0886270276358071},"point_estimate":-0.09426128975980685,"standard_error":0.0017597396508221143}}