{"mean":{"confidence_interval":{"confidence_level":0.95,"lower_bound":-0.0564409267988491,"upper_bound":-0.05441337395626559},"point_estimate":-0.055383196574106064,"standard_error":0.0005231314627181505},"median":{"confidence_interval":{"confidence_level":0.95,"lower_bound":-0.05609860790993071,"upper_bound":-0.05405157875266142},"point_estimate":-0.054841988788175255,"standard_error":0.00048016963972738187}}