{"mean":{"confidence_interval":{"confidence_level":0.95,"lower_bound":-0.09586551980409165,"upper_bound":-0.0912953569855708},"point_estimate":-0.0935730529889448,"standard_error":0.001170042686202015},"median":{"confidence_interval":{"confidence_level":0.95,"lower_bound":-0.09741843720475818,"upper_bound":-0.08991127199224769},"point_estimate":-0.09338884988180196,"standard_error":0.0024072323578244645}}