{"mean":{"confidence_interval":{"confidence_level":0.95,"lower_bound":1840066742.76,"upper_bound":1861165405.1},"point_estimate":1849749436.2,"standard_error":5349115.134473634},"median":{"confidence_interval":{"confidence_level":0.95,"lower_bound":1838772848.75,"upper_bound":1860325732.0},"point_estimate":1840464758.5,"standard_error":6081419.727389354},"median_abs_dev":{"confidence_interval":{"confidence_level":0.95,"lower_bound":173384.13652181625,"upper_bound":26660720.2220276},"point_estimate":2541949.5307713747,"standard_error":7047499.604684601},"slope":null,"std_dev":{"confidence_interval":{"confidence_level":0.95,"lower_bound":1725191.7755673174,"upper_bound":23592921.79555342},"point_estimate":17812932.942486793,"standard_error":4917669.778101366}}