{"mean":{"confidence_interval":{"confidence_level":0.95,"lower_bound":1265760578.55,"upper_bound":1271313361.635},"point_estimate":1268539643.1,"standard_error":1421099.980153562},"median":{"confidence_interval":{"confidence_level":0.95,"lower_bound":1263750754.5,"upper_bound":1272362686.25},"point_estimate":1270319355.5,"standard_error":2533515.732880821},"median_abs_dev":{"confidence_interval":{"confidence_level":0.95,"lower_bound":138330.28404414654,"upper_bound":7613759.472128749},"point_estimate":6767156.710208952,"standard_error":2379467.4168318305},"slope":null,"std_dev":{"confidence_interval":{"confidence_level":0.95,"lower_bound":3077769.1744843237,"upper_bound":5609448.058511075},"point_estimate":4726346.720208507,"standard_error":664785.0287193449}}