{"mean":{"confidence_interval":{"confidence_level":0.95,"lower_bound":-0.03856113210102657,"upper_bound":-0.03357249617781348},"point_estimate":-0.03581507021553254,"standard_error":0.0012838766826167782},"median":{"confidence_interval":{"confidence_level":0.95,"lower_bound":-0.03766323105043201,"upper_bound":-0.0334441926008211},"point_estimate":-0.034695999673778566,"standard_error":0.001118189828464238}}