{"mean":{"confidence_interval":{"confidence_level":0.95,"lower_bound":390658357.40873015,"upper_bound":390999133.2825893},"point_estimate":390817829.96373016,"standard_error":87781.14789063697},"median":{"confidence_interval":{"confidence_level":0.95,"lower_bound":390587079.25,"upper_bound":391077717.15},"point_estimate":390711932.07142854,"standard_error":115310.13266069636},"median_abs_dev":{"confidence_interval":{"confidence_level":0.95,"lower_bound":45889.84621864534,"upper_bound":495765.12259840965},"point_estimate":241681.80929929903,"standard_error":111946.84219366721},"slope":{"confidence_interval":{"confidence_level":0.95,"lower_bound":390627353.35714287,"upper_bound":390848096.332},"point_estimate":390732652.425974,"standard_error":57067.264693505545},"std_dev":{"confidence_interval":{"confidence_level":0.95,"lower_bound":123096.14282547147,"upper_bound":360921.60560207703},"point_estimate":292954.9958351174,"standard_error":60199.874392837235}}