{"mean":{"confidence_interval":{"confidence_level":0.95,"lower_bound":-0.08962280593321872,"upper_bound":-0.08460191646841624},"point_estimate":-0.08704929074285062,"standard_error":0.0012856406535088532},"median":{"confidence_interval":{"confidence_level":0.95,"lower_bound":-0.09234017651430737,"upper_bound":-0.08360850864005398},"point_estimate":-0.08546998429518426,"standard_error":0.002034406622358288}}