{"mean":{"confidence_interval":{"confidence_level":0.95,"lower_bound":-0.15892932118584838,"upper_bound":-0.15368503368398256},"point_estimate":-0.15614097741178512,"standard_error":0.0013474983246302599},"median":{"confidence_interval":{"confidence_level":0.95,"lower_bound":-0.1611528805171185,"upper_bound":-0.15247728316299736},"point_estimate":-0.15591367359473252,"standard_error":0.0022387979004070877}}