{"mean":{"confidence_interval":{"confidence_level":0.95,"lower_bound":-0.04261848446628089,"upper_bound":-0.011052074115496037},"point_estimate":-0.025951251368773964,"standard_error":0.007980998151596395},"median":{"confidence_interval":{"confidence_level":0.95,"lower_bound":-0.05225497916504174,"upper_bound":-0.007709780872134586},"point_estimate":-0.010860270793731197,"standard_error":0.010909005390272808}}