{"mean":{"confidence_interval":{"confidence_level":0.95,"lower_bound":-0.10202561401469826,"upper_bound":-0.08096452925974558},"point_estimate":-0.0915024527615238,"standard_error":0.005392110161907305},"median":{"confidence_interval":{"confidence_level":0.95,"lower_bound":-0.1069132697411247,"upper_bound":-0.08092042152833545},"point_estimate":-0.10597561782115594,"standard_error":0.00808189503586039}}