{"mean":{"confidence_interval":{"confidence_level":0.95,"lower_bound":1783225626.5025,"upper_bound":1803479428.25},"point_estimate":1794893825.6,"standard_error":5334926.804592725},"median":{"confidence_interval":{"confidence_level":0.95,"lower_bound":1786054396.25,"upper_bound":1804307511.25},"point_estimate":1803222691.75,"standard_error":3867333.1851427513},"median_abs_dev":{"confidence_interval":{"confidence_level":0.95,"lower_bound":42012.43545413017,"upper_bound":23279699.537202716},"point_estimate":3403202.604331076,"standard_error":4378220.41238255},"slope":null,"std_dev":{"confidence_interval":{"confidence_level":0.95,"lower_bound":1770523.1905043751,"upper_bound":24390984.693560276},"point_estimate":17776851.20104793,"standard_error":6207487.881351781}}