{"mean":{"confidence_interval":{"confidence_level":0.95,"lower_bound":-0.037550180684762485,"upper_bound":-0.015135123353835146},"point_estimate":-0.02588984000791983,"standard_error":0.005746548522242165},"median":{"confidence_interval":{"confidence_level":0.95,"lower_bound":-0.042905460937414444,"upper_bound":-0.008633746508752593},"point_estimate":-0.021236345024303938,"standard_error":0.007606079381036881}}