{"mean":{"confidence_interval":{"confidence_level":0.95,"lower_bound":-0.11720570767408965,"upper_bound":-0.10979732773340818},"point_estimate":-0.11390110026436395,"standard_error":0.0019197279657248265},"median":{"confidence_interval":{"confidence_level":0.95,"lower_bound":-0.11753630448811503,"upper_bound":-0.10963309438219815},"point_estimate":-0.11582243669732717,"standard_error":0.001606599643095685}}