{"mean":{"confidence_interval":{"confidence_level":0.95,"lower_bound":1934601507.9,"upper_bound":1943375729.4},"point_estimate":1938054132.6,"standard_error":2395125.746150139},"median":{"confidence_interval":{"confidence_level":0.95,"lower_bound":1933763946.0,"upper_bound":1938934773.5},"point_estimate":1934943758.25,"standard_error":1448195.862911803},"median_abs_dev":{"confidence_interval":{"confidence_level":0.95,"lower_bound":416962.3394474387,"upper_bound":5944858.5803076625},"point_estimate":2013831.8528473377,"standard_error":1533259.9731712064},"slope":null,"std_dev":{"confidence_interval":{"confidence_level":0.95,"lower_bound":1261437.134371453,"upper_bound":12128764.966131268},"point_estimate":8008411.6927499315,"standard_error":3508347.1066816887}}