{"mean":{"confidence_interval":{"confidence_level":0.95,"lower_bound":1017857241.4,"upper_bound":1021889295.2},"point_estimate":1019389677.1,"standard_error":1131698.515000309},"median":{"confidence_interval":{"confidence_level":0.95,"lower_bound":1017697974.5,"upper_bound":1019293761.75},"point_estimate":1018266583.0,"standard_error":462741.56723422516},"median_abs_dev":{"confidence_interval":{"confidence_level":0.95,"lower_bound":235989.1443103552,"upper_bound":2054383.1860274076},"point_estimate":797026.4720499516,"standard_error":549792.6830362431},"slope":null,"std_dev":{"confidence_interval":{"confidence_level":0.95,"lower_bound":472634.1907980061,"upper_bound":5784619.150271641},"point_estimate":3782402.6047718795,"standard_error":1788234.3311330972}}