{"mean":{"confidence_interval":{"confidence_level":0.95,"lower_bound":2493272563.25,"upper_bound":2504904991.2225},"point_estimate":2499362048.7,"standard_error":2985881.4776328485},"median":{"confidence_interval":{"confidence_level":0.95,"lower_bound":2494649429.5,"upper_bound":2506510466.5},"point_estimate":2499617133.0,"standard_error":3238473.4987472123},"median_abs_dev":{"confidence_interval":{"confidence_level":0.95,"lower_bound":905254.046228528,"upper_bound":16518429.860839248},"point_estimate":6595802.623701096,"standard_error":3814962.2069367548},"slope":null,"std_dev":{"confidence_interval":{"confidence_level":0.95,"lower_bound":4433778.458405833,"upper_bound":13527099.313439112},"point_estimate":9909206.405792905,"standard_error":2437664.8328840137}}