{"mean":{"confidence_interval":{"confidence_level":0.95,"lower_bound":1081329739.9375,"upper_bound":1084116986.33875},"point_estimate":1082626006.85,"standard_error":716895.3377791694},"median":{"confidence_interval":{"confidence_level":0.95,"lower_bound":1080935739.0,"upper_bound":1084415777.5},"point_estimate":1081907812.25,"standard_error":799907.6777047707},"median_abs_dev":{"confidence_interval":{"confidence_level":0.95,"lower_bound":396967.99620240927,"upper_bound":3965539.801597595},"point_estimate":1880417.1290159225,"standard_error":868842.7005986806},"slope":null,"std_dev":{"confidence_interval":{"confidence_level":0.95,"lower_bound":905253.9819273574,"upper_bound":3010063.858287432},"point_estimate":2388094.287623549,"standard_error":531410.907957477}}