{"mean":{"confidence_interval":{"confidence_level":0.95,"lower_bound":1916252562.8,"upper_bound":1920927979.35},"point_estimate":1918468209.8,"standard_error":1197720.995495921},"median":{"confidence_interval":{"confidence_level":0.95,"lower_bound":1915101387.5,"upper_bound":1920652433.0},"point_estimate":1918795510.5,"standard_error":1634113.872067369},"median_abs_dev":{"confidence_interval":{"confidence_level":0.95,"lower_bound":149496.1150959134,"upper_bound":6648834.112809598},"point_estimate":5316286.970517039,"standard_error":1804257.391563287},"slope":null,"std_dev":{"confidence_interval":{"confidence_level":0.95,"lower_bound":2100188.8083895775,"upper_bound":5241787.899304706},"point_estimate":3999978.7675890317,"standard_error":860172.8011246836}}