{"mean":{"confidence_interval":{"confidence_level":0.95,"lower_bound":-0.0938003491684683,"upper_bound":-0.08809861327670969},"point_estimate":-0.09102653067711608,"standard_error":0.0014441664349928783},"median":{"confidence_interval":{"confidence_level":0.95,"lower_bound":-0.09568736927994015,"upper_bound":-0.08710628066345527},"point_estimate":-0.09142808146189108,"standard_error":0.0022157374756558404}}