{"mean":{"confidence_interval":{"confidence_level":0.95,"lower_bound":3105172597.1575003,"upper_bound":3109981077.62},"point_estimate":3107515125.9,"standard_error":1227258.179412386},"median":{"confidence_interval":{"confidence_level":0.95,"lower_bound":3104212284.0,"upper_bound":3110066605.0},"point_estimate":3107345138.0,"standard_error":1250568.8131133197},"median_abs_dev":{"confidence_interval":{"confidence_level":0.95,"lower_bound":516927.75462269783,"upper_bound":7089523.982235789},"point_estimate":2898293.1757450104,"standard_error":1747977.7915665978},"slope":null,"std_dev":{"confidence_interval":{"confidence_level":0.95,"lower_bound":2048117.5444879476,"upper_bound":5331810.728156731},"point_estimate":4094546.898169712,"standard_error":855374.1013574821}}