{"mean":{"confidence_interval":{"confidence_level":0.95,"lower_bound":-0.07653309534122191,"upper_bound":-0.07230858096393304},"point_estimate":-0.07456636417362039,"standard_error":0.0010784811377119838},"median":{"confidence_interval":{"confidence_level":0.95,"lower_bound":-0.07722775143138239,"upper_bound":-0.0725605521499948},"point_estimate":-0.07494462748091901,"standard_error":0.0011530911365678722}}