{"mean":{"confidence_interval":{"confidence_level":0.95,"lower_bound":3529979868.5150003,"upper_bound":3549181709.0},"point_estimate":3539676166.3,"standard_error":4906231.026482212},"median":{"confidence_interval":{"confidence_level":0.95,"lower_bound":3527535871.5,"upper_bound":3552662544.5},"point_estimate":3539180871.5,"standard_error":5854280.2705149045},"median_abs_dev":{"confidence_interval":{"confidence_level":0.95,"lower_bound":4153365.9444630146,"upper_bound":28332597.433295846},"point_estimate":13375401.683539152,"standard_error":6390665.288170218},"slope":null,"std_dev":{"confidence_interval":{"confidence_level":0.95,"lower_bound":8929146.79807776,"upper_bound":20778360.29551402},"point_estimate":16292662.043256883,"standard_error":3044272.0258630454}}