{"mean":{"confidence_interval":{"confidence_level":0.95,"lower_bound":2952860880.49,"upper_bound":2963621121.5},"point_estimate":2957639474.9,"standard_error":2764746.4950827425},"median":{"confidence_interval":{"confidence_level":0.95,"lower_bound":2951996127.0,"upper_bound":2964151556.5},"point_estimate":2954261797.5,"standard_error":2405891.233348283},"median_abs_dev":{"confidence_interval":{"confidence_level":0.95,"lower_bound":308139.8720294237,"upper_bound":12626353.629237413},"point_estimate":3771554.197141528,"standard_error":2751211.5441825115},"slope":null,"std_dev":{"confidence_interval":{"confidence_level":0.95,"lower_bound":1996915.7866219217,"upper_bound":11722291.19845022},"point_estimate":9195545.492227351,"standard_error":2570639.040163671}}