{"mean":{"confidence_interval":{"confidence_level":0.95,"lower_bound":-0.14619716880402034,"upper_bound":-0.13790480954758058},"point_estimate":-0.14190268760702895,"standard_error":0.0021177169593419864},"median":{"confidence_interval":{"confidence_level":0.95,"lower_bound":-0.14912726055059633,"upper_bound":-0.1363139070737004},"point_estimate":-0.13803983073777082,"standard_error":0.003920846398749481}}