{"mean":{"confidence_interval":{"confidence_level":0.95,"lower_bound":1418339436.1,"upper_bound":1424327835.25},"point_estimate":1421847328.4,"standard_error":1582306.5954364927},"median":{"confidence_interval":{"confidence_level":0.95,"lower_bound":1420791091.0,"upper_bound":1424505393.25},"point_estimate":1423349568.5,"standard_error":953825.8345750477},"median_abs_dev":{"confidence_interval":{"confidence_level":0.95,"lower_bound":441441.9182628393,"upper_bound":5172342.080372572},"point_estimate":2311610.945610702,"standard_error":1218709.2613545754},"slope":null,"std_dev":{"confidence_interval":{"confidence_level":0.95,"lower_bound":1253083.2867738213,"upper_bound":7818656.140612555},"point_estimate":5245672.500883391,"standard_error":2047416.6457851224}}