{"mean":{"confidence_interval":{"confidence_level":0.95,"lower_bound":118567374.00416668,"upper_bound":123549598.8968941},"point_estimate":121120757.53784724,"standard_error":1271241.0290379042},"median":{"confidence_interval":{"confidence_level":0.95,"lower_bound":115997938.58333333,"upper_bound":124596181.490625},"point_estimate":123237476.525,"standard_error":2646259.7001986937},"median_abs_dev":{"confidence_interval":{"confidence_level":0.95,"lower_bound":390248.51335919654,"upper_bound":6558205.58718108},"point_estimate":3079116.7997103655,"standard_error":1845985.258322388},"slope":{"confidence_interval":{"confidence_level":0.95,"lower_bound":122175049.2923503,"upper_bound":124506750.13694727},"point_estimate":123762605.7448052,"standard_error":602714.8604642801},"std_dev":{"confidence_interval":{"confidence_level":0.95,"lower_bound":2742332.151846879,"upper_bound":4693939.403452169},"point_estimate":4239737.541791192,"standard_error":528681.0810905994}}