{"mean":{"confidence_interval":{"confidence_level":0.95,"lower_bound":3479823933.0,"upper_bound":3485081758.4125},"point_estimate":3482445894.2,"standard_error":1347853.3274859693},"median":{"confidence_interval":{"confidence_level":0.95,"lower_bound":3478532569.0,"upper_bound":3485617021.0},"point_estimate":3483256996.5,"standard_error":1833703.3931972594},"median_abs_dev":{"confidence_interval":{"confidence_level":0.95,"lower_bound":536968.0584669113,"upper_bound":7965014.83399272},"point_estimate":4556959.3092978,"standard_error":1756327.5589567218},"slope":null,"std_dev":{"confidence_interval":{"confidence_level":0.95,"lower_bound":2608654.578877818,"upper_bound":5695849.365618734},"point_estimate":4511115.199147344,"standard_error":798719.7793815928}}