{"mean":{"confidence_interval":{"confidence_level":0.95,"lower_bound":2367535052.4,"upper_bound":2372092633.6},"point_estimate":2369807366.0,"standard_error":1167902.2586983377},"median":{"confidence_interval":{"confidence_level":0.95,"lower_bound":2366247967.0,"upper_bound":2373788011.0},"point_estimate":2369276994.5,"standard_error":2006775.8588982413},"median_abs_dev":{"confidence_interval":{"confidence_level":0.95,"lower_bound":1064470.4574018717,"upper_bound":6703585.4178875685},"point_estimate":5692688.710534573,"standard_error":1503981.8422878732},"slope":null,"std_dev":{"confidence_interval":{"confidence_level":0.95,"lower_bound":2474841.8406481273,"upper_bound":4639975.948546012},"point_estimate":3899548.5747556873,"standard_error":552170.3103913417}}