{"mean":{"confidence_interval":{"confidence_level":0.95,"lower_bound":-0.1374180072704903,"upper_bound":-0.13580360614512108},"point_estimate":-0.1365584907128965,"standard_error":0.00041341363834553036},"median":{"confidence_interval":{"confidence_level":0.95,"lower_bound":-0.13707755961803114,"upper_bound":-0.13564350971212524},"point_estimate":-0.1363431367013732,"standard_error":0.0004036475934601612}}