{"mean":{"confidence_interval":{"confidence_level":0.95,"lower_bound":1373033131.55,"upper_bound":1380055649.9},"point_estimate":1375947883.0,"standard_error":1842534.67874623},"median":{"confidence_interval":{"confidence_level":0.95,"lower_bound":1372365799.0,"upper_bound":1377488992.0},"point_estimate":1374488299.25,"standard_error":1285671.0918260857},"median_abs_dev":{"confidence_interval":{"confidence_level":0.95,"lower_bound":851894.5318758488,"upper_bound":6029906.8158477545},"point_estimate":3207734.770551324,"standard_error":1419940.6491572005},"slope":null,"std_dev":{"confidence_interval":{"confidence_level":0.95,"lower_bound":1717886.1290373462,"upper_bound":9108336.871376954},"point_estimate":6146724.192935096,"standard_error":2324048.4739303263}}