{"mean":{"confidence_interval":{"confidence_level":0.95,"lower_bound":2340705593.3900003,"upper_bound":2345694431.895},"point_estimate":2343084462.8,"standard_error":1277125.7483947477},"median":{"confidence_interval":{"confidence_level":0.95,"lower_bound":2339068544.0,"upper_bound":2346950543.5},"point_estimate":2342314314.5,"standard_error":1825209.3297915708},"median_abs_dev":{"confidence_interval":{"confidence_level":0.95,"lower_bound":520301.41086280346,"upper_bound":7548932.046979666},"point_estimate":4656971.055722237,"standard_error":1751842.028277212},"slope":null,"std_dev":{"confidence_interval":{"confidence_level":0.95,"lower_bound":2179985.7891698056,"upper_bound":5222903.940158859},"point_estimate":4258943.413887398,"standard_error":768578.0529481155}}