{"mean":{"confidence_interval":{"confidence_level":0.95,"lower_bound":-0.09516185861668615,"upper_bound":-0.09101523493171912},"point_estimate":-0.0929087020481707,"standard_error":0.001065330441216699},"median":{"confidence_interval":{"confidence_level":0.95,"lower_bound":-0.09476945894613675,"upper_bound":-0.09021062634427013},"point_estimate":-0.09108225001935821,"standard_error":0.0011098165389212453}}