{"mean":{"confidence_interval":{"confidence_level":0.95,"lower_bound":-0.07197906021654298,"upper_bound":-0.069754174466689},"point_estimate":-0.0708662277712,"standard_error":0.0005679818909317631},"median":{"confidence_interval":{"confidence_level":0.95,"lower_bound":-0.0716958579875635,"upper_bound":-0.06891838525772565},"point_estimate":-0.07086906573125451,"standard_error":0.0006315298759088183}}