{"mean":{"confidence_interval":{"confidence_level":0.95,"lower_bound":1382393902.6,"upper_bound":1383464602.01125},"point_estimate":1382912889.5,"standard_error":273112.55004689225},"median":{"confidence_interval":{"confidence_level":0.95,"lower_bound":1382127604.0,"upper_bound":1383358719.5},"point_estimate":1382989113.5,"standard_error":292496.0794121108},"median_abs_dev":{"confidence_interval":{"confidence_level":0.95,"lower_bound":142280.67167401314,"upper_bound":1644965.0565460324},"point_estimate":645802.7573347092,"standard_error":383275.42689963465},"slope":null,"std_dev":{"confidence_interval":{"confidence_level":0.95,"lower_bound":395179.1852720361,"upper_bound":1224281.2182363737},"point_estimate":910617.2072907169,"standard_error":207679.00932965046}}