{"mean":{"confidence_interval":{"confidence_level":0.95,"lower_bound":-0.08524041422937903,"upper_bound":-0.06928385959148566},"point_estimate":-0.07686789127123339,"standard_error":0.0041194273082220175},"median":{"confidence_interval":{"confidence_level":0.95,"lower_bound":-0.0883394981482013,"upper_bound":-0.06552839058542048},"point_estimate":-0.07122947765916665,"standard_error":0.0063614645444452465}}