{"mean":{"confidence_interval":{"confidence_level":0.95,"lower_bound":-0.08991385774534545,"upper_bound":-0.08397196916852184},"point_estimate":-0.08704597467704289,"standard_error":0.0015222062586369932},"median":{"confidence_interval":{"confidence_level":0.95,"lower_bound":-0.09111692849047048,"upper_bound":-0.08109729772496832},"point_estimate":-0.08955315106181339,"standard_error":0.002380134688396914}}