{"mean":{"confidence_interval":{"confidence_level":0.95,"lower_bound":2.399222575644576,"upper_bound":2.411566967371497},"point_estimate":2.405048142956322,"standard_error":0.0031821156534682813},"median":{"confidence_interval":{"confidence_level":0.95,"lower_bound":2.396818882039612,"upper_bound":2.4133700915960055},"point_estimate":2.404113058582631,"standard_error":0.004057623516311504}}