{"mean":{"confidence_interval":{"confidence_level":0.95,"lower_bound":765285230.7458332,"upper_bound":767979515.3183334},"point_estimate":766699961.5666667,"standard_error":692391.6773998317},"median":{"confidence_interval":{"confidence_level":0.95,"lower_bound":764390283.0,"upper_bound":768476330.5},"point_estimate":768133402.6666667,"standard_error":1257963.7097839264},"median_abs_dev":{"confidence_interval":{"confidence_level":0.95,"lower_bound":71852.97222429584,"upper_bound":3597917.77152425},"point_estimate":772227.0222901414,"standard_error":1114487.0015461943},"slope":null,"std_dev":{"confidence_interval":{"confidence_level":0.95,"lower_bound":1243723.632984344,"upper_bound":2677954.966494614},"point_estimate":2305847.6329937014,"standard_error":375368.9025297382}}