{"mean":{"confidence_interval":{"confidence_level":0.95,"lower_bound":1467836896.995,"upper_bound":1469842350.85},"point_estimate":1468789253.8,"standard_error":513714.44142997},"median":{"confidence_interval":{"confidence_level":0.95,"lower_bound":1467035625.0,"upper_bound":1469748693.75},"point_estimate":1469002088.25,"standard_error":744544.3993635863},"median_abs_dev":{"confidence_interval":{"confidence_level":0.95,"lower_bound":184697.85692095757,"upper_bound":3305107.118372619},"point_estimate":1714677.6486083865,"standard_error":768467.7977075328},"slope":null,"std_dev":{"confidence_interval":{"confidence_level":0.95,"lower_bound":942436.1899395683,"upper_bound":2244388.4285238027},"point_estimate":1705500.2152107458,"standard_error":364919.7530036178}}