{"mean":{"confidence_interval":{"confidence_level":0.95,"lower_bound":0.11130699426356491,"upper_bound":0.1674646382698286},"point_estimate":0.13869094230546164,"standard_error":0.014073204353104656},"median":{"confidence_interval":{"confidence_level":0.95,"lower_bound":0.09390348867643694,"upper_bound":0.1876952724606442},"point_estimate":0.12196382133673023,"standard_error":0.02863458453424568}}