{"mean":{"confidence_interval":{"confidence_level":0.95,"lower_bound":2552155611.7599998,"upper_bound":2558057775.9},"point_estimate":2555101942.0,"standard_error":1512539.7351626512},"median":{"confidence_interval":{"confidence_level":0.95,"lower_bound":2551012824.0,"upper_bound":2559201052.0},"point_estimate":2554528245.0,"standard_error":2123003.7451707823},"median_abs_dev":{"confidence_interval":{"confidence_level":0.95,"lower_bound":1367764.451417327,"upper_bound":8295667.986622453},"point_estimate":5788085.864540935,"standard_error":1954617.3410991142},"slope":null,"std_dev":{"confidence_interval":{"confidence_level":0.95,"lower_bound":2875863.4775307938,"upper_bound":6381167.872871991},"point_estimate":5040594.357042342,"standard_error":896222.1559230058}}