{"mean":{"confidence_interval":{"confidence_level":0.95,"lower_bound":-0.0759249103401706,"upper_bound":-0.06866535578741231},"point_estimate":-0.07272971191611832,"standard_error":0.0018713514902933461},"median":{"confidence_interval":{"confidence_level":0.95,"lower_bound":-0.07683529243565279,"upper_bound":-0.07036119345534997},"point_estimate":-0.0747757838105072,"standard_error":0.0016448022069430175}}