{"mean":{"confidence_interval":{"confidence_level":0.95,"lower_bound":2467883544.0,"upper_bound":2474801591.4},"point_estimate":2471312575.7,"standard_error":1771179.1398454471},"median":{"confidence_interval":{"confidence_level":0.95,"lower_bound":2466593886.5,"upper_bound":2475829050.0},"point_estimate":2470549085.0,"standard_error":1978984.6920557823},"median_abs_dev":{"confidence_interval":{"confidence_level":0.95,"lower_bound":925751.7321646214,"upper_bound":11218657.12664902},"point_estimate":4946206.295487285,"standard_error":2761425.937891205},"slope":null,"std_dev":{"confidence_interval":{"confidence_level":0.95,"lower_bound":3190523.6660818066,"upper_bound":7481250.122954135},"point_estimate":5889404.70221995,"standard_error":1107207.6418847626}}