{"mean":{"confidence_interval":{"confidence_level":0.95,"lower_bound":2571658893.1,"upper_bound":2577675284.0},"point_estimate":2574691628.5,"standard_error":1549583.0949329496},"median":{"confidence_interval":{"confidence_level":0.95,"lower_bound":2570544852.5,"upper_bound":2579227281.0},"point_estimate":2573949777.5,"standard_error":2656107.5765749337},"median_abs_dev":{"confidence_interval":{"confidence_level":0.95,"lower_bound":252895.97311019897,"upper_bound":8805259.095275402},"point_estimate":7298776.659920812,"standard_error":2203347.8117242474},"slope":null,"std_dev":{"confidence_interval":{"confidence_level":0.95,"lower_bound":3227382.871522691,"upper_bound":6351007.268097746},"point_estimate":5166928.523237513,"standard_error":813614.1461290856}}