{"mean":{"confidence_interval":{"confidence_level":0.95,"lower_bound":1526897050.4150002,"upper_bound":1530477887.79},"point_estimate":1528671964.45,"standard_error":913793.6657784358},"median":{"confidence_interval":{"confidence_level":0.95,"lower_bound":1526302408.5,"upper_bound":1530989327.25},"point_estimate":1528074765.75,"standard_error":1254006.4978367942},"median_abs_dev":{"confidence_interval":{"confidence_level":0.95,"lower_bound":453931.34044110775,"upper_bound":5022846.706576645},"point_estimate":3972190.0037795305,"standard_error":1360568.9608101242},"slope":null,"std_dev":{"confidence_interval":{"confidence_level":0.95,"lower_bound":1695538.0300593714,"upper_bound":3887738.9679599693},"point_estimate":3056060.3609412676,"standard_error":556856.0357275739}}