{"mean":{"confidence_interval":{"confidence_level":0.95,"lower_bound":3851999226.5,"upper_bound":3860071319.3325},"point_estimate":3856498765.2,"standard_error":2076784.704725395},"median":{"confidence_interval":{"confidence_level":0.95,"lower_bound":3854373124.0,"upper_bound":3862042565.0},"point_estimate":3856764137.0,"standard_error":1995778.2177257913},"median_abs_dev":{"confidence_interval":{"confidence_level":0.95,"lower_bound":836686.0213458538,"upper_bound":9551859.377020597},"point_estimate":4674467.218011618,"standard_error":2118959.7086469103},"slope":null,"std_dev":{"confidence_interval":{"confidence_level":0.95,"lower_bound":2719030.0158530944,"upper_bound":9893286.693566762},"point_estimate":6916149.401604589,"standard_error":2174465.67148809}}