{"mean":{"confidence_interval":{"confidence_level":0.95,"lower_bound":501488127.3602778,"upper_bound":503116842.1472222},"point_estimate":502325070.98849213,"standard_error":414489.70959923515},"median":{"confidence_interval":{"confidence_level":0.95,"lower_bound":501766962.9583334,"upper_bound":502917727.75},"point_estimate":502425313.0285714,"standard_error":295814.0067564335},"median_abs_dev":{"confidence_interval":{"confidence_level":0.95,"lower_bound":147138.86056281353,"upper_bound":2222429.0813206495},"point_estimate":781071.9913431914,"standard_error":482721.4797023016},"slope":{"confidence_interval":{"confidence_level":0.95,"lower_bound":502061462.83417684,"upper_bound":503858174.1725437},"point_estimate":502858030.77662337,"standard_error":488036.99232488655},"std_dev":{"confidence_interval":{"confidence_level":0.95,"lower_bound":449279.77048339724,"upper_bound":1928860.5575155306},"point_estimate":1381033.9069142658,"standard_error":382602.18887203856}}