{"mean":{"confidence_interval":{"confidence_level":0.95,"lower_bound":-0.09753186909448032,"upper_bound":-0.09241949505789147},"point_estimate":-0.09471596677557215,"standard_error":0.0013134661734100276},"median":{"confidence_interval":{"confidence_level":0.95,"lower_bound":-0.0971261211966179,"upper_bound":-0.0916256315055668},"point_estimate":-0.09299547458428414,"standard_error":0.0014594908909998348}}