{"mean":{"confidence_interval":{"confidence_level":0.95,"lower_bound":1011301486.2724999,"upper_bound":1013141913.7349999},"point_estimate":1012148156.75,"standard_error":473258.6787680169},"median":{"confidence_interval":{"confidence_level":0.95,"lower_bound":1010767115.0,"upper_bound":1012907185.75},"point_estimate":1011869712.0,"standard_error":486218.5507410588},"median_abs_dev":{"confidence_interval":{"confidence_level":0.95,"lower_bound":76713.7997880578,"upper_bound":2354553.341898322},"point_estimate":1485541.4520263672,"standard_error":565489.6328625827},"slope":null,"std_dev":{"confidence_interval":{"confidence_level":0.95,"lower_bound":709231.0906555662,"upper_bound":2170954.9618109576},"point_estimate":1580995.7561160668,"standard_error":414199.33778807323}}