{"mean":{"confidence_interval":{"confidence_level":0.95,"lower_bound":631486462.630006,"upper_bound":631751039.2239941},"point_estimate":631635304.1480951,"standard_error":68597.20010134435},"median":{"confidence_interval":{"confidence_level":0.95,"lower_bound":631553798.375,"upper_bound":631768507.9166666},"point_estimate":631700574.0666666,"standard_error":46711.63573712503},"median_abs_dev":{"confidence_interval":{"confidence_level":0.95,"lower_bound":9544.138490563562,"upper_bound":295437.326104939},"point_estimate":124551.98828870128,"standard_error":76265.80516677254},"slope":{"confidence_interval":{"confidence_level":0.95,"lower_bound":631636894.0295858,"upper_bound":631810254.7865478},"point_estimate":631715248.1714286,"standard_error":44765.73261440329},"std_dev":{"confidence_interval":{"confidence_level":0.95,"lower_bound":72458.19234270486,"upper_bound":328121.5607885349},"point_estimate":228784.23021184866,"standard_error":75555.44305377286}}