{"mean":{"confidence_interval":{"confidence_level":0.95,"lower_bound":-0.008970556228054746,"upper_bound":-0.0036534702793902096},"point_estimate":-0.00620910524380891,"standard_error":0.0013643801811008105},"median":{"confidence_interval":{"confidence_level":0.95,"lower_bound":-0.01018109329491379,"upper_bound":-0.0022946928778534437},"point_estimate":-0.0040709625217232315,"standard_error":0.0020023505902220093}}