{"mean":{"confidence_interval":{"confidence_level":0.95,"lower_bound":748214221.8,"upper_bound":750140600.7},"point_estimate":748997673.2666665,"standard_error":513705.6566605032},"median":{"confidence_interval":{"confidence_level":0.95,"lower_bound":747949721.0,"upper_bound":749043900.6666666},"point_estimate":748831043.0,"standard_error":338943.31040112703},"median_abs_dev":{"confidence_interval":{"confidence_level":0.95,"lower_bound":52281.41707170148,"upper_bound":1570775.1361131372},"point_estimate":635955.328309536,"standard_error":402089.92469397455},"slope":null,"std_dev":{"confidence_interval":{"confidence_level":0.95,"lower_bound":414204.411875828,"upper_bound":2588644.417619637},"point_estimate":1715398.966154788,"standard_error":710826.6542342803}}