{"mean":{"confidence_interval":{"confidence_level":0.95,"lower_bound":1591581480.3525,"upper_bound":1599068638.51625},"point_estimate":1594514758.65,"standard_error":2053441.3925511017},"median":{"confidence_interval":{"confidence_level":0.95,"lower_bound":1591186865.5,"upper_bound":1594339231.5},"point_estimate":1592912017.5,"standard_error":938569.416840024},"median_abs_dev":{"confidence_interval":{"confidence_level":0.95,"lower_bound":563790.5158907175,"upper_bound":4439423.231184483},"point_estimate":2336848.8743126392,"standard_error":1120307.2034953726},"slope":null,"std_dev":{"confidence_interval":{"confidence_level":0.95,"lower_bound":1245585.0778085433,"upper_bound":10426340.889228605},"point_estimate":6833408.3470401345,"standard_error":3079746.7434126837}}