{"mean":{"confidence_interval":{"confidence_level":0.95,"lower_bound":854442905.5016667,"upper_bound":856688104.1316665},"point_estimate":855496033.9666667,"standard_error":566939.2911609993},"median":{"confidence_interval":{"confidence_level":0.95,"lower_bound":854231904.3333334,"upper_bound":857472226.0},"point_estimate":854529981.6666667,"standard_error":832611.3120389084},"median_abs_dev":{"confidence_interval":{"confidence_level":0.95,"lower_bound":114374.92786940967,"upper_bound":2947869.094964862},"point_estimate":448346.38634034886,"standard_error":740876.1822079484},"slope":null,"std_dev":{"confidence_interval":{"confidence_level":0.95,"lower_bound":311801.5882350122,"upper_bound":2202743.867510595},"point_estimate":1884710.7273345962,"standard_error":385556.4766128225}}