{"mean":{"confidence_interval":{"confidence_level":0.95,"lower_bound":998863432.9333334,"upper_bound":999922278.2775002},"point_estimate":999361863.2333332,"standard_error":271889.13867462997},"median":{"confidence_interval":{"confidence_level":0.95,"lower_bound":998549410.0,"upper_bound":999929278.3333334},"point_estimate":999284375.5,"standard_error":395604.8012943866},"median_abs_dev":{"confidence_interval":{"confidence_level":0.95,"lower_bound":154103.17096415127,"upper_bound":1625815.1775359812},"point_estimate":952953.4880816642,"standard_error":355165.4668628259},"slope":null,"std_dev":{"confidence_interval":{"confidence_level":0.95,"lower_bound":474550.8690825153,"upper_bound":1195216.2716076057},"point_estimate":905901.5451548981,"standard_error":201352.27028618104}}