{"mean":{"confidence_interval":{"confidence_level":0.95,"lower_bound":2694990852.6150002,"upper_bound":2707070420.7375},"point_estimate":2700746525.5,"standard_error":3106137.9982161256},"median":{"confidence_interval":{"confidence_level":0.95,"lower_bound":2692037337.0,"upper_bound":2708937395.0},"point_estimate":2700067409.0,"standard_error":4001511.639469687},"median_abs_dev":{"confidence_interval":{"confidence_level":0.95,"lower_bound":2735470.3401356936,"upper_bound":17285298.025524616},"point_estimate":10242412.190660834,"standard_error":4138647.5132879275},"slope":null,"std_dev":{"confidence_interval":{"confidence_level":0.95,"lower_bound":5291175.2482411675,"upper_bound":13253493.950341519},"point_estimate":10413169.500946026,"standard_error":2071771.7264222822}}