{"mean":{"confidence_interval":{"confidence_level":0.95,"lower_bound":2253435089.1,"upper_bound":2259630813.11},"point_estimate":2256418233.5,"standard_error":1585537.214025243},"median":{"confidence_interval":{"confidence_level":0.95,"lower_bound":2253227974.0,"upper_bound":2259531990.5},"point_estimate":2255387052.0,"standard_error":1939486.5546088093},"median_abs_dev":{"confidence_interval":{"confidence_level":0.95,"lower_bound":718238.8855487108,"upper_bound":8839971.208459139},"point_estimate":4926349.0927398205,"standard_error":2085265.1934724238},"slope":null,"std_dev":{"confidence_interval":{"confidence_level":0.95,"lower_bound":2472576.388753237,"upper_bound":7136615.65099598},"point_estimate":5268561.92520962,"standard_error":1248669.3250917133}}