{"mean":{"confidence_interval":{"confidence_level":0.95,"lower_bound":3174424553.7,"upper_bound":3181088340.1724997},"point_estimate":3177507606.1,"standard_error":1711009.907682358},"median":{"confidence_interval":{"confidence_level":0.95,"lower_bound":3174296384.0,"upper_bound":3181651045.5},"point_estimate":3175737464.0,"standard_error":1611991.975472423},"median_abs_dev":{"confidence_interval":{"confidence_level":0.95,"lower_bound":187838.74496519566,"upper_bound":8812343.699249625},"point_estimate":2152325.9641885757,"standard_error":2204343.109358059},"slope":null,"std_dev":{"confidence_interval":{"confidence_level":0.95,"lower_bound":1799879.066293986,"upper_bound":7278099.551771887},"point_estimate":5679862.005747234,"standard_error":1371926.501608982}}