{"mean":{"confidence_interval":{"confidence_level":0.95,"lower_bound":3821902260.5,"upper_bound":3829377152.3525},"point_estimate":3825433238.5,"standard_error":1929681.7458315908},"median":{"confidence_interval":{"confidence_level":0.95,"lower_bound":3820687991.0,"upper_bound":3830133722.0},"point_estimate":3824505004.5,"standard_error":2254370.1355235158},"median_abs_dev":{"confidence_interval":{"confidence_level":0.95,"lower_bound":553868.9568668604,"upper_bound":10833341.699069738},"point_estimate":5769428.826472163,"standard_error":2531009.92365558},"slope":null,"std_dev":{"confidence_interval":{"confidence_level":0.95,"lower_bound":2742338.2162409206,"upper_bound":8107081.127181017},"point_estimate":6426538.8118937835,"standard_error":1325108.7659348773}}