{"mean":{"confidence_interval":{"confidence_level":0.95,"lower_bound":-0.084073377283076,"upper_bound":-0.06656076388583379},"point_estimate":-0.07569182331510593,"standard_error":0.004428936216602123},"median":{"confidence_interval":{"confidence_level":0.95,"lower_bound":-0.08532259031642309,"upper_bound":-0.06755702114782058},"point_estimate":-0.07686218693826907,"standard_error":0.004037862502738278}}