{"mean":{"confidence_interval":{"confidence_level":0.95,"lower_bound":3656961760.9,"upper_bound":3661494918.7625},"point_estimate":3659182181.7,"standard_error":1162267.5951308964},"median":{"confidence_interval":{"confidence_level":0.95,"lower_bound":3655767507.0,"upper_bound":3662729140.5},"point_estimate":3658662679.0,"standard_error":2027643.5745404023},"median_abs_dev":{"confidence_interval":{"confidence_level":0.95,"lower_bound":656442.6360458136,"upper_bound":6391371.361130476},"point_estimate":4725007.568514347,"standard_error":1462891.8412233335},"slope":null,"std_dev":{"confidence_interval":{"confidence_level":0.95,"lower_bound":2381196.8443815033,"upper_bound":4673270.950033886},"point_estimate":3872314.949354744,"standard_error":585569.2133398458}}