{"mean":{"confidence_interval":{"confidence_level":0.95,"lower_bound":2017915593.6,"upper_bound":2026164328.3925002},"point_estimate":2021684894.5,"standard_error":2119677.111664772},"median":{"confidence_interval":{"confidence_level":0.95,"lower_bound":2016153913.0,"upper_bound":2025839666.5},"point_estimate":2019883839.0,"standard_error":2849135.226683189},"median_abs_dev":{"confidence_interval":{"confidence_level":0.95,"lower_bound":1344258.5701346397,"upper_bound":11824317.451876402},"point_estimate":6725461.921799183,"standard_error":2542288.7151947645},"slope":null,"std_dev":{"confidence_interval":{"confidence_level":0.95,"lower_bound":3286005.056998328,"upper_bound":9533007.118260132},"point_estimate":7052437.254858686,"standard_error":1780176.836280611}}