{"mean":{"confidence_interval":{"confidence_level":0.95,"lower_bound":3084261358.8175,"upper_bound":3087592847.845},"point_estimate":3086065021.8,"standard_error":852745.4123927645},"median":{"confidence_interval":{"confidence_level":0.95,"lower_bound":3084618330.5,"upper_bound":3088144567.0},"point_estimate":3086823449.5,"standard_error":912062.6548299806},"median_abs_dev":{"confidence_interval":{"confidence_level":0.95,"lower_bound":361019.0239906311,"upper_bound":4303322.036200762},"point_estimate":2441484.1087549925,"standard_error":967774.8729950847},"slope":null,"std_dev":{"confidence_interval":{"confidence_level":0.95,"lower_bound":1230939.6534061288,"upper_bound":3885074.7616501967},"point_estimate":2854458.8182664835,"standard_error":737697.0545509935}}