{"mean":{"confidence_interval":{"confidence_level":0.95,"lower_bound":1454577462.35,"upper_bound":1464004091.4325001},"point_estimate":1459520844.65,"standard_error":2429822.3182899514},"median":{"confidence_interval":{"confidence_level":0.95,"lower_bound":1449852107.5,"upper_bound":1466022402.5},"point_estimate":1463080646.25,"standard_error":4301920.7290903935},"median_abs_dev":{"confidence_interval":{"confidence_level":0.95,"lower_bound":258722.96165674925,"upper_bound":12766222.481404245},"point_estimate":5339013.004213572,"standard_error":3537191.6638218416},"slope":null,"std_dev":{"confidence_interval":{"confidence_level":0.95,"lower_bound":3525393.6449824884,"upper_bound":9297347.07893424},"point_estimate":8079700.104592249,"standard_error":1310317.4600975062}}