{"mean":{"confidence_interval":{"confidence_level":0.95,"lower_bound":-0.05731290869992604,"upper_bound":-0.033672194844801294},"point_estimate":-0.045147282196685845,"standard_error":0.006075561825438416},"median":{"confidence_interval":{"confidence_level":0.95,"lower_bound":-0.06769007280016026,"upper_bound":-0.027545386632198188},"point_estimate":-0.03757463582679188,"standard_error":0.01117065411194899}}