{"mean":{"confidence_interval":{"confidence_level":0.95,"lower_bound":1426670221.1412501,"upper_bound":1435636107.96375},"point_estimate":1431796877.15,"standard_error":2337864.6621279637},"median":{"confidence_interval":{"confidence_level":0.95,"lower_bound":1428158249.75,"upper_bound":1436522260.0},"point_estimate":1434156901.75,"standard_error":1776255.7312104579},"median_abs_dev":{"confidence_interval":{"confidence_level":0.95,"lower_bound":320722.3273560405,"upper_bound":8224019.489644468},"point_estimate":3237828.584817052,"standard_error":2087423.464623134},"slope":null,"std_dev":{"confidence_interval":{"confidence_level":0.95,"lower_bound":1564494.3545570055,"upper_bound":10966068.708645808},"point_estimate":7801812.15022933,"standard_error":2620065.752320531}}