{"mean":{"confidence_interval":{"confidence_level":0.95,"lower_bound":598881417.1805556,"upper_bound":610521230.5013332},"point_estimate":604182690.0276983,"standard_error":2991084.5219976613},"median":{"confidence_interval":{"confidence_level":0.95,"lower_bound":597026047.7916667,"upper_bound":607148546.5357143},"point_estimate":604610542.95,"standard_error":2715284.0719957473},"median_abs_dev":{"confidence_interval":{"confidence_level":0.95,"lower_bound":1127497.7508463725,"upper_bound":15434514.774727486},"point_estimate":5280233.227907091,"standard_error":3612944.2667992637},"slope":{"confidence_interval":{"confidence_level":0.95,"lower_bound":601702742.6593348,"upper_bound":606871343.6295782},"point_estimate":604897290.7142857,"standard_error":1307563.2087191008},"std_dev":{"confidence_interval":{"confidence_level":0.95,"lower_bound":4031939.535148726,"upper_bound":14090626.723229524},"point_estimate":10010258.734175866,"standard_error":2936271.8974587303}}