{"mean":{"confidence_interval":{"confidence_level":0.95,"lower_bound":3127249189.7825003,"upper_bound":3133569233.4},"point_estimate":3130357493.7,"standard_error":1617350.1460244553},"median":{"confidence_interval":{"confidence_level":0.95,"lower_bound":3126475468.0,"upper_bound":3135071778.0},"point_estimate":3129102576.5,"standard_error":2073141.7041470106},"median_abs_dev":{"confidence_interval":{"confidence_level":0.95,"lower_bound":297749.0701138973,"upper_bound":9866192.810440063},"point_estimate":5339339.176207781,"standard_error":2424844.733733935},"slope":null,"std_dev":{"confidence_interval":{"confidence_level":0.95,"lower_bound":2996830.538326531,"upper_bound":6842939.02207694},"point_estimate":5387569.284530208,"standard_error":982687.4400664029}}