{"mean":{"confidence_interval":{"confidence_level":0.95,"lower_bound":1031471280.7325001,"upper_bound":1034454828.7},"point_estimate":1032593999.4,"standard_error":841493.2096341327},"median":{"confidence_interval":{"confidence_level":0.95,"lower_bound":1031248006.75,"upper_bound":1032492764.5},"point_estimate":1031602695.75,"standard_error":414858.4812577051},"median_abs_dev":{"confidence_interval":{"confidence_level":0.95,"lower_bound":93264.80459421873,"upper_bound":1536807.9058662057},"point_estimate":726869.8412954807,"standard_error":394255.5122284894},"slope":null,"std_dev":{"confidence_interval":{"confidence_level":0.95,"lower_bound":415364.85561749636,"upper_bound":4308394.66221724},"point_estimate":2807078.870607949,"standard_error":1351267.7129193398}}