{"mean":{"confidence_interval":{"confidence_level":0.95,"lower_bound":3348984878.5,"upper_bound":3356979720.5099998},"point_estimate":3353028980.6,"standard_error":2042162.6717393338},"median":{"confidence_interval":{"confidence_level":0.95,"lower_bound":3347705392.0,"upper_bound":3357358901.0},"point_estimate":3353804166.5,"standard_error":2407660.2526270486},"median_abs_dev":{"confidence_interval":{"confidence_level":0.95,"lower_bound":1122243.671876192,"upper_bound":11319767.18313396},"point_estimate":5403351.171371341,"standard_error":2660247.1225368315},"slope":null,"std_dev":{"confidence_interval":{"confidence_level":0.95,"lower_bound":3340879.606081816,"upper_bound":8918854.238980202},"point_estimate":6796808.747578613,"standard_error":1406331.7983545852}}