{"mean":{"confidence_interval":{"confidence_level":0.95,"lower_bound":-0.08424734658278905,"upper_bound":-0.07125375232224564},"point_estimate":-0.07722231983312955,"standard_error":0.0033432124923614224},"median":{"confidence_interval":{"confidence_level":0.95,"lower_bound":-0.08756836930853096,"upper_bound":-0.06939774817412547},"point_estimate":-0.07213529962838128,"standard_error":0.004278939420679563}}