{"mean":{"confidence_interval":{"confidence_level":0.95,"lower_bound":8238107049.6,"upper_bound":8250268171.9},"point_estimate":8243655417.6,"standard_error":3136726.082649465},"median":{"confidence_interval":{"confidence_level":0.95,"lower_bound":8235949957.0,"upper_bound":8248504323.5},"point_estimate":8242104540.5,"standard_error":3048248.481948077},"median_abs_dev":{"confidence_interval":{"confidence_level":0.95,"lower_bound":1510152.6115894318,"upper_bound":15248960.305076838},"point_estimate":7596473.83903563,"standard_error":3534977.5037148767},"slope":null,"std_dev":{"confidence_interval":{"confidence_level":0.95,"lower_bound":4082488.9519643337,"upper_bound":14376895.493103482},"point_estimate":10448372.533840932,"standard_error":2875613.8139438923}}