{"mean":{"confidence_interval":{"confidence_level":0.95,"lower_bound":3686796717.1,"upper_bound":3709055468.7},"point_estimate":3699978159.0,"standard_error":5891979.052930163},"median":{"confidence_interval":{"confidence_level":0.95,"lower_bound":3698320060.5,"upper_bound":3711311263.5},"point_estimate":3704694292.5,"standard_error":3126386.999441078},"median_abs_dev":{"confidence_interval":{"confidence_level":0.95,"lower_bound":801348.9922732115,"upper_bound":17962608.997499943},"point_estimate":7601885.328939557,"standard_error":4704021.347753416},"slope":null,"std_dev":{"confidence_interval":{"confidence_level":0.95,"lower_bound":3998672.710163011,"upper_bound":29344429.19411941},"point_estimate":19549622.625173874,"standard_error":7919530.4901932}}