{"mean":{"confidence_interval":{"confidence_level":0.95,"lower_bound":1652047914.25,"upper_bound":1655320095.8},"point_estimate":1653549374.45,"standard_error":842230.9387087342},"median":{"confidence_interval":{"confidence_level":0.95,"lower_bound":1651475069.25,"upper_bound":1655226509.25},"point_estimate":1652610169.5,"standard_error":1236284.7599682407},"median_abs_dev":{"confidence_interval":{"confidence_level":0.95,"lower_bound":45689.28338885307,"upper_bound":5044116.512045954},"point_estimate":2626912.8874629736,"standard_error":1141968.8790241356},"slope":null,"std_dev":{"confidence_interval":{"confidence_level":0.95,"lower_bound":1354281.3855436184,"upper_bound":3767097.184968797},"point_estimate":2799693.128310241,"standard_error":687179.6383110937}}