{"mean":{"confidence_interval":{"confidence_level":0.95,"lower_bound":-0.07831879152535756,"upper_bound":-0.07338289041514169},"point_estimate":-0.07564903655269473,"standard_error":0.0012453330929948045},"median":{"confidence_interval":{"confidence_level":0.95,"lower_bound":-0.07780141443180755,"upper_bound":-0.07277484620988717},"point_estimate":-0.07435513438453878,"standard_error":0.0012516903935448573}}