{"mean":{"confidence_interval":{"confidence_level":0.95,"lower_bound":-0.09261148480726977,"upper_bound":-0.08779458377466025},"point_estimate":-0.08997175625039133,"standard_error":0.0012393295438785424},"median":{"confidence_interval":{"confidence_level":0.95,"lower_bound":-0.09160214068906303,"upper_bound":-0.08643245857208026},"point_estimate":-0.08830864870029997,"standard_error":0.001474514922588022}}