{"mean":{"confidence_interval":{"confidence_level":0.95,"lower_bound":-0.1146964933268995,"upper_bound":-0.11054329969247303},"point_estimate":-0.1122699248189094,"standard_error":0.0010861271047581298},"median":{"confidence_interval":{"confidence_level":0.95,"lower_bound":-0.11184796965718158,"upper_bound":-0.11025003194801641},"point_estimate":-0.11138477857105,"standard_error":0.0004358708880432789}}