{"mean":{"confidence_interval":{"confidence_level":0.95,"lower_bound":-0.0806879508172397,"upper_bound":-0.0786568571506054},"point_estimate":-0.07963424067666891,"standard_error":0.0005243672067216196},"median":{"confidence_interval":{"confidence_level":0.95,"lower_bound":-0.08073302595274634,"upper_bound":-0.07838354152245153},"point_estimate":-0.07954632682686458,"standard_error":0.0006154973783723377}}