{"mean":{"confidence_interval":{"confidence_level":0.95,"lower_bound":2966868804.8825,"upper_bound":2970970060.2},"point_estimate":2968898036.5,"standard_error":1049594.439750311},"median":{"confidence_interval":{"confidence_level":0.95,"lower_bound":2966471795.0,"upper_bound":2971580490.0},"point_estimate":2968687782.5,"standard_error":1279996.3428408992},"median_abs_dev":{"confidence_interval":{"confidence_level":0.95,"lower_bound":677401.4105737209,"upper_bound":6065544.812715054},"point_estimate":3219602.983340621,"standard_error":1386781.4589792413},"slope":null,"std_dev":{"confidence_interval":{"confidence_level":0.95,"lower_bound":1855593.1622631229,"upper_bound":4480659.298516108},"point_estimate":3497378.201675785,"standard_error":668025.4379173996}}