{"mean":{"confidence_interval":{"confidence_level":0.95,"lower_bound":1719846827.6975,"upper_bound":1723976650.95},"point_estimate":1721905942.05,"standard_error":1063440.1702367745},"median":{"confidence_interval":{"confidence_level":0.95,"lower_bound":1719227919.5,"upper_bound":1725124347.0},"point_estimate":1721342856.25,"standard_error":1705026.3645037778},"median_abs_dev":{"confidence_interval":{"confidence_level":0.95,"lower_bound":749268.22039783,"upper_bound":5851570.795413852},"point_estimate":4146617.1493828297,"standard_error":1335758.9265309614},"slope":null,"std_dev":{"confidence_interval":{"confidence_level":0.95,"lower_bound":2183722.0301230317,"upper_bound":4359956.604517963},"point_estimate":3553202.9626167216,"standard_error":557614.3430478738}}