{"mean":{"confidence_interval":{"confidence_level":0.95,"lower_bound":-0.08673193587686558,"upper_bound":-0.08420280006390482},"point_estimate":-0.08546063245716162,"standard_error":0.00064998449062329},"median":{"confidence_interval":{"confidence_level":0.95,"lower_bound":-0.08769012972688883,"upper_bound":-0.0833112423392044},"point_estimate":-0.08533578005836662,"standard_error":0.0011076442949979}}