{"mean":{"confidence_interval":{"confidence_level":0.95,"lower_bound":-0.09030667142704904,"upper_bound":-0.0862302025204778},"point_estimate":-0.0884597978091648,"standard_error":0.0010280360959805657},"median":{"confidence_interval":{"confidence_level":0.95,"lower_bound":-0.08987839772252804,"upper_bound":-0.08708660607946073},"point_estimate":-0.08903071688396935,"standard_error":0.0007663261074745032}}