{"mean":{"confidence_interval":{"confidence_level":0.95,"lower_bound":-0.07438112559897385,"upper_bound":-0.051153000001369124},"point_estimate":-0.061176018136697596,"standard_error":0.006326946050440651},"median":{"confidence_interval":{"confidence_level":0.95,"lower_bound":-0.07290345725722314,"upper_bound":-0.04879530903480045},"point_estimate":-0.04990835187380327,"standard_error":0.007948662924943105}}