{"mean":{"confidence_interval":{"confidence_level":0.95,"lower_bound":987042331.3,"upper_bound":989177960.5666666},"point_estimate":988155026.9666668,"standard_error":544848.8028534907},"median":{"confidence_interval":{"confidence_level":0.95,"lower_bound":986897845.6666666,"upper_bound":989298422.3333333},"point_estimate":988824867.6666667,"standard_error":729330.4374342649},"median_abs_dev":{"confidence_interval":{"confidence_level":0.95,"lower_bound":88592.76142698734,"upper_bound":3105552.2506654854},"point_estimate":1865986.9834721088,"standard_error":840376.1116023397},"slope":null,"std_dev":{"confidence_interval":{"confidence_level":0.95,"lower_bound":934707.8399790577,"upper_bound":2399818.3952673413},"point_estimate":1815601.1388654057,"standard_error":390752.87399172276}}