{"mean":{"confidence_interval":{"confidence_level":0.95,"lower_bound":-0.10538044003162172,"upper_bound":-0.08728815333434903},"point_estimate":-0.09630204955377664,"standard_error":0.004608137966111151},"median":{"confidence_interval":{"confidence_level":0.95,"lower_bound":-0.10839871168840387,"upper_bound":-0.08305861344308374},"point_estimate":-0.09549593527019162,"standard_error":0.0065177594663950915}}