{"mean":{"confidence_interval":{"confidence_level":0.95,"lower_bound":-0.08693244110710363,"upper_bound":-0.08054931271706979},"point_estimate":-0.08391670980670451,"standard_error":0.0016402926555367776},"median":{"confidence_interval":{"confidence_level":0.95,"lower_bound":-0.08754803309204262,"upper_bound":-0.07887481668050267},"point_estimate":-0.08604848836382817,"standard_error":0.0022017474881314406}}