{"mean":{"confidence_interval":{"confidence_level":0.95,"lower_bound":2458965195.7,"upper_bound":2467278428.235},"point_estimate":2462421025.6,"standard_error":2184041.9198184363},"median":{"confidence_interval":{"confidence_level":0.95,"lower_bound":2458418983.0,"upper_bound":2464456585.5},"point_estimate":2459505213.0,"standard_error":1403419.0063036974},"median_abs_dev":{"confidence_interval":{"confidence_level":0.95,"lower_bound":329696.13434672356,"upper_bound":7252419.465243816},"point_estimate":2046302.2748708725,"standard_error":1799399.8572891306},"slope":null,"std_dev":{"confidence_interval":{"confidence_level":0.95,"lower_bound":908412.2833622041,"upper_bound":10580034.856571732},"point_estimate":7311744.871039656,"standard_error":2734505.5927856984}}