{"mean":{"confidence_interval":{"confidence_level":0.95,"lower_bound":1101516709.75,"upper_bound":1105498661.7},"point_estimate":1103188744.9,"standard_error":1048180.1150738437},"median":{"confidence_interval":{"confidence_level":0.95,"lower_bound":1100782120.5,"upper_bound":1104091898.5},"point_estimate":1102164184.25,"standard_error":837481.1074269513},"median_abs_dev":{"confidence_interval":{"confidence_level":0.95,"lower_bound":296018.8759446144,"upper_bound":3669911.590746045},"point_estimate":2049801.210808754,"standard_error":901790.1508713451},"slope":null,"std_dev":{"confidence_interval":{"confidence_level":0.95,"lower_bound":917058.4767925077,"upper_bound":5121572.351018571},"point_estimate":3494962.3160646665,"standard_error":1271966.6779217848}}