{"mean":{"confidence_interval":{"confidence_level":0.95,"lower_bound":2098630846.2275,"upper_bound":2102985577.7975001},"point_estimate":2100798650.8,"standard_error":1117503.0262606351},"median":{"confidence_interval":{"confidence_level":0.95,"lower_bound":2097163349.5,"upper_bound":2103452926.5},"point_estimate":2101499545.5,"standard_error":1777557.9658595363},"median_abs_dev":{"confidence_interval":{"confidence_level":0.95,"lower_bound":494504.171320796,"upper_bound":6585861.790877581},"point_estimate":4201453.333309293,"standard_error":1576222.4870202874},"slope":null,"std_dev":{"confidence_interval":{"confidence_level":0.95,"lower_bound":2271961.0581088937,"upper_bound":4670177.961638818},"point_estimate":3736344.895897766,"standard_error":624216.5307635401}}