{"mean":{"confidence_interval":{"confidence_level":0.95,"lower_bound":754577061.9858333,"upper_bound":761185837.3},"point_estimate":757571022.5333333,"standard_error":1696814.044221395},"median":{"confidence_interval":{"confidence_level":0.95,"lower_bound":753867215.5,"upper_bound":761624360.5},"point_estimate":754971301.1666666,"standard_error":1827791.1069658939},"median_abs_dev":{"confidence_interval":{"confidence_level":0.95,"lower_bound":555633.9921355247,"upper_bound":8251750.9044021955},"point_estimate":2246246.9428211157,"standard_error":1845485.3343981048},"slope":null,"std_dev":{"confidence_interval":{"confidence_level":0.95,"lower_bound":1246610.3332403542,"upper_bound":7101058.125995526},"point_estimate":5654842.518889879,"standard_error":1483305.5304779538}}