{"mean":{"confidence_interval":{"confidence_level":0.95,"lower_bound":-0.08988106849338587,"upper_bound":-0.07407975572925567},"point_estimate":-0.08215029257799666,"standard_error":0.004035684667688859},"median":{"confidence_interval":{"confidence_level":0.95,"lower_bound":-0.09568324456379218,"upper_bound":-0.07069578045298264},"point_estimate":-0.08118322605476425,"standard_error":0.0047435917087568025}}