{"mean":{"confidence_interval":{"confidence_level":0.95,"lower_bound":-0.05127661421260911,"upper_bound":-0.04806048966762716},"point_estimate":-0.04991119456656801,"standard_error":0.0008587885634689292},"median":{"confidence_interval":{"confidence_level":0.95,"lower_bound":-0.051559863442640075,"upper_bound":-0.04996998062113711},"point_estimate":-0.05130155988611185,"standard_error":0.0005177130518420293}}