{"mean":{"confidence_interval":{"confidence_level":0.95,"lower_bound":1060689522.7,"upper_bound":1062607538.49},"point_estimate":1061554138.8,"standard_error":495216.3933007227},"median":{"confidence_interval":{"confidence_level":0.95,"lower_bound":1060236171.75,"upper_bound":1062312395.25},"point_estimate":1061297118.5,"standard_error":619891.5868119791},"median_abs_dev":{"confidence_interval":{"confidence_level":0.95,"lower_bound":54587.107130885124,"upper_bound":2497404.443912208},"point_estimate":1545666.0700589418,"standard_error":618002.1105083653},"slope":null,"std_dev":{"confidence_interval":{"confidence_level":0.95,"lower_bound":724633.8050234229,"upper_bound":2295343.2492602696},"point_estimate":1654033.234220794,"standard_error":458619.4558447674}}