{"mean":{"confidence_interval":{"confidence_level":0.95,"lower_bound":1278993147.21875,"upper_bound":1281608083.2},"point_estimate":1280197615.25,"standard_error":668159.3753907501},"median":{"confidence_interval":{"confidence_level":0.95,"lower_bound":1278649898.75,"upper_bound":1280877582.5},"point_estimate":1280157140.25,"standard_error":538964.1096947027},"median_abs_dev":{"confidence_interval":{"confidence_level":0.95,"lower_bound":350638.22962492704,"upper_bound":3486364.231404662},"point_estimate":1281237.3224034905,"standard_error":812848.6465626595},"slope":null,"std_dev":{"confidence_interval":{"confidence_level":0.95,"lower_bound":784151.1938031582,"upper_bound":3124130.453012834},"point_estimate":2229674.499935002,"standard_error":639691.9349466497}}