{"mean":{"confidence_interval":{"confidence_level":0.95,"lower_bound":3.1182071151832966,"upper_bound":3.2153323963580416},"point_estimate":3.1688516534745794,"standard_error":0.024726553827299304},"median":{"confidence_interval":{"confidence_level":0.95,"lower_bound":3.133766489646616,"upper_bound":3.2470278502816035},"point_estimate":3.1488062131147236,"standard_error":0.03390549346083375}}