{"mean":{"confidence_interval":{"confidence_level":0.95,"lower_bound":1120002071.675,"upper_bound":1122631010.35},"point_estimate":1121264217.2,"standard_error":676483.0683612276},"median":{"confidence_interval":{"confidence_level":0.95,"lower_bound":1119147170.5,"upper_bound":1123622414.5},"point_estimate":1120607203.25,"standard_error":1138982.0554334836},"median_abs_dev":{"confidence_interval":{"confidence_level":0.95,"lower_bound":186721.60588502884,"upper_bound":3654054.4427275658},"point_estimate":2168490.0104016066,"standard_error":952476.1492832615},"slope":null,"std_dev":{"confidence_interval":{"confidence_level":0.95,"lower_bound":1137950.403536362,"upper_bound":2643821.6933231996},"point_estimate":2252992.9113747193,"standard_error":357151.70618431835}}