{"mean":{"confidence_interval":{"confidence_level":0.95,"lower_bound":1630549520.5,"upper_bound":1632255508.45},"point_estimate":1631352483.3,"standard_error":438482.131233526},"median":{"confidence_interval":{"confidence_level":0.95,"lower_bound":1630075913.0,"upper_bound":1632323854.25},"point_estimate":1631039884.0,"standard_error":561091.940863069},"median_abs_dev":{"confidence_interval":{"confidence_level":0.95,"lower_bound":347178.58258634806,"upper_bound":2385992.6156401634},"point_estimate":1441867.7633017302,"standard_error":521284.9413369408},"slope":null,"std_dev":{"confidence_interval":{"confidence_level":0.95,"lower_bound":701258.4101973395,"upper_bound":1894141.0309189816},"point_estimate":1462259.5975384049,"standard_error":314646.5089810128}}