{"mean":{"confidence_interval":{"confidence_level":0.95,"lower_bound":3465831601.8,"upper_bound":3589131156.4},"point_estimate":3515141225.9,"standard_error":33779753.66566245},"median":{"confidence_interval":{"confidence_level":0.95,"lower_bound":3459975641.0,"upper_bound":3533645753.0},"point_estimate":3474806249.0,"standard_error":17073178.080375798},"median_abs_dev":{"confidence_interval":{"confidence_level":0.95,"lower_bound":5729987.960672379,"upper_bound":82509264.55266774},"point_estimate":19761234.79246795,"standard_error":19952528.15167643},"slope":null,"std_dev":{"confidence_interval":{"confidence_level":0.95,"lower_bound":11600210.226715248,"upper_bound":169031039.25035807},"point_estimate":112982000.40401049,"standard_error":48512575.769028194}}