{"mean":{"confidence_interval":{"confidence_level":0.95,"lower_bound":-0.07216685845071277,"upper_bound":-0.05772384122310696},"point_estimate":-0.06410467530791308,"standard_error":0.003749399756444259},"median":{"confidence_interval":{"confidence_level":0.95,"lower_bound":-0.07139296214438207,"upper_bound":-0.05612498644225017},"point_estimate":-0.058300685862321955,"standard_error":0.003887084509323688}}