{"mean":{"confidence_interval":{"confidence_level":0.95,"lower_bound":2655769552.5,"upper_bound":2661699775.7174997},"point_estimate":2658495123.6,"standard_error":1528387.2356083544},"median":{"confidence_interval":{"confidence_level":0.95,"lower_bound":2655382785.5,"upper_bound":2660908868.0},"point_estimate":2657370218.0,"standard_error":1419146.7390460006},"median_abs_dev":{"confidence_interval":{"confidence_level":0.95,"lower_bound":1046363.4639233351,"upper_bound":7653940.896615386},"point_estimate":3684816.168281436,"standard_error":1689179.076167259},"slope":null,"std_dev":{"confidence_interval":{"confidence_level":0.95,"lower_bound":2038987.3472562826,"upper_bound":7017722.827091345},"point_estimate":5101462.239073468,"standard_error":1381937.8990539087}}