{"mean":{"confidence_interval":{"confidence_level":0.95,"lower_bound":-0.09383549652992901,"upper_bound":-0.0894551734508632},"point_estimate":-0.0918247217693986,"standard_error":0.0011481847549442172},"median":{"confidence_interval":{"confidence_level":0.95,"lower_bound":-0.09383227828035579,"upper_bound":-0.09130736924689742},"point_estimate":-0.09226817827359568,"standard_error":0.00072570685882989}}