{"mean":{"confidence_interval":{"confidence_level":0.95,"lower_bound":2784524522.6,"upper_bound":2807326340.1},"point_estimate":2797317126.1,"standard_error":5794630.389007763},"median":{"confidence_interval":{"confidence_level":0.95,"lower_bound":2781160802.5,"upper_bound":2809620772.5},"point_estimate":2804585247.0,"standard_error":5663216.383406511},"median_abs_dev":{"confidence_interval":{"confidence_level":0.95,"lower_bound":1277002.646228671,"upper_bound":27844764.961856604},"point_estimate":7024405.967491865,"standard_error":5128999.5500022825},"slope":null,"std_dev":{"confidence_interval":{"confidence_level":0.95,"lower_bound":4100077.4372073594,"upper_bound":24139056.06808369},"point_estimate":19209938.23660319,"standard_error":5395807.733214077}}