{"mean":{"confidence_interval":{"confidence_level":0.95,"lower_bound":2660897292.5350003,"upper_bound":2681812504.9},"point_estimate":2669342704.1,"standard_error":5595549.183855454},"median":{"confidence_interval":{"confidence_level":0.95,"lower_bound":2658310094.5,"upper_bound":2670865743.5},"point_estimate":2666113746.5,"standard_error":3879836.2366164494},"median_abs_dev":{"confidence_interval":{"confidence_level":0.95,"lower_bound":1498295.5182999372,"upper_bound":16537149.168106914},"point_estimate":9128147.87184298,"standard_error":3660334.4161767177},"slope":null,"std_dev":{"confidence_interval":{"confidence_level":0.95,"lower_bound":4756227.20255729,"upper_bound":28168098.389698215},"point_estimate":18665751.391198043,"standard_error":7764612.947296312}}