{"mean":{"confidence_interval":{"confidence_level":0.95,"lower_bound":1830192547.30375,"upper_bound":1856390930.75},"point_estimate":1842566295.9,"standard_error":6775663.545590886},"median":{"confidence_interval":{"confidence_level":0.95,"lower_bound":1824702363.5,"upper_bound":1865257251.25},"point_estimate":1829981227.75,"standard_error":11213220.996706642},"median_abs_dev":{"confidence_interval":{"confidence_level":0.95,"lower_bound":655755.0803080201,"upper_bound":38210499.44767803},"point_estimate":8801455.48504293,"standard_error":11600950.76168758},"slope":null,"std_dev":{"confidence_interval":{"confidence_level":0.95,"lower_bound":9831779.2184719,"upper_bound":27079582.24928025},"point_estimate":22610525.269420587,"standard_error":4218851.6727109905}}