{"mean":{"confidence_interval":{"confidence_level":0.95,"lower_bound":-0.08409020783544478,"upper_bound":-0.07772798172390046},"point_estimate":-0.08079329065309204,"standard_error":0.001646436729757961},"median":{"confidence_interval":{"confidence_level":0.95,"lower_bound":-0.08450290373261016,"upper_bound":-0.07782007458632934},"point_estimate":-0.08235982933953201,"standard_error":0.001768002309903568}}