{"mean":{"confidence_interval":{"confidence_level":0.95,"lower_bound":1684902312.25,"upper_bound":1688557692.3},"point_estimate":1686784895.65,"standard_error":938580.4407603797},"median":{"confidence_interval":{"confidence_level":0.95,"lower_bound":1684090133.5,"upper_bound":1689680802.0},"point_estimate":1687368101.75,"standard_error":1539840.0435923205},"median_abs_dev":{"confidence_interval":{"confidence_level":0.95,"lower_bound":590767.9050117731,"upper_bound":5095865.125930309},"point_estimate":4009692.3701137304,"standard_error":1172833.9547347953},"slope":null,"std_dev":{"confidence_interval":{"confidence_level":0.95,"lower_bound":1847179.09911881,"upper_bound":3846253.2094731564},"point_estimate":3128756.41887815,"standard_error":514795.7269883397}}