{"mean":{"confidence_interval":{"confidence_level":0.95,"lower_bound":1697004796.7662501,"upper_bound":1700406931.3625},"point_estimate":1698760618.75,"standard_error":870609.2322860532},"median":{"confidence_interval":{"confidence_level":0.95,"lower_bound":1696693214.75,"upper_bound":1701067142.0},"point_estimate":1699138460.25,"standard_error":1038926.6069559994},"median_abs_dev":{"confidence_interval":{"confidence_level":0.95,"lower_bound":550568.6893254519,"upper_bound":4992231.0171201825},"point_estimate":3056164.498092234,"standard_error":1146920.1739267048},"slope":null,"std_dev":{"confidence_interval":{"confidence_level":0.95,"lower_bound":1460019.0453911333,"upper_bound":3651372.6722271005},"point_estimate":2898061.379317879,"standard_error":551114.9726442306}}