{"mean":{"confidence_interval":{"confidence_level":0.95,"lower_bound":-0.0969558455630375,"upper_bound":-0.09287238216590708},"point_estimate":-0.09479540175177126,"standard_error":0.001040771124210226},"median":{"confidence_interval":{"confidence_level":0.95,"lower_bound":-0.09620770224860964,"upper_bound":-0.09265911608372268},"point_estimate":-0.09449800580226342,"standard_error":0.0007439978981695478}}