{"mean":{"confidence_interval":{"confidence_level":0.95,"lower_bound":3727946520.4,"upper_bound":3740980979.4375},"point_estimate":3734542291.4,"standard_error":3328607.0371362795},"median":{"confidence_interval":{"confidence_level":0.95,"lower_bound":3724523577.0,"upper_bound":3742164315.0},"point_estimate":3736342839.5,"standard_error":4375000.795732365},"median_abs_dev":{"confidence_interval":{"confidence_level":0.95,"lower_bound":2197904.052579403,"upper_bound":19337481.77449107},"point_estimate":11445567.273500562,"standard_error":4316543.61246054},"slope":null,"std_dev":{"confidence_interval":{"confidence_level":0.95,"lower_bound":6162693.685281686,"upper_bound":14178543.842953343},"point_estimate":11095698.678095382,"standard_error":2051544.514921436}}