{"mean":{"confidence_interval":{"confidence_level":0.95,"lower_bound":1439066148.25,"upper_bound":1441310344.1},"point_estimate":1440086251.6,"standard_error":576789.0918307877},"median":{"confidence_interval":{"confidence_level":0.95,"lower_bound":1438568534.5,"upper_bound":1441060125.75},"point_estimate":1439962371.5,"standard_error":649389.8656009373},"median_abs_dev":{"confidence_interval":{"confidence_level":0.95,"lower_bound":315782.67489373684,"upper_bound":2826104.641726613},"point_estimate":1839291.2883460522,"standard_error":668891.4945544124},"slope":null,"std_dev":{"confidence_interval":{"confidence_level":0.95,"lower_bound":857822.987912373,"upper_bound":2659852.6300175088},"point_estimate":1925134.3708811284,"standard_error":521742.49963418057}}