{"mean":{"confidence_interval":{"confidence_level":0.95,"lower_bound":981839123.3949999,"upper_bound":983101511.2333333},"point_estimate":982498005.4666668,"standard_error":321332.3696015673},"median":{"confidence_interval":{"confidence_level":0.95,"lower_bound":982110430.3333334,"upper_bound":983119722.6666666},"point_estimate":982507774.8333333,"standard_error":244674.51586959907},"median_abs_dev":{"confidence_interval":{"confidence_level":0.95,"lower_bound":89530.25881057908,"upper_bound":1682996.3404208422},"point_estimate":717423.4555630109,"standard_error":391098.630045652},"slope":null,"std_dev":{"confidence_interval":{"confidence_level":0.95,"lower_bound":387043.8387537645,"upper_bound":1515001.9691056013},"point_estimate":1073539.2985628138,"standard_error":293535.4175925848}}