{"mean":{"confidence_interval":{"confidence_level":0.95,"lower_bound":-0.08732771113960158,"upper_bound":-0.07199739520693434},"point_estimate":-0.07895543744071853,"standard_error":0.00388236776985148},"median":{"confidence_interval":{"confidence_level":0.95,"lower_bound":-0.087374439855601,"upper_bound":-0.06771170847416363},"point_estimate":-0.0753951418617198,"standard_error":0.0049007436219734545}}