{"mean":{"confidence_interval":{"confidence_level":0.95,"lower_bound":-0.09571938008723369,"upper_bound":-0.0904866820302171},"point_estimate":-0.09292605433246703,"standard_error":0.0013427538223753682},"median":{"confidence_interval":{"confidence_level":0.95,"lower_bound":-0.09473645777628892,"upper_bound":-0.08867117865069907},"point_estimate":-0.09149882216749561,"standard_error":0.0013948559337071517}}