{"mean":{"confidence_interval":{"confidence_level":0.95,"lower_bound":-0.09032200690515488,"upper_bound":-0.0848416979378267},"point_estimate":-0.08756614171782828,"standard_error":0.0014062571537469882},"median":{"confidence_interval":{"confidence_level":0.95,"lower_bound":-0.09239063458937746,"upper_bound":-0.0836199744395062},"point_estimate":-0.08708053940433114,"standard_error":0.0025505099678478677}}