{"mean":{"confidence_interval":{"confidence_level":0.95,"lower_bound":2567555904.6525,"upper_bound":2581201837.1},"point_estimate":2573610685.3,"standard_error":3515318.3056702693},"median":{"confidence_interval":{"confidence_level":0.95,"lower_bound":2565136096.5,"upper_bound":2578102902.5},"point_estimate":2570898429.0,"standard_error":4636897.039856606},"median_abs_dev":{"confidence_interval":{"confidence_level":0.95,"lower_bound":191867.71039366722,"upper_bound":16098668.743291497},"point_estimate":8274032.405206561,"standard_error":4841657.368889806},"slope":null,"std_dev":{"confidence_interval":{"confidence_level":0.95,"lower_bound":4681084.247413272,"upper_bound":16821583.677420765},"point_estimate":11715738.668074023,"standard_error":3670963.682372641}}