{"mean":{"confidence_interval":{"confidence_level":0.95,"lower_bound":1787026034.85,"upper_bound":1791326546.85},"point_estimate":1789137530.2,"standard_error":1100437.160186785},"median":{"confidence_interval":{"confidence_level":0.95,"lower_bound":1786759773.0,"upper_bound":1792825150.5},"point_estimate":1788313423.0,"standard_error":1363233.7291453427},"median_abs_dev":{"confidence_interval":{"confidence_level":0.95,"lower_bound":221301.39702111483,"upper_bound":6920750.36098212},"point_estimate":2820331.768079102,"standard_error":1956566.996271055},"slope":null,"std_dev":{"confidence_interval":{"confidence_level":0.95,"lower_bound":1976951.7573806061,"upper_bound":4548897.24176229},"point_estimate":3657536.9196781125,"standard_error":648886.6878357946}}