{"mean":{"confidence_interval":{"confidence_level":0.95,"lower_bound":3737067027.2,"upper_bound":3741890437.6974998},"point_estimate":3739551917.2,"standard_error":1233246.7724522806},"median":{"confidence_interval":{"confidence_level":0.95,"lower_bound":3736216045.0,"upper_bound":3742862800.5},"point_estimate":3740239570.5,"standard_error":1419784.90752871},"median_abs_dev":{"confidence_interval":{"confidence_level":0.95,"lower_bound":315893.86989176273,"upper_bound":7916665.766251087},"point_estimate":2900734.276601672,"standard_error":1895284.5662728332},"slope":null,"std_dev":{"confidence_interval":{"confidence_level":0.95,"lower_bound":2109269.678898215,"upper_bound":5196521.753759181},"point_estimate":4114163.6080911406,"standard_error":782365.9955581162}}