{"mean":{"confidence_interval":{"confidence_level":0.95,"lower_bound":-0.09266415253446884,"upper_bound":-0.08655148393431387},"point_estimate":-0.08962223662102631,"standard_error":0.0015762649112105818},"median":{"confidence_interval":{"confidence_level":0.95,"lower_bound":-0.09491355381225297,"upper_bound":-0.0846739373802119},"point_estimate":-0.09206192146650771,"standard_error":0.0026637693522461796}}