{"mean":{"confidence_interval":{"confidence_level":0.95,"lower_bound":1607924430.2987502,"upper_bound":1615428705.9},"point_estimate":1610974452.65,"standard_error":2016004.6601245026},"median":{"confidence_interval":{"confidence_level":0.95,"lower_bound":1607633813.5,"upper_bound":1612186675.5},"point_estimate":1609086981.75,"standard_error":983540.7903535},"median_abs_dev":{"confidence_interval":{"confidence_level":0.95,"lower_bound":264226.37275904417,"upper_bound":5807285.904850066},"point_estimate":1452857.906256616,"standard_error":1490828.8646376906},"slope":null,"std_dev":{"confidence_interval":{"confidence_level":0.95,"lower_bound":1003522.1125604294,"upper_bound":10036955.023652287},"point_estimate":6743026.899755006,"standard_error":2748946.944601467}}