{"mean":{"confidence_interval":{"confidence_level":0.95,"lower_bound":-0.08322354545951523,"upper_bound":-0.07819612975596804},"point_estimate":-0.08099016827418881,"standard_error":0.0012781035989972444},"median":{"confidence_interval":{"confidence_level":0.95,"lower_bound":-0.08352277696236843,"upper_bound":-0.07982833233779744},"point_estimate":-0.08158406664559092,"standard_error":0.000934098057807511}}