{"mean":{"confidence_interval":{"confidence_level":0.95,"lower_bound":2632190405.24,"upper_bound":2650736629.1},"point_estimate":2640007373.9,"standard_error":4881772.91259732},"median":{"confidence_interval":{"confidence_level":0.95,"lower_bound":2630649122.5,"upper_bound":2645495495.0},"point_estimate":2634331114.5,"standard_error":3323853.432615921},"median_abs_dev":{"confidence_interval":{"confidence_level":0.95,"lower_bound":615921.696165204,"upper_bound":16552310.23543775},"point_estimate":5270040.229538083,"standard_error":4016300.282824975},"slope":null,"std_dev":{"confidence_interval":{"confidence_level":0.95,"lower_bound":3027129.511096933,"upper_bound":23477126.198133394},"point_estimate":16296432.361121526,"standard_error":5890089.274257571}}