{"mean":{"confidence_interval":{"confidence_level":0.95,"lower_bound":-0.1298072921184986,"upper_bound":-0.1261779678119021},"point_estimate":-0.12812007612310505,"standard_error":0.000924546867428685},"median":{"confidence_interval":{"confidence_level":0.95,"lower_bound":-0.13026638112249378,"upper_bound":-0.12623898766965858},"point_estimate":-0.1287957023957712,"standard_error":0.0009504951844575648}}