{"mean":{"confidence_interval":{"confidence_level":0.95,"lower_bound":-0.03400456477529718,"upper_bound":-0.019278894243282045},"point_estimate":-0.026024696197359032,"standard_error":0.003592616381620917},"median":{"confidence_interval":{"confidence_level":0.95,"lower_bound":-0.03356423913842821,"upper_bound":-0.016518938673609762},"point_estimate":-0.02028501896643542,"standard_error":0.005615208247356765}}