{"mean":{"confidence_interval":{"confidence_level":0.95,"lower_bound":-0.09697245493713341,"upper_bound":-0.09196977595269253},"point_estimate":-0.09484951867478753,"standard_error":0.0013028137262555567},"median":{"confidence_interval":{"confidence_level":0.95,"lower_bound":-0.09784935281203755,"upper_bound":-0.09370244891556578},"point_estimate":-0.09657654173830155,"standard_error":0.0010277062638759475}}