{"mean":{"confidence_interval":{"confidence_level":0.95,"lower_bound":-0.15809940441528092,"upper_bound":-0.15542077422236028},"point_estimate":-0.1568317086996942,"standard_error":0.0006872035805799476},"median":{"confidence_interval":{"confidence_level":0.95,"lower_bound":-0.1588786949668899,"upper_bound":-0.15571396506194224},"point_estimate":-0.15724317253152442,"standard_error":0.0008671337351216262}}