{"mean":{"confidence_interval":{"confidence_level":0.95,"lower_bound":2657906435.435,"upper_bound":2664761428.9},"point_estimate":2660932646.3,"standard_error":1773337.280337753},"median":{"confidence_interval":{"confidence_level":0.95,"lower_bound":2656684368.0,"upper_bound":2663222841.0},"point_estimate":2659449745.0,"standard_error":1610252.1066112046},"median_abs_dev":{"confidence_interval":{"confidence_level":0.95,"lower_bound":595558.9268267155,"upper_bound":8146556.2355697155},"point_estimate":4848997.404313087,"standard_error":2000025.9097010863},"slope":null,"std_dev":{"confidence_interval":{"confidence_level":0.95,"lower_bound":2147911.133594397,"upper_bound":8447604.667853948},"point_estimate":5915917.531544462,"standard_error":1858257.3047540407}}