{"mean":{"confidence_interval":{"confidence_level":0.95,"lower_bound":-0.13107143392611062,"upper_bound":-0.11328002928248047},"point_estimate":-0.12197255109293814,"standard_error":0.0046230144812055745},"median":{"confidence_interval":{"confidence_level":0.95,"lower_bound":-0.13547444830622912,"upper_bound":-0.11172293690140511},"point_estimate":-0.12151228378940093,"standard_error":0.005474670492208256}}