{"mean":{"confidence_interval":{"confidence_level":0.95,"lower_bound":1323134085.43125,"upper_bound":1328894234.1},"point_estimate":1325956917.15,"standard_error":1480310.727872875},"median":{"confidence_interval":{"confidence_level":0.95,"lower_bound":1321856812.5,"upper_bound":1331420927.5},"point_estimate":1323425274.5,"standard_error":3200993.1661400734},"median_abs_dev":{"confidence_interval":{"confidence_level":0.95,"lower_bound":430460.300257802,"upper_bound":7523956.909123063},"point_estimate":3629645.6580609083,"standard_error":2119090.9884397504},"slope":null,"std_dev":{"confidence_interval":{"confidence_level":0.95,"lower_bound":3145734.537980944,"upper_bound":5421539.413045041},"point_estimate":4939914.917620984,"standard_error":581848.2232215785}}