{"mean":{"confidence_interval":{"confidence_level":0.95,"lower_bound":-0.08965571441539724,"upper_bound":-0.0630747525305261},"point_estimate":-0.07538668267659743,"standard_error":0.006822666145385623},"median":{"confidence_interval":{"confidence_level":0.95,"lower_bound":-0.08996909955475085,"upper_bound":-0.05559064879878539},"point_estimate":-0.0635493166001343,"standard_error":0.007799907688600204}}