{"mean":{"confidence_interval":{"confidence_level":0.95,"lower_bound":-0.0455063195229257,"upper_bound":-0.037794537812606055},"point_estimate":-0.04177549289746385,"standard_error":0.0019797998445863774},"median":{"confidence_interval":{"confidence_level":0.95,"lower_bound":-0.047646620630536485,"upper_bound":-0.03825955186470387},"point_estimate":-0.041326344357759504,"standard_error":0.003060475603287598}}