{"mean":{"confidence_interval":{"confidence_level":0.95,"lower_bound":2761651298.6775,"upper_bound":2767864150.2},"point_estimate":2764723459.3,"standard_error":1585105.2212872745},"median":{"confidence_interval":{"confidence_level":0.95,"lower_bound":2760711837.5,"upper_bound":2768875804.5},"point_estimate":2764384326.5,"standard_error":1978817.3400011428},"median_abs_dev":{"confidence_interval":{"confidence_level":0.95,"lower_bound":1570902.8868108988,"upper_bound":9110054.963064194},"point_estimate":4634573.417919874,"standard_error":1995845.3615738347},"slope":null,"std_dev":{"confidence_interval":{"confidence_level":0.95,"lower_bound":2933556.927301328,"upper_bound":6697827.751140635},"point_estimate":5278639.020354249,"standard_error":965231.5809211999}}