{"mean":{"confidence_interval":{"confidence_level":0.95,"lower_bound":1550752639.75,"upper_bound":1553441841.5},"point_estimate":1552037585.1,"standard_error":690271.363871449},"median":{"confidence_interval":{"confidence_level":0.95,"lower_bound":1550590259.5,"upper_bound":1554064245.0},"point_estimate":1551396349.5,"standard_error":818663.8249879106},"median_abs_dev":{"confidence_interval":{"confidence_level":0.95,"lower_bound":369553.9813891053,"upper_bound":3925351.7054110765},"point_estimate":1409107.1223333478,"standard_error":1000168.945065775},"slope":null,"std_dev":{"confidence_interval":{"confidence_level":0.95,"lower_bound":1081731.8214243886,"upper_bound":2969308.415030112},"point_estimate":2307036.170206168,"standard_error":481054.67124107305}}