{"mean":{"confidence_interval":{"confidence_level":0.95,"lower_bound":1454110300.15,"upper_bound":1455351794.8},"point_estimate":1454746837.4,"standard_error":319101.82414696045},"median":{"confidence_interval":{"confidence_level":0.95,"lower_bound":1453662526.5,"upper_bound":1455758178.5},"point_estimate":1454995607.25,"standard_error":579395.4438255427},"median_abs_dev":{"confidence_interval":{"confidence_level":0.95,"lower_bound":127223.01569133997,"upper_bound":1780365.72304219},"point_estimate":1170190.2137249708,"standard_error":460111.86478424666},"slope":null,"std_dev":{"confidence_interval":{"confidence_level":0.95,"lower_bound":633379.0765061105,"upper_bound":1233024.1998614904},"point_estimate":1063191.3142675112,"standard_error":150569.8724217072}}