{"mean":{"confidence_interval":{"confidence_level":0.95,"lower_bound":2292707188.3025002,"upper_bound":2301047530.245},"point_estimate":2297099288.5,"standard_error":2149265.885481917},"median":{"confidence_interval":{"confidence_level":0.95,"lower_bound":2292378398.0,"upper_bound":2301935812.0},"point_estimate":2299143935.5,"standard_error":2771826.643781132},"median_abs_dev":{"confidence_interval":{"confidence_level":0.95,"lower_bound":1431311.6514891386,"upper_bound":11973761.305323243},"point_estimate":6224444.688794017,"standard_error":2725713.76929089},"slope":null,"std_dev":{"confidence_interval":{"confidence_level":0.95,"lower_bound":3598838.0790467868,"upper_bound":9433596.820768233},"point_estimate":7161624.423651464,"standard_error":1562771.4543156985}}