{"mean":{"confidence_interval":{"confidence_level":0.95,"lower_bound":3681082258.94,"upper_bound":3693973733.61},"point_estimate":3686968210.0,"standard_error":3316794.71635894},"median":{"confidence_interval":{"confidence_level":0.95,"lower_bound":3679219832.0,"upper_bound":3694970551.5},"point_estimate":3681939861.0,"standard_error":3713137.4987875605},"median_abs_dev":{"confidence_interval":{"confidence_level":0.95,"lower_bound":658308.4881126881,"upper_bound":17363540.015235543},"point_estimate":5529626.435029507,"standard_error":3942984.947854485},"slope":null,"std_dev":{"confidence_interval":{"confidence_level":0.95,"lower_bound":3403292.7786909007,"upper_bound":14012195.049337003},"point_estimate":11018556.219513133,"standard_error":2732009.9256093353}}