{"mean":{"confidence_interval":{"confidence_level":0.95,"lower_bound":0.05641291701495738,"upper_bound":0.06683551869648267},"point_estimate":0.061707918343527846,"standard_error":0.002630620958475616},"median":{"confidence_interval":{"confidence_level":0.95,"lower_bound":0.055510581134231796,"upper_bound":0.0722326840648162},"point_estimate":0.06335576298118295,"standard_error":0.0040394388205181745}}