{"mean":{"confidence_interval":{"confidence_level":0.95,"lower_bound":821680845.2266668,"upper_bound":835208468.6366668},"point_estimate":828047758.3,"standard_error":3380563.365907927},"median":{"confidence_interval":{"confidence_level":0.95,"lower_bound":821012805.5,"upper_bound":838601848.6666666},"point_estimate":821652129.8333334,"standard_error":4488973.335476133},"median_abs_dev":{"confidence_interval":{"confidence_level":0.95,"lower_bound":200183.61364603043,"upper_bound":16493523.910981357},"point_estimate":1432895.0682610273,"standard_error":4788181.846214683},"slope":null,"std_dev":{"confidence_interval":{"confidence_level":0.95,"lower_bound":852026.5695740166,"upper_bound":14533563.783177242},"point_estimate":11244429.69714098,"standard_error":2838357.4950520922}}