{"mean":{"confidence_interval":{"confidence_level":0.95,"lower_bound":922260561.5333334,"upper_bound":924020291.0583335},"point_estimate":923061522.7,"standard_error":454262.6052094543},"median":{"confidence_interval":{"confidence_level":0.95,"lower_bound":921878807.6666666,"upper_bound":923678065.1666666},"point_estimate":922895232.0,"standard_error":465200.820280818},"median_abs_dev":{"confidence_interval":{"confidence_level":0.95,"lower_bound":314395.2084183104,"upper_bound":2204516.4484620094},"point_estimate":1329454.809397459,"standard_error":478925.7857687609},"slope":null,"std_dev":{"confidence_interval":{"confidence_level":0.95,"lower_bound":649270.4263733302,"upper_bound":2102561.7557949545},"point_estimate":1512961.0169051408,"standard_error":422677.16087198205}}