{"mean":{"confidence_interval":{"confidence_level":0.95,"lower_bound":-0.1466595945123401,"upper_bound":-0.1409871318496526},"point_estimate":-0.1441620126615466,"standard_error":0.001467542017205549},"median":{"confidence_interval":{"confidence_level":0.95,"lower_bound":-0.14684264457161367,"upper_bound":-0.14203488390557317},"point_estimate":-0.1445999458724423,"standard_error":0.0012551732020705721}}