{"mean":{"confidence_interval":{"confidence_level":0.95,"lower_bound":-0.08677052282818179,"upper_bound":-0.0766912029218041},"point_estimate":-0.08198928030078434,"standard_error":0.002544790904664387},"median":{"confidence_interval":{"confidence_level":0.95,"lower_bound":-0.08921686218416991,"upper_bound":-0.07596409156709305},"point_estimate":-0.08596554421322888,"standard_error":0.0038450050450949034}}