{"mean":{"confidence_interval":{"confidence_level":0.95,"lower_bound":1537724381.1000001,"upper_bound":1545083680.3},"point_estimate":1542117289.95,"standard_error":1976109.9263878397},"median":{"confidence_interval":{"confidence_level":0.95,"lower_bound":1541465086.5,"upper_bound":1545446243.75},"point_estimate":1543653240.0,"standard_error":1096510.2937696106},"median_abs_dev":{"confidence_interval":{"confidence_level":0.95,"lower_bound":848897.8266790509,"upper_bound":5029449.836209416},"point_estimate":2735479.2357355356,"standard_error":1168942.5726425096},"slope":null,"std_dev":{"confidence_interval":{"confidence_level":0.95,"lower_bound":1400073.5345341132,"upper_bound":9949013.880766783},"point_estimate":6580900.483742004,"standard_error":2800180.7056143656}}