{"mean":{"confidence_interval":{"confidence_level":0.95,"lower_bound":-0.08262296825994526,"upper_bound":-0.07958483723963959},"point_estimate":-0.08104746445640121,"standard_error":0.0007736805613151127},"median":{"confidence_interval":{"confidence_level":0.95,"lower_bound":-0.08275163772994709,"upper_bound":-0.07934859776849157},"point_estimate":-0.08096989940675714,"standard_error":0.0008726541169684077}}