{"mean":{"confidence_interval":{"confidence_level":0.95,"lower_bound":899818558.2683333,"upper_bound":905626830.1733332},"point_estimate":902251553.6666666,"standard_error":1531326.867180082},"median":{"confidence_interval":{"confidence_level":0.95,"lower_bound":899290853.5,"upper_bound":903608305.3333334},"point_estimate":900538450.1666667,"standard_error":1282889.029873381},"median_abs_dev":{"confidence_interval":{"confidence_level":0.95,"lower_bound":122968.07731693913,"upper_bound":5115222.445386707},"point_estimate":2345835.654053092,"standard_error":1370970.7141462215},"slope":null,"std_dev":{"confidence_interval":{"confidence_level":0.95,"lower_bound":1390571.4517394179,"upper_bound":7523369.39840012},"point_estimate":5101155.2432799935,"standard_error":1902892.1232133396}}