{"mean":{"confidence_interval":{"confidence_level":0.95,"lower_bound":-0.07302950933824139,"upper_bound":-0.06681031088615524},"point_estimate":-0.07076867037126355,"standard_error":0.0017493544078107709},"median":{"confidence_interval":{"confidence_level":0.95,"lower_bound":-0.07325310698161991,"upper_bound":-0.07119114416614392},"point_estimate":-0.07211742208383665,"standard_error":0.0007219355834108274}}