{"mean":{"confidence_interval":{"confidence_level":0.95,"lower_bound":2995886205.8675,"upper_bound":3014375925.9275},"point_estimate":3005563422.9,"standard_error":4759197.688108973},"median":{"confidence_interval":{"confidence_level":0.95,"lower_bound":2985067623.0,"upper_bound":3018424052.0},"point_estimate":3012427377.5,"standard_error":7674728.760068759},"median_abs_dev":{"confidence_interval":{"confidence_level":0.95,"lower_bound":1044963.8895481825,"upper_bound":23542243.52964163},"point_estimate":12364811.874380708,"standard_error":6295351.180663785},"slope":null,"std_dev":{"confidence_interval":{"confidence_level":0.95,"lower_bound":6856076.42018156,"upper_bound":18516160.9001139},"point_estimate":15894101.09574139,"standard_error":2619901.043332999}}