{"mean":{"confidence_interval":{"confidence_level":0.95,"lower_bound":3618517880.5825,"upper_bound":3630678080.1525},"point_estimate":3623977922.0,"standard_error":3136923.279044894},"median":{"confidence_interval":{"confidence_level":0.95,"lower_bound":3616812926.0,"upper_bound":3627423722.0},"point_estimate":3622746065.0,"standard_error":2498073.7389984676},"median_abs_dev":{"confidence_interval":{"confidence_level":0.95,"lower_bound":378547.0621794462,"upper_bound":14179466.798964143},"point_estimate":7097810.233488679,"standard_error":3966888.9820282683},"slope":null,"std_dev":{"confidence_interval":{"confidence_level":0.95,"lower_bound":4003568.006293092,"upper_bound":14753237.692429516},"point_estimate":10480718.363194756,"standard_error":3141085.9198652115}}