{"mean":{"confidence_interval":{"confidence_level":0.95,"lower_bound":-0.04539838803697985,"upper_bound":-0.011839333725606886},"point_estimate":-0.029285946217645797,"standard_error":0.00858515098212157},"median":{"confidence_interval":{"confidence_level":0.95,"lower_bound":-0.059385187200716616,"upper_bound":0.004278701777010063},"point_estimate":-0.04451173899645622,"standard_error":0.016289584477326917}}