{"mean":{"confidence_interval":{"confidence_level":0.95,"lower_bound":-0.08197794558658013,"upper_bound":-0.07158171214738945},"point_estimate":-0.0769150751987856,"standard_error":0.0027603251088901878},"median":{"confidence_interval":{"confidence_level":0.95,"lower_bound":-0.0845655928150173,"upper_bound":-0.0680699477316481},"point_estimate":-0.07808682927272292,"standard_error":0.004929561516716903}}