{"mean":{"confidence_interval":{"confidence_level":0.95,"lower_bound":-0.08382793502009053,"upper_bound":-0.07027944986946619},"point_estimate":-0.07745245377247978,"standard_error":0.003443436037289138},"median":{"confidence_interval":{"confidence_level":0.95,"lower_bound":-0.08699915967818561,"upper_bound":-0.0705962753031687},"point_estimate":-0.08399161034826841,"standard_error":0.005495546161593987}}