{"mean":{"confidence_interval":{"confidence_level":0.95,"lower_bound":2450113746.1225,"upper_bound":2461799885.8325},"point_estimate":2455848494.8,"standard_error":3013189.5044994815},"median":{"confidence_interval":{"confidence_level":0.95,"lower_bound":2447390843.5,"upper_bound":2466768072.0},"point_estimate":2451210853.0,"standard_error":5341041.804220986},"median_abs_dev":{"confidence_interval":{"confidence_level":0.95,"lower_bound":794241.4079993963,"upper_bound":18195995.437556505},"point_estimate":10008108.762520552,"standard_error":4163999.652508507},"slope":null,"std_dev":{"confidence_interval":{"confidence_level":0.95,"lower_bound":5903620.130638149,"upper_bound":11773192.393731251},"point_estimate":10018858.188291805,"standard_error":1455481.7979181372}}