{"mean":{"confidence_interval":{"confidence_level":0.95,"lower_bound":-0.13086021616568133,"upper_bound":-0.11651065803977763},"point_estimate":-0.12316691742366381,"standard_error":0.0037388535461452548},"median":{"confidence_interval":{"confidence_level":0.95,"lower_bound":-0.13270738938325077,"upper_bound":-0.11186093867673463},"point_estimate":-0.1199676097369683,"standard_error":0.005498883343393252}}