{"mean":{"confidence_interval":{"confidence_level":0.95,"lower_bound":732033865.8925,"upper_bound":735076843.3666666},"point_estimate":733193014.3333333,"standard_error":854559.2852678834},"median":{"confidence_interval":{"confidence_level":0.95,"lower_bound":731803911.0,"upper_bound":733033780.3333334},"point_estimate":732532386.1666667,"standard_error":363847.47317853686},"median_abs_dev":{"confidence_interval":{"confidence_level":0.95,"lower_bound":116900.04272460938,"upper_bound":1548981.4107002006},"point_estimate":791360.7162504505,"standard_error":417271.72610286996},"slope":null,"std_dev":{"confidence_interval":{"confidence_level":0.95,"lower_bound":434602.0365199721,"upper_bound":4357757.6559971385},"point_estimate":2840765.326169782,"standard_error":1358125.4452845624}}