{"mean":{"confidence_interval":{"confidence_level":0.95,"lower_bound":-0.0996188875056661,"upper_bound":-0.09732556915915905},"point_estimate":-0.09855419417079936,"standard_error":0.0005895427837579807},"median":{"confidence_interval":{"confidence_level":0.95,"lower_bound":-0.09999383470759315,"upper_bound":-0.09720287458423271},"point_estimate":-0.09845305774516289,"standard_error":0.00070468131740061}}