{"mean":{"confidence_interval":{"confidence_level":0.95,"lower_bound":-0.08166084388597077,"upper_bound":-0.06706483602291208},"point_estimate":-0.07484415674823663,"standard_error":0.0037701277947461602},"median":{"confidence_interval":{"confidence_level":0.95,"lower_bound":-0.08440086745034403,"upper_bound":-0.058999671953812505},"point_estimate":-0.08139568610780124,"standard_error":0.006821835683034138}}