{"mean":{"confidence_interval":{"confidence_level":0.95,"lower_bound":1397948052.4050002,"upper_bound":1404566671.67875},"point_estimate":1400786448.9,"standard_error":1672576.8570865202},"median":{"confidence_interval":{"confidence_level":0.95,"lower_bound":1397335104.0,"upper_bound":1404961592.75},"point_estimate":1398679102.5,"standard_error":1529365.932035199},"median_abs_dev":{"confidence_interval":{"confidence_level":0.95,"lower_bound":268240.88283777237,"upper_bound":8284238.994075358},"point_estimate":1817605.6691810489,"standard_error":1536106.0822528198},"slope":null,"std_dev":{"confidence_interval":{"confidence_level":0.95,"lower_bound":871322.207283345,"upper_bound":7054471.9165763855},"point_estimate":5587167.382134249,"standard_error":1681475.5486320315}}