{"mean":{"confidence_interval":{"confidence_level":0.95,"lower_bound":-0.09859803443105959,"upper_bound":-0.08506706805174881},"point_estimate":-0.09052240573374104,"standard_error":0.0036506362919834904},"median":{"confidence_interval":{"confidence_level":0.95,"lower_bound":-0.0919810840446158,"upper_bound":-0.08355321160075191},"point_estimate":-0.08566403727947558,"standard_error":0.002339571349772821}}