{"mean":{"confidence_interval":{"confidence_level":0.95,"lower_bound":-0.0938297732990939,"upper_bound":-0.09037829148396143},"point_estimate":-0.09220243535906691,"standard_error":0.0008806467009439349},"median":{"confidence_interval":{"confidence_level":0.95,"lower_bound":-0.09401103483837425,"upper_bound":-0.09099732656763004},"point_estimate":-0.09239568888864036,"standard_error":0.0006784261199152599}}