{"mean":{"confidence_interval":{"confidence_level":0.95,"lower_bound":849744835.2708333,"upper_bound":866156019.1591668},"point_estimate":857502434.4333334,"standard_error":4185345.1122552864},"median":{"confidence_interval":{"confidence_level":0.95,"lower_bound":847535775.0,"upper_bound":870068838.0},"point_estimate":848188484.1666667,"standard_error":6577931.440793158},"median_abs_dev":{"confidence_interval":{"confidence_level":0.95,"lower_bound":175685.62588110394,"upper_bound":23229691.19299069},"point_estimate":1519122.5885303007,"standard_error":7349875.407960149},"slope":null,"std_dev":{"confidence_interval":{"confidence_level":0.95,"lower_bound":5852425.065720772,"upper_bound":16840489.53701045},"point_estimate":13922054.311481716,"standard_error":2840462.484954529}}