{"mean":{"confidence_interval":{"confidence_level":0.95,"lower_bound":-0.10043881380880039,"upper_bound":-0.09357423625186082},"point_estimate":-0.09689678925231149,"standard_error":0.0017717900276932785},"median":{"confidence_interval":{"confidence_level":0.95,"lower_bound":-0.09937642771001587,"upper_bound":-0.09162589407967847},"point_estimate":-0.09749647215918555,"standard_error":0.0018199668848487161}}