{"mean":{"confidence_interval":{"confidence_level":0.95,"lower_bound":-0.03463346155803445,"upper_bound":-0.022022121157749427},"point_estimate":-0.028565807933895515,"standard_error":0.003235381353847538},"median":{"confidence_interval":{"confidence_level":0.95,"lower_bound":-0.03933593300304972,"upper_bound":-0.019589799797884},"point_estimate":-0.0310148223097908,"standard_error":0.005427526633595588}}