{"mean":{"confidence_interval":{"confidence_level":0.95,"lower_bound":-0.07554869350395656,"upper_bound":-0.06864196486325844},"point_estimate":-0.07125527061013748,"standard_error":0.0018757049940407073},"median":{"confidence_interval":{"confidence_level":0.95,"lower_bound":-0.07032237924044238,"upper_bound":-0.06804057148643394},"point_estimate":-0.06907067294667812,"standard_error":0.0005920778929991329}}