{"mean":{"confidence_interval":{"confidence_level":0.95,"lower_bound":2510746452.2775,"upper_bound":2519085902.3675003},"point_estimate":2514556903.6,"standard_error":2135817.877232677},"median":{"confidence_interval":{"confidence_level":0.95,"lower_bound":2510247384.5,"upper_bound":2517245950.0},"point_estimate":2513636826.5,"standard_error":1740981.7527815273},"median_abs_dev":{"confidence_interval":{"confidence_level":0.95,"lower_bound":1385121.990609169,"upper_bound":10446006.414351128},"point_estimate":4066788.7777000666,"standard_error":2249045.700451308},"slope":null,"std_dev":{"confidence_interval":{"confidence_level":0.95,"lower_bound":2592227.537884703,"upper_bound":10047283.884956473},"point_estimate":7120048.801367605,"standard_error":2059742.5242742677}}