{"mean":{"confidence_interval":{"confidence_level":0.95,"lower_bound":-0.06769608748442588,"upper_bound":-0.05780510098068287},"point_estimate":-0.06246697978656024,"standard_error":0.0025306356372015665},"median":{"confidence_interval":{"confidence_level":0.95,"lower_bound":-0.06587629004646034,"upper_bound":-0.05622336535661465},"point_estimate":-0.05690300013385918,"standard_error":0.002779675794023184}}