{"mean":{"confidence_interval":{"confidence_level":0.95,"lower_bound":41959928571.520004,"upper_bound":42071534826.1},"point_estimate":42022029478.5,"standard_error":28592457.913534306},"median":{"confidence_interval":{"confidence_level":0.95,"lower_bound":41972931397.0,"upper_bound":42079373074.5},"point_estimate":42042611610.0,"standard_error":23286540.77760129},"median_abs_dev":{"confidence_interval":{"confidence_level":0.95,"lower_bound":8559764.261233807,"upper_bound":130471663.40120429},"point_estimate":62653753.451773524,"standard_error":35198886.592498004},"slope":null,"std_dev":{"confidence_interval":{"confidence_level":0.95,"lower_bound":34971349.7649118,"upper_bound":134337168.043938},"point_estimate":95130039.09733859,"standard_error":28722840.761141174}}