{"mean":{"confidence_interval":{"confidence_level":0.95,"lower_bound":-0.09591261498050242,"upper_bound":-0.09162791666030727},"point_estimate":-0.09374854688572265,"standard_error":0.0010591183641578893},"median":{"confidence_interval":{"confidence_level":0.95,"lower_bound":-0.09456968300057633,"upper_bound":-0.09299806139965006},"point_estimate":-0.09354381938663137,"standard_error":0.0004508620972096563}}