{"mean":{"confidence_interval":{"confidence_level":0.95,"lower_bound":-0.09400599267127423,"upper_bound":-0.08926287395089136},"point_estimate":-0.09147767668130624,"standard_error":0.001217650146174732},"median":{"confidence_interval":{"confidence_level":0.95,"lower_bound":-0.09353482119619894,"upper_bound":-0.08810878721873283},"point_estimate":-0.0904409988000261,"standard_error":0.0014020005346161513}}