{"mean":{"confidence_interval":{"confidence_level":0.95,"lower_bound":-0.09334479613593669,"upper_bound":-0.09025853306831802},"point_estimate":-0.09189252294151884,"standard_error":0.0007843266339436128},"median":{"confidence_interval":{"confidence_level":0.95,"lower_bound":-0.09340989999685712,"upper_bound":-0.0902922108626848},"point_estimate":-0.09198262009260383,"standard_error":0.0007877675237511532}}