{"mean":{"confidence_interval":{"confidence_level":0.95,"lower_bound":1085824265.8799999,"upper_bound":1086847370.76375},"point_estimate":1086326892.4,"standard_error":261395.2305424584},"median":{"confidence_interval":{"confidence_level":0.95,"lower_bound":1085839198.75,"upper_bound":1086955224.0},"point_estimate":1086179548.25,"standard_error":280075.270509598},"median_abs_dev":{"confidence_interval":{"confidence_level":0.95,"lower_bound":174906.39604479074,"upper_bound":1510985.0914746523},"point_estimate":565355.4001629353,"standard_error":370444.81007157225},"slope":null,"std_dev":{"confidence_interval":{"confidence_level":0.95,"lower_bound":418043.72255527234,"upper_bound":1139658.8514355756},"point_estimate":869157.1574111261,"standard_error":181940.6046932046}}