{"mean":{"confidence_interval":{"confidence_level":0.95,"lower_bound":46414343318.277504,"upper_bound":47647074207.8925},"point_estimate":47034656024.7,"standard_error":314342616.8969468},"median":{"confidence_interval":{"confidence_level":0.95,"lower_bound":45955959292.0,"upper_bound":48097027299.0},"point_estimate":47055268638.0,"standard_error":723043106.4478168},"median_abs_dev":{"confidence_interval":{"confidence_level":0.95,"lower_bound":20367756.804800034,"upper_bound":1596913089.9783254},"point_estimate":1551978260.9445782,"standard_error":488756478.1422686},"slope":null,"std_dev":{"confidence_interval":{"confidence_level":0.95,"lower_bound":716872519.2073002,"upper_bound":1144193104.7487535},"point_estimate":1046789932.8380933,"standard_error":107541378.91820766}}