{"mean":{"confidence_interval":{"confidence_level":0.95,"lower_bound":2607198428.2,"upper_bound":2611936200.295},"point_estimate":2609545018.1,"standard_error":1218238.7277855382},"median":{"confidence_interval":{"confidence_level":0.95,"lower_bound":2605224841.0,"upper_bound":2613870995.0},"point_estimate":2609117489.0,"standard_error":2250621.0026451778},"median_abs_dev":{"confidence_interval":{"confidence_level":0.95,"lower_bound":284519.08924877644,"upper_bound":6912821.78697288},"point_estimate":5970233.649507165,"standard_error":1691236.8769104579},"slope":null,"std_dev":{"confidence_interval":{"confidence_level":0.95,"lower_bound":2620946.527126221,"upper_bound":4679167.970348941},"point_estimate":4059776.9543179595,"standard_error":526040.8335409897}}