{"mean":{"confidence_interval":{"confidence_level":0.95,"lower_bound":2354434125.6,"upper_bound":2361015626.6},"point_estimate":2357652022.7,"standard_error":1684551.7545363172},"median":{"confidence_interval":{"confidence_level":0.95,"lower_bound":2352771991.5,"upper_bound":2362709324.0},"point_estimate":2357274702.0,"standard_error":2575097.5912856623},"median_abs_dev":{"confidence_interval":{"confidence_level":0.95,"lower_bound":1459378.0102908611,"upper_bound":9761243.26480329},"point_estimate":5519039.188617468,"standard_error":2163571.2807635576},"slope":null,"std_dev":{"confidence_interval":{"confidence_level":0.95,"lower_bound":3264096.7944064196,"upper_bound":6852651.372675518},"point_estimate":5615258.235249284,"standard_error":913376.2492691479}}