{"mean":{"confidence_interval":{"confidence_level":0.95,"lower_bound":-0.058529695404426506,"upper_bound":-0.054330327740384786},"point_estimate":-0.05636650779928576,"standard_error":0.0010735729999908415},"median":{"confidence_interval":{"confidence_level":0.95,"lower_bound":-0.05908651631791206,"upper_bound":-0.054424246815862554},"point_estimate":-0.05610857376054601,"standard_error":0.0011470660393157253}}