{"mean":{"confidence_interval":{"confidence_level":0.95,"lower_bound":0.878054731867698,"upper_bound":0.948814716645148},"point_estimate":0.914210746542421,"standard_error":0.01815754224667617},"median":{"confidence_interval":{"confidence_level":0.95,"lower_bound":0.8552093943633461,"upper_bound":0.9707326421133633},"point_estimate":0.9429349520973838,"standard_error":0.03292630414859906}}