{"mean":{"confidence_interval":{"confidence_level":0.95,"lower_bound":2583218675.355,"upper_bound":2588480688.7475},"point_estimate":2585806284.6,"standard_error":1352472.940606256},"median":{"confidence_interval":{"confidence_level":0.95,"lower_bound":2581985022.0,"upper_bound":2590091550.0},"point_estimate":2585096672.0,"standard_error":2479975.443578324},"median_abs_dev":{"confidence_interval":{"confidence_level":0.95,"lower_bound":548834.7886562347,"upper_bound":7390588.887190819},"point_estimate":5588940.070876479,"standard_error":1743170.774600563},"slope":null,"std_dev":{"confidence_interval":{"confidence_level":0.95,"lower_bound":2868555.1768239937,"upper_bound":5392014.86259916},"point_estimate":4511886.26774041,"standard_error":642568.4607041803}}