{"mean":{"confidence_interval":{"confidence_level":0.95,"lower_bound":516399349.85520834,"upper_bound":517404237.9279523},"point_estimate":516855882.9712699,"standard_error":258375.27430569148},"median":{"confidence_interval":{"confidence_level":0.95,"lower_bound":516329632.125,"upper_bound":517230345.5833333},"point_estimate":516615090.475,"standard_error":225294.9467623306},"median_abs_dev":{"confidence_interval":{"confidence_level":0.95,"lower_bound":25250.160151720047,"upper_bound":1267068.4480400737},"point_estimate":635363.2767200322,"standard_error":312483.36977017176},"slope":{"confidence_interval":{"confidence_level":0.95,"lower_bound":516621481.86989874,"upper_bound":517709229.50370383},"point_estimate":517049434.15324676,"standard_error":285446.46246435685},"std_dev":{"confidence_interval":{"confidence_level":0.95,"lower_bound":341358.7232221636,"upper_bound":1195933.6228104571},"point_estimate":861919.4124834064,"standard_error":241560.72268693423}}