{"mean":{"confidence_interval":{"confidence_level":0.95,"lower_bound":2458412111.7,"upper_bound":2462379373.2},"point_estimate":2460365668.2,"standard_error":1019526.3329097985},"median":{"confidence_interval":{"confidence_level":0.95,"lower_bound":2457369276.0,"upper_bound":2463550258.0},"point_estimate":2460316538.5,"standard_error":1550278.4369773662},"median_abs_dev":{"confidence_interval":{"confidence_level":0.95,"lower_bound":806046.6102898121,"upper_bound":5637235.023719072},"point_estimate":4557584.225186706,"standard_error":1250493.2215697577},"slope":null,"std_dev":{"confidence_interval":{"confidence_level":0.95,"lower_bound":2019581.0954655507,"upper_bound":4170439.203105459},"point_estimate":3398149.566819363,"standard_error":546907.4588442604}}