{"mean":{"confidence_interval":{"confidence_level":0.95,"lower_bound":1820358850.83125,"upper_bound":1824565647.75},"point_estimate":1822536701.55,"standard_error":1079300.3864589299},"median":{"confidence_interval":{"confidence_level":0.95,"lower_bound":1819347457.0,"upper_bound":1825413384.25},"point_estimate":1823997786.25,"standard_error":1939140.7491703564},"median_abs_dev":{"confidence_interval":{"confidence_level":0.95,"lower_bound":498830.39804399014,"upper_bound":5548930.998636782},"point_estimate":3391199.8455941677,"standard_error":1458515.8194524345},"slope":null,"std_dev":{"confidence_interval":{"confidence_level":0.95,"lower_bound":2118973.957920439,"upper_bound":4354411.28823176},"point_estimate":3602278.5452614375,"standard_error":574303.6794181184}}