{"mean":{"confidence_interval":{"confidence_level":0.95,"lower_bound":-0.08435578652271923,"upper_bound":-0.08206632618767401},"point_estimate":-0.0831428922813805,"standard_error":0.0005836145981446755},"median":{"confidence_interval":{"confidence_level":0.95,"lower_bound":-0.08423080710147812,"upper_bound":-0.08165548871860584},"point_estimate":-0.08288733046218044,"standard_error":0.000663548847458232}}