{"mean":{"confidence_interval":{"confidence_level":0.95,"lower_bound":2261968362.2,"upper_bound":2267067631.985},"point_estimate":2264479568.8,"standard_error":1304882.0558684992},"median":{"confidence_interval":{"confidence_level":0.95,"lower_bound":2260404956.5,"upper_bound":2268384374.0},"point_estimate":2263681571.5,"standard_error":2173632.763714362},"median_abs_dev":{"confidence_interval":{"confidence_level":0.95,"lower_bound":1210018.7794178724,"upper_bound":7101891.831216216},"point_estimate":6044265.055292845,"standard_error":1592443.8960301445},"slope":null,"std_dev":{"confidence_interval":{"confidence_level":0.95,"lower_bound":2708933.9465875844,"upper_bound":5213923.953905125},"point_estimate":4342621.629748013,"standard_error":641937.5254290407}}