{"mean":{"confidence_interval":{"confidence_level":0.95,"lower_bound":0.021779624970985463,"upper_bound":0.026849480258869587},"point_estimate":0.024687047507716775,"standard_error":0.0013207436731465063},"median":{"confidence_interval":{"confidence_level":0.95,"lower_bound":0.02364524404035606,"upper_bound":0.027219741544889153},"point_estimate":0.025298713092406944,"standard_error":0.0009245867871293502}}