{"mean":{"confidence_interval":{"confidence_level":0.95,"lower_bound":3978115844.7,"upper_bound":3986956323.76},"point_estimate":3982381982.7,"standard_error":2266763.860998645},"median":{"confidence_interval":{"confidence_level":0.95,"lower_bound":3976501219.5,"upper_bound":3989655780.5},"point_estimate":3980605794.0,"standard_error":3478232.6594576593},"median_abs_dev":{"confidence_interval":{"confidence_level":0.95,"lower_bound":923975.5773961544,"upper_bound":12585531.721562147},"point_estimate":6957346.488082409,"standard_error":3045477.9818024747},"slope":null,"std_dev":{"confidence_interval":{"confidence_level":0.95,"lower_bound":4089648.2743901312,"upper_bound":9220755.19783446},"point_estimate":7544339.170331312,"standard_error":1279915.348667635}}