{"mean":{"confidence_interval":{"confidence_level":0.95,"lower_bound":1089056868.13,"upper_bound":1090552622.45},"point_estimate":1089818337.85,"standard_error":381666.1958639878},"median":{"confidence_interval":{"confidence_level":0.95,"lower_bound":1088665085.0,"upper_bound":1090569449.5},"point_estimate":1090060503.5,"standard_error":440985.45636656816},"median_abs_dev":{"confidence_interval":{"confidence_level":0.95,"lower_bound":160786.8551954627,"upper_bound":2379993.6454966664},"point_estimate":805965.0672912598,"standard_error":564879.6973821253},"slope":null,"std_dev":{"confidence_interval":{"confidence_level":0.95,"lower_bound":629955.7724835309,"upper_bound":1673446.2279937638},"point_estimate":1272052.5707197066,"standard_error":269270.2038340481}}