{"mean":{"confidence_interval":{"confidence_level":0.95,"lower_bound":-0.09018103074293642,"upper_bound":-0.08527267128348469},"point_estimate":-0.08807282912389858,"standard_error":0.001223021351218323},"median":{"confidence_interval":{"confidence_level":0.95,"lower_bound":-0.09092901321155378,"upper_bound":-0.08540782009905157},"point_estimate":-0.0882587753438252,"standard_error":0.0013587567002919583}}