{"mean":{"confidence_interval":{"confidence_level":0.95,"lower_bound":-0.013461794145954848,"upper_bound":-0.0018923346687213863},"point_estimate":-0.007422105914322019,"standard_error":0.002972929368287111},"median":{"confidence_interval":{"confidence_level":0.95,"lower_bound":-0.01415658322698754,"upper_bound":0.0009234868417806741},"point_estimate":-0.0056559810550878,"standard_error":0.00419643164391285}}