{"mean":{"confidence_interval":{"confidence_level":0.95,"lower_bound":-0.09081815523274576,"upper_bound":-0.0879145357208781},"point_estimate":-0.08932785107140484,"standard_error":0.000741833826582568},"median":{"confidence_interval":{"confidence_level":0.95,"lower_bound":-0.09042853469408296,"upper_bound":-0.08762955054531907},"point_estimate":-0.08979737128845977,"standard_error":0.0007622300889864259}}