{"mean":{"confidence_interval":{"confidence_level":0.95,"lower_bound":-0.09143514209702226,"upper_bound":-0.088534855811393},"point_estimate":-0.08988357692193538,"standard_error":0.0007418328312421713},"median":{"confidence_interval":{"confidence_level":0.95,"lower_bound":-0.0913639097517639,"upper_bound":-0.08804752595493581},"point_estimate":-0.08961861088528278,"standard_error":0.00086733901349345}}