{"mean":{"confidence_interval":{"confidence_level":0.95,"lower_bound":1277649619.3,"upper_bound":1281286271.6},"point_estimate":1279311120.7,"standard_error":938509.0787335626},"median":{"confidence_interval":{"confidence_level":0.95,"lower_bound":1277477984.75,"upper_bound":1281680871.5},"point_estimate":1278520171.25,"standard_error":869391.0144762159},"median_abs_dev":{"confidence_interval":{"confidence_level":0.95,"lower_bound":330972.2822740674,"upper_bound":4932972.978772223},"point_estimate":1225591.2682414055,"standard_error":1117959.4923687081},"slope":null,"std_dev":{"confidence_interval":{"confidence_level":0.95,"lower_bound":902516.7108622807,"upper_bound":4059993.9133557165},"point_estimate":3128029.6314250925,"standard_error":782829.0200331914}}