{"mean":{"confidence_interval":{"confidence_level":0.95,"lower_bound":2137943781.0525,"upper_bound":2148319945.7375},"point_estimate":2142197395.1,"standard_error":2771612.1522539165},"median":{"confidence_interval":{"confidence_level":0.95,"lower_bound":2136181510.0,"upper_bound":2143560622.0},"point_estimate":2139955389.0,"standard_error":2010758.3903255167},"median_abs_dev":{"confidence_interval":{"confidence_level":0.95,"lower_bound":850377.0908027887,"upper_bound":8538728.391507268},"point_estimate":5470135.62848568,"standard_error":2008268.1727608845},"slope":null,"std_dev":{"confidence_interval":{"confidence_level":0.95,"lower_bound":2350693.05970347,"upper_bound":13802373.747243298},"point_estimate":9244823.76389049,"standard_error":3665055.4180062828}}