{"mean":{"confidence_interval":{"confidence_level":0.95,"lower_bound":73854682.13831447,"upper_bound":76808976.51316667},"point_estimate":75387695.94846825,"standard_error":737511.6043486183},"median":{"confidence_interval":{"confidence_level":0.95,"lower_bound":72994307.02857143,"upper_bound":76977344.9},"point_estimate":76922970.23333332,"standard_error":1096655.6450841473},"median_abs_dev":{"confidence_interval":{"confidence_level":0.95,"lower_bound":7324.982849965869,"upper_bound":3345716.1220441796},"point_estimate":103080.61964597955,"standard_error":1018169.3149092859},"slope":{"confidence_interval":{"confidence_level":0.95,"lower_bound":72162063.1691823,"upper_bound":76625830.78131488},"point_estimate":73725162.69194806,"standard_error":1071914.4738387407},"std_dev":{"confidence_interval":{"confidence_level":0.95,"lower_bound":247390.95754417186,"upper_bound":2901004.583106678},"point_estimate":2467888.7081944603,"standard_error":532826.6903230741}}