{"mean":{"confidence_interval":{"confidence_level":0.95,"lower_bound":-0.1433856251906339,"upper_bound":-0.1400871451475404},"point_estimate":-0.1415588019981937,"standard_error":0.0008448540090562736},"median":{"confidence_interval":{"confidence_level":0.95,"lower_bound":-0.14292853363515978,"upper_bound":-0.13973578872577175},"point_estimate":-0.1411848606501136,"standard_error":0.0008245185471023142}}