{"mean":{"confidence_interval":{"confidence_level":0.95,"lower_bound":1703174842.765,"upper_bound":1705742931.3},"point_estimate":1704278224.6,"standard_error":665148.0948008329},"median":{"confidence_interval":{"confidence_level":0.95,"lower_bound":1703159628.0,"upper_bound":1704929272.5},"point_estimate":1703589955.0,"standard_error":438938.5813985852},"median_abs_dev":{"confidence_interval":{"confidence_level":0.95,"lower_bound":43194.06763315201,"upper_bound":2629566.7414158583},"point_estimate":943983.264040947,"standard_error":684607.4361539143},"slope":null,"std_dev":{"confidence_interval":{"confidence_level":0.95,"lower_bound":659970.5507960131,"upper_bound":3241323.5089784944},"point_estimate":2224037.144232905,"standard_error":781577.3041926301}}