{"mean":{"confidence_interval":{"confidence_level":0.95,"lower_bound":3576452653.2625,"upper_bound":3583835521.0},"point_estimate":3580233494.2,"standard_error":1886507.4853698332},"median":{"confidence_interval":{"confidence_level":0.95,"lower_bound":3575077988.0,"upper_bound":3585117889.5},"point_estimate":3580614396.5,"standard_error":2497806.1521224384},"median_abs_dev":{"confidence_interval":{"confidence_level":0.95,"lower_bound":1473976.4309316874,"upper_bound":10697669.716778398},"point_estimate":6814484.637218714,"standard_error":2353721.2006431716},"slope":null,"std_dev":{"confidence_interval":{"confidence_level":0.95,"lower_bound":3428957.0716473353,"upper_bound":7945334.265685176},"point_estimate":6277149.9129924625,"standard_error":1149185.6923565827}}