{"mean":{"confidence_interval":{"confidence_level":0.95,"lower_bound":-0.0783554440629365,"upper_bound":-0.0631288777175722},"point_estimate":-0.07049462590932754,"standard_error":0.003791097565800021},"median":{"confidence_interval":{"confidence_level":0.95,"lower_bound":-0.07716051636691623,"upper_bound":-0.05834493035790633},"point_estimate":-0.068106313276178,"standard_error":0.006656619470473541}}