{"mean":{"confidence_interval":{"confidence_level":0.95,"lower_bound":-0.12886532956773383,"upper_bound":-0.10743150393585985},"point_estimate":-0.11808584794958854,"standard_error":0.005398724410175994},"median":{"confidence_interval":{"confidence_level":0.95,"lower_bound":-0.1288164666195113,"upper_bound":-0.10982760266523905},"point_estimate":-0.12011859791329049,"standard_error":0.005249564744395758}}