{"mean":{"confidence_interval":{"confidence_level":0.95,"lower_bound":3055330874.06,"upper_bound":3061748576.0375},"point_estimate":3058590776.4,"standard_error":1644434.200820413},"median":{"confidence_interval":{"confidence_level":0.95,"lower_bound":3054779882.5,"upper_bound":3062665877.5},"point_estimate":3058325972.0,"standard_error":1888174.8398561345},"median_abs_dev":{"confidence_interval":{"confidence_level":0.95,"lower_bound":102609.26157832146,"upper_bound":9330042.405858636},"point_estimate":4469067.076358199,"standard_error":2271005.3326592105},"slope":null,"std_dev":{"confidence_interval":{"confidence_level":0.95,"lower_bound":2690635.7996434453,"upper_bound":7203992.0638859635},"point_estimate":5480631.1667521205,"standard_error":1146212.4694217062}}