{"mean":{"confidence_interval":{"confidence_level":0.95,"lower_bound":2020157894.8,"upper_bound":2024700294.4475},"point_estimate":2022051401.1,"standard_error":1199994.4792897727},"median":{"confidence_interval":{"confidence_level":0.95,"lower_bound":2019719771.5,"upper_bound":2022826139.5},"point_estimate":2021161199.5,"standard_error":650564.0172560302},"median_abs_dev":{"confidence_interval":{"confidence_level":0.95,"lower_bound":320576.66190862656,"upper_bound":4115242.3687398434},"point_estimate":1140379.5760542154,"standard_error":1132194.5306375215},"slope":null,"std_dev":{"confidence_interval":{"confidence_level":0.95,"lower_bound":975074.237775067,"upper_bound":5932115.475548238},"point_estimate":4007381.1892700214,"standard_error":1536300.2200251063}}