{"mean":{"confidence_interval":{"confidence_level":0.95,"lower_bound":3844544202.9,"upper_bound":3860894106.7},"point_estimate":3852537544.7,"standard_error":4202120.823739737},"median":{"confidence_interval":{"confidence_level":0.95,"lower_bound":3837885434.0,"upper_bound":3863418617.0},"point_estimate":3852313905.5,"standard_error":5981664.099509524},"median_abs_dev":{"confidence_interval":{"confidence_level":0.95,"lower_bound":2399708.147996664,"upper_bound":25142315.08833468},"point_estimate":18927748.221865296,"standard_error":6174610.735651578},"slope":null,"std_dev":{"confidence_interval":{"confidence_level":0.95,"lower_bound":8106049.660320264,"upper_bound":16989904.56085408},"point_estimate":13969674.716317877,"standard_error":2249567.8440759312}}