{"mean":{"confidence_interval":{"confidence_level":0.95,"lower_bound":1685557777.4125001,"upper_bound":1694528267.3},"point_estimate":1689095517.1,"standard_error":2440461.512936702},"median":{"confidence_interval":{"confidence_level":0.95,"lower_bound":1684765487.75,"upper_bound":1689912761.75},"point_estimate":1686564746.25,"standard_error":1374354.6433664141},"median_abs_dev":{"confidence_interval":{"confidence_level":0.95,"lower_bound":629917.4399167299,"upper_bound":5776023.060505092},"point_estimate":2864551.053594053,"standard_error":1485177.647008665},"slope":null,"std_dev":{"confidence_interval":{"confidence_level":0.95,"lower_bound":1391038.0013564972,"upper_bound":12287103.440003825},"point_estimate":8122327.660888065,"standard_error":3520953.2837860133}}