{"mean":{"confidence_interval":{"confidence_level":0.95,"lower_bound":695701102.7044445,"upper_bound":697824285.9169444},"point_estimate":696638071.9852779,"standard_error":548716.5245178014},"median":{"confidence_interval":{"confidence_level":0.95,"lower_bound":695496054.0,"upper_bound":697263701.9722222},"point_estimate":696295769.05,"standard_error":461447.0176078145},"median_abs_dev":{"confidence_interval":{"confidence_level":0.95,"lower_bound":429247.90412932634,"upper_bound":2315707.492888033},"point_estimate":1157853.7464440165,"standard_error":505844.3527248776},"slope":{"confidence_interval":{"confidence_level":0.95,"lower_bound":696165700.8204081,"upper_bound":698952559.6071467},"point_estimate":697419890.5662338,"standard_error":729581.4127651504},"std_dev":{"confidence_interval":{"confidence_level":0.95,"lower_bound":644275.6780691036,"upper_bound":2616193.1907808282},"point_estimate":1831323.137699389,"standard_error":584143.0166884088}}