{"mean":{"confidence_interval":{"confidence_level":0.95,"lower_bound":-0.08089006095187296,"upper_bound":-0.07629587927695626},"point_estimate":-0.07860284202643752,"standard_error":0.0011673306545949506},"median":{"confidence_interval":{"confidence_level":0.95,"lower_bound":-0.08106478387797456,"upper_bound":-0.075893508380531},"point_estimate":-0.07829919443790512,"standard_error":0.0011838510044957042}}