{"mean":{"confidence_interval":{"confidence_level":0.95,"lower_bound":1098328235.8925002,"upper_bound":1100806789.2},"point_estimate":1099585115.05,"standard_error":633785.8091705343},"median":{"confidence_interval":{"confidence_level":0.95,"lower_bound":1097077002.5,"upper_bound":1101131812.0},"point_estimate":1100223452.25,"standard_error":1033009.6489899744},"median_abs_dev":{"confidence_interval":{"confidence_level":0.95,"lower_bound":177900.50669163465,"upper_bound":3612805.9169098735},"point_estimate":2445027.152042091,"standard_error":960409.0487598141},"slope":null,"std_dev":{"confidence_interval":{"confidence_level":0.95,"lower_bound":1310305.3218863548,"upper_bound":2543260.699728162},"point_estimate":2110389.702883681,"standard_error":315712.5633145666}}