{"mean":{"confidence_interval":{"confidence_level":0.95,"lower_bound":-0.1101763367416237,"upper_bound":-0.1092050016943869},"point_estimate":-0.10968671538016872,"standard_error":0.0002466167988247547},"median":{"confidence_interval":{"confidence_level":0.95,"lower_bound":-0.11020315308993633,"upper_bound":-0.10900391923325736},"point_estimate":-0.1096621519644273,"standard_error":0.0002906964362562718}}