{"mean":{"confidence_interval":{"confidence_level":0.95,"lower_bound":1846496932.8,"upper_bound":1869010611.3},"point_estimate":1858309313.25,"standard_error":5797675.104890806},"median":{"confidence_interval":{"confidence_level":0.95,"lower_bound":1843412542.5,"upper_bound":1874933936.5},"point_estimate":1863642884.5,"standard_error":9665253.753383746},"median_abs_dev":{"confidence_interval":{"confidence_level":0.95,"lower_bound":1768547.5480020046,"upper_bound":31916147.575575113},"point_estimate":16879776.910074055,"standard_error":9281528.630880913},"slope":null,"std_dev":{"confidence_interval":{"confidence_level":0.95,"lower_bound":10251050.314800987,"upper_bound":23661368.08443155},"point_estimate":19290700.404456336,"standard_error":3416661.267812621}}