{"mean":{"confidence_interval":{"confidence_level":0.95,"lower_bound":548771308.6400001,"upper_bound":559485942.8649999},"point_estimate":554213805.8525001,"standard_error":2744794.267234207},"median":{"confidence_interval":{"confidence_level":0.95,"lower_bound":547268032.5625,"upper_bound":559869704.0},"point_estimate":554827100.0,"standard_error":2998828.669271749},"median_abs_dev":{"confidence_interval":{"confidence_level":0.95,"lower_bound":591890.8818293363,"upper_bound":15299994.608470827},"point_estimate":7867328.792727023,"standard_error":4035442.7807251634},"slope":{"confidence_interval":{"confidence_level":0.95,"lower_bound":549104440.7272727,"upper_bound":556775713.5233052},"point_estimate":553236320.3454546,"standard_error":1929889.1562027368},"std_dev":{"confidence_interval":{"confidence_level":0.95,"lower_bound":4321292.5769770155,"upper_bound":11945228.934966192},"point_estimate":9132099.195341738,"standard_error":1877848.6943856066}}