{"mean":{"confidence_interval":{"confidence_level":0.95,"lower_bound":2624577454.3,"upper_bound":2637300139.4},"point_estimate":2630104518.6,"standard_error":3302759.0926461997},"median":{"confidence_interval":{"confidence_level":0.95,"lower_bound":2623543654.0,"upper_bound":2633765972.0},"point_estimate":2626162489.0,"standard_error":3014353.848443442},"median_abs_dev":{"confidence_interval":{"confidence_level":0.95,"lower_bound":421857.513910532,"upper_bound":12986795.180538297},"point_estimate":6630860.923978686,"standard_error":3401540.884637669},"slope":null,"std_dev":{"confidence_interval":{"confidence_level":0.95,"lower_bound":3784784.7168869665,"upper_bound":15895108.128369644},"point_estimate":11011614.22149284,"standard_error":3692934.5079603805}}