{"mean":{"confidence_interval":{"confidence_level":0.95,"lower_bound":3962278462.4,"upper_bound":3973974597.6},"point_estimate":3967734798.8,"standard_error":2992008.0672683087},"median":{"confidence_interval":{"confidence_level":0.95,"lower_bound":3962335662.0,"upper_bound":3970891808.5},"point_estimate":3967711111.5,"standard_error":2379793.018181477},"median_abs_dev":{"confidence_interval":{"confidence_level":0.95,"lower_bound":1563975.4384338856,"upper_bound":14548056.719720364},"point_estimate":5932643.068474531,"standard_error":3181609.2864889964},"slope":null,"std_dev":{"confidence_interval":{"confidence_level":0.95,"lower_bound":3314710.0614921087,"upper_bound":14319930.056802632},"point_estimate":9981700.69554118,"standard_error":2948843.8405702743}}