{"mean":{"confidence_interval":{"confidence_level":0.95,"lower_bound":-0.11456746423101093,"upper_bound":-0.0986640896751263},"point_estimate":-0.10722242960434947,"standard_error":0.004064489430182105},"median":{"confidence_interval":{"confidence_level":0.95,"lower_bound":-0.115661056969525,"upper_bound":-0.09863693171277824},"point_estimate":-0.11506853778560289,"standard_error":0.004872817862073874}}