{"mean":{"confidence_interval":{"confidence_level":0.95,"lower_bound":1799989015.95,"upper_bound":1814111621.75},"point_estimate":1807448536.1,"standard_error":3667898.6368465554},"median":{"confidence_interval":{"confidence_level":0.95,"lower_bound":1798972352.25,"upper_bound":1812695945.75},"point_estimate":1810032774.0,"standard_error":2729968.7660349244},"median_abs_dev":{"confidence_interval":{"confidence_level":0.95,"lower_bound":589122.9603409767,"upper_bound":21614666.748712957},"point_estimate":2043347.8237733245,"standard_error":5361860.806807638},"slope":null,"std_dev":{"confidence_interval":{"confidence_level":0.95,"lower_bound":2062281.2361469513,"upper_bound":16171463.982522087},"point_estimate":12209706.45064679,"standard_error":3120842.249951615}}