{"mean":{"confidence_interval":{"confidence_level":0.95,"lower_bound":-0.06553201285846333,"upper_bound":-0.052493926643448534},"point_estimate":-0.059021763375952885,"standard_error":0.0032783680487327416},"median":{"confidence_interval":{"confidence_level":0.95,"lower_bound":-0.07019060637341934,"upper_bound":-0.049179713799468616},"point_estimate":-0.05824073235177363,"standard_error":0.005525488342891142}}