{"mean":{"confidence_interval":{"confidence_level":0.95,"lower_bound":-0.0941894701622766,"upper_bound":-0.08799408519764733},"point_estimate":-0.09128192794884793,"standard_error":0.001595361212876008},"median":{"confidence_interval":{"confidence_level":0.95,"lower_bound":-0.0953214370014116,"upper_bound":-0.08865768737821789},"point_estimate":-0.09309506055378747,"standard_error":0.0015493397012881045}}