{"mean":{"confidence_interval":{"confidence_level":0.95,"lower_bound":847950055.5666666,"upper_bound":850088173.8333333},"point_estimate":848946877.0,"standard_error":549141.9219611516},"median":{"confidence_interval":{"confidence_level":0.95,"lower_bound":847553997.6666666,"upper_bound":850558135.6666666},"point_estimate":848377688.1666667,"standard_error":755006.6313426958},"median_abs_dev":{"confidence_interval":{"confidence_level":0.95,"lower_bound":372485.94638711144,"upper_bound":3123598.2104449873},"point_estimate":1470924.2517860217,"standard_error":683830.3904431526},"slope":null,"std_dev":{"confidence_interval":{"confidence_level":0.95,"lower_bound":871471.92442315,"upper_bound":2390397.3573465864},"point_estimate":1839587.5229924296,"standard_error":401779.74529406545}}