{"mean":{"confidence_interval":{"confidence_level":0.95,"lower_bound":0.029325427584641923,"upper_bound":0.04717307559063639},"point_estimate":0.03809157365776117,"standard_error":0.004564377672595639},"median":{"confidence_interval":{"confidence_level":0.95,"lower_bound":0.027873280357338936,"upper_bound":0.04846999295493348},"point_estimate":0.035276157825029575,"standard_error":0.0053372227918561934}}