{"mean":{"confidence_interval":{"confidence_level":0.95,"lower_bound":1796826262.7375,"upper_bound":1821262435.15},"point_estimate":1809354581.15,"standard_error":6276799.484838134},"median":{"confidence_interval":{"confidence_level":0.95,"lower_bound":1787962145.5,"upper_bound":1828257938.5},"point_estimate":1814630260.5,"standard_error":11912838.816484766},"median_abs_dev":{"confidence_interval":{"confidence_level":0.95,"lower_bound":2208324.8771443963,"upper_bound":34193444.11544502},"point_estimate":23056394.406317174,"standard_error":10264598.740310974},"slope":null,"std_dev":{"confidence_interval":{"confidence_level":0.95,"lower_bound":12573968.838547701,"upper_bound":24611264.326467082},"point_estimate":20978800.429790936,"standard_error":3102659.6756593105}}