{"mean":{"confidence_interval":{"confidence_level":0.95,"lower_bound":24608320.24721667,"upper_bound":24663668.265148148},"point_estimate":24631745.26746296,"standard_error":14499.05425766418},"median":{"confidence_interval":{"confidence_level":0.95,"lower_bound":24601992.166666668,"upper_bound":24646873.46666667},"point_estimate":24614168.80814815,"standard_error":13776.31267629725},"median_abs_dev":{"confidence_interval":{"confidence_level":0.95,"lower_bound":5506.425722243979,"upper_bound":56382.7580890065},"point_estimate":31627.87253893711,"standard_error":12969.94107027721},"slope":{"confidence_interval":{"confidence_level":0.95,"lower_bound":24610673.542687636,"upper_bound":24692729.113673713},"point_estimate":24641357.73852814,"standard_error":22535.748150974807},"std_dev":{"confidence_interval":{"confidence_level":0.95,"lower_bound":15740.63862634102,"upper_bound":70907.77569114736},"point_estimate":48399.482525957035,"standard_error":17332.618140769508}}