{"mean":{"confidence_interval":{"confidence_level":0.95,"lower_bound":-0.10508421740576614,"upper_bound":-0.10365915345592762},"point_estimate":-0.10444915152996948,"standard_error":0.00037406498151496025},"median":{"confidence_interval":{"confidence_level":0.95,"lower_bound":-0.10531544126802361,"upper_bound":-0.10381751517871463},"point_estimate":-0.10487897397363244,"standard_error":0.0003140291303138866}}