{"mean":{"confidence_interval":{"confidence_level":0.95,"lower_bound":-0.09871113144786808,"upper_bound":-0.08082760479022433},"point_estimate":-0.0913089125254769,"standard_error":0.004741042387147619},"median":{"confidence_interval":{"confidence_level":0.95,"lower_bound":-0.10016736370855539,"upper_bound":-0.09050699230580839},"point_estimate":-0.0984632781143171,"standard_error":0.002187801676993883}}