{"mean":{"confidence_interval":{"confidence_level":0.95,"lower_bound":-0.09251738041886853,"upper_bound":-0.08317391839209479},"point_estimate":-0.08833182833729125,"standard_error":0.002404034675732129},"median":{"confidence_interval":{"confidence_level":0.95,"lower_bound":-0.0923503610132329,"upper_bound":-0.08313747960368079},"point_estimate":-0.09038869689119422,"standard_error":0.0021480323777853527}}