{"mean":{"confidence_interval":{"confidence_level":0.95,"lower_bound":-0.10525390177876214,"upper_bound":-0.10082683496649279},"point_estimate":-0.10300288882664788,"standard_error":0.001136441688109296},"median":{"confidence_interval":{"confidence_level":0.95,"lower_bound":-0.1068858012179702,"upper_bound":-0.09985141497912985},"point_estimate":-0.10068553577667905,"standard_error":0.0020107968634407157}}