{"mean":{"confidence_interval":{"confidence_level":0.95,"lower_bound":-0.09616893026108328,"upper_bound":-0.0931586400170373},"point_estimate":-0.09453609117156092,"standard_error":0.0007734486742573193},"median":{"confidence_interval":{"confidence_level":0.95,"lower_bound":-0.09621966094316237,"upper_bound":-0.09233562074747595},"point_estimate":-0.09284090316389726,"standard_error":0.001121757963952953}}