{"mean":{"confidence_interval":{"confidence_level":0.95,"lower_bound":1894392216.95,"upper_bound":1899093913.6},"point_estimate":1896634508.35,"standard_error":1204086.9943690912},"median":{"confidence_interval":{"confidence_level":0.95,"lower_bound":1893629493.5,"upper_bound":1898943392.5},"point_estimate":1896298274.5,"standard_error":1314576.3224583466},"median_abs_dev":{"confidence_interval":{"confidence_level":0.95,"lower_bound":1112206.0994043946,"upper_bound":6584647.541499138},"point_estimate":3111067.0283675194,"standard_error":1419110.15468351},"slope":null,"std_dev":{"confidence_interval":{"confidence_level":0.95,"lower_bound":1930055.2286251318,"upper_bound":5367816.0730905915},"point_estimate":4022495.8000290697,"standard_error":910040.5554550408}}