{"mean":{"confidence_interval":{"confidence_level":0.95,"lower_bound":-0.0906191983235954,"upper_bound":-0.0872361538993792},"point_estimate":-0.08895082988994629,"standard_error":0.0008722791570228899},"median":{"confidence_interval":{"confidence_level":0.95,"lower_bound":-0.09121880652110737,"upper_bound":-0.08707191767583888},"point_estimate":-0.08930784518736468,"standard_error":0.0010386680007700543}}