{"mean":{"confidence_interval":{"confidence_level":0.95,"lower_bound":1260754340.95,"upper_bound":1264298502.6},"point_estimate":1262252215.05,"standard_error":933130.8103544366},"median":{"confidence_interval":{"confidence_level":0.95,"lower_bound":1260513552.0,"upper_bound":1262964240.5},"point_estimate":1261490300.0,"standard_error":513826.3332980463},"median_abs_dev":{"confidence_interval":{"confidence_level":0.95,"lower_bound":195944.48967128992,"upper_bound":3373598.048056662},"point_estimate":924099.3744939566,"standard_error":896428.9041201964},"slope":null,"std_dev":{"confidence_interval":{"confidence_level":0.95,"lower_bound":777194.441242328,"upper_bound":4568229.873164642},"point_estimate":3122984.7666560947,"standard_error":1149022.0860403494}}