{"mean":{"confidence_interval":{"confidence_level":0.95,"lower_bound":2913230771.1,"upper_bound":2924215186.7},"point_estimate":2918306696.1,"standard_error":2827068.2476119567},"median":{"confidence_interval":{"confidence_level":0.95,"lower_bound":2912031475.0,"upper_bound":2926107149.0},"point_estimate":2916393237.0,"standard_error":2949188.568257432},"median_abs_dev":{"confidence_interval":{"confidence_level":0.95,"lower_bound":1033836.9767457247,"upper_bound":14407724.925711751},"point_estimate":5138686.319670081,"standard_error":3360604.255949878},"slope":null,"std_dev":{"confidence_interval":{"confidence_level":0.95,"lower_bound":3145900.790030098,"upper_bound":12021642.014000535},"point_estimate":9438345.822579747,"standard_error":2233766.918644217}}