{"mean":{"confidence_interval":{"confidence_level":0.95,"lower_bound":2203415338.0,"upper_bound":2208806970.2374997},"point_estimate":2206146981.4,"standard_error":1369083.8014820896},"median":{"confidence_interval":{"confidence_level":0.95,"lower_bound":2203051096.0,"upper_bound":2208966301.0},"point_estimate":2206301913.0,"standard_error":1316371.6271462108},"median_abs_dev":{"confidence_interval":{"confidence_level":0.95,"lower_bound":574169.4570064545,"upper_bound":7828533.35211575},"point_estimate":3598800.906908512,"standard_error":1761590.0708248685},"slope":null,"std_dev":{"confidence_interval":{"confidence_level":0.95,"lower_bound":1948668.111704117,"upper_bound":6204045.803963425},"point_estimate":4563241.181737511,"standard_error":1084637.4246603455}}