{"mean":{"confidence_interval":{"confidence_level":0.95,"lower_bound":2418774381.7,"upper_bound":2424708014.73},"point_estimate":2421665506.1,"standard_error":1525902.6305690834},"median":{"confidence_interval":{"confidence_level":0.95,"lower_bound":2416882286.0,"upper_bound":2426775384.5},"point_estimate":2420807118.0,"standard_error":2537738.5950379316},"median_abs_dev":{"confidence_interval":{"confidence_level":0.95,"lower_bound":1059064.8978978395,"upper_bound":8745539.227035642},"point_estimate":6292619.824683666,"standard_error":1915102.5007835724},"slope":null,"std_dev":{"confidence_interval":{"confidence_level":0.95,"lower_bound":3067153.1063330155,"upper_bound":6049510.345102384},"point_estimate":5084899.980497016,"standard_error":752573.8001501475}}