{"mean":{"confidence_interval":{"confidence_level":0.95,"lower_bound":-0.08527035322927358,"upper_bound":-0.0817153830005934},"point_estimate":-0.08343849392068414,"standard_error":0.000907516186902148},"median":{"confidence_interval":{"confidence_level":0.95,"lower_bound":-0.08567837550655089,"upper_bound":-0.08088423127799305},"point_estimate":-0.08298047479152038,"standard_error":0.0012095023884537673}}