{"mean":{"confidence_interval":{"confidence_level":0.95,"lower_bound":-0.09364765580402626,"upper_bound":-0.08851705857746998},"point_estimate":-0.09126143809210097,"standard_error":0.0013189820254692211},"median":{"confidence_interval":{"confidence_level":0.95,"lower_bound":-0.09440136524899663,"upper_bound":-0.08856037553411267},"point_estimate":-0.09173764950565022,"standard_error":0.0014112470131102683}}