{"mean":{"confidence_interval":{"confidence_level":0.95,"lower_bound":2178358429.0525,"upper_bound":2184974224.7},"point_estimate":2181631944.7,"standard_error":1693784.4210462586},"median":{"confidence_interval":{"confidence_level":0.95,"lower_bound":2176582673.0,"upper_bound":2186464805.0},"point_estimate":2182126937.5,"standard_error":2242809.0736836456},"median_abs_dev":{"confidence_interval":{"confidence_level":0.95,"lower_bound":294869.8609650135,"upper_bound":9797334.937262535},"point_estimate":7010048.469346762,"standard_error":2444049.917974085},"slope":null,"std_dev":{"confidence_interval":{"confidence_level":0.95,"lower_bound":3278896.8641780945,"upper_bound":7039354.322187445},"point_estimate":5624877.407226817,"standard_error":969661.7780168471}}