{"mean":{"confidence_interval":{"confidence_level":0.95,"lower_bound":-0.09230108160318085,"upper_bound":-0.08215070761608366},"point_estimate":-0.08746916601919208,"standard_error":0.002590169853354851},"median":{"confidence_interval":{"confidence_level":0.95,"lower_bound":-0.09298745473806347,"upper_bound":-0.08045714837017548},"point_estimate":-0.09019139653248942,"standard_error":0.0030923671682735036}}