{"mean":{"confidence_interval":{"confidence_level":0.95,"lower_bound":3262298175.6,"upper_bound":3274880702.4},"point_estimate":3268182850.9,"standard_error":3212455.892043105},"median":{"confidence_interval":{"confidence_level":0.95,"lower_bound":3261013288.0,"upper_bound":3273138963.0},"point_estimate":3266294854.0,"standard_error":3023566.7776083713},"median_abs_dev":{"confidence_interval":{"confidence_level":0.95,"lower_bound":801242.9863750935,"upper_bound":16526897.730588913},"point_estimate":8750468.130648136,"standard_error":3609054.152905864},"slope":null,"std_dev":{"confidence_interval":{"confidence_level":0.95,"lower_bound":4396222.216453203,"upper_bound":14913178.323426379},"point_estimate":10710901.96181034,"standard_error":2866426.631293327}}