{"mean":{"confidence_interval":{"confidence_level":0.95,"lower_bound":3655666786.45,"upper_bound":3665416140.625},"point_estimate":3660689294.7,"standard_error":2506684.715036632},"median":{"confidence_interval":{"confidence_level":0.95,"lower_bound":3652951094.0,"upper_bound":3667309062.0},"point_estimate":3662268827.5,"standard_error":3376301.123062713},"median_abs_dev":{"confidence_interval":{"confidence_level":0.95,"lower_bound":1371966.881042719,"upper_bound":13567608.168026805},"point_estimate":9558877.263996005,"standard_error":3622964.0520056924},"slope":null,"std_dev":{"confidence_interval":{"confidence_level":0.95,"lower_bound":4336444.0764986295,"upper_bound":10145959.042131195},"point_estimate":8348574.963942742,"standard_error":1399670.9657434481}}