{"mean":{"confidence_interval":{"confidence_level":0.95,"lower_bound":1019269167.23875,"upper_bound":1020302394.85},"point_estimate":1019758848.6,"standard_error":265793.66965850536},"median":{"confidence_interval":{"confidence_level":0.95,"lower_bound":1019047148.0,"upper_bound":1020393527.25},"point_estimate":1019625128.75,"standard_error":399910.13621586864},"median_abs_dev":{"confidence_interval":{"confidence_level":0.95,"lower_bound":112202.42470800877,"upper_bound":1516214.9628818035},"point_estimate":806736.0192775726,"standard_error":373275.56224565214},"slope":null,"std_dev":{"confidence_interval":{"confidence_level":0.95,"lower_bound":467823.24191723013,"upper_bound":1137806.9272734183},"point_estimate":887022.9627200188,"standard_error":178723.53446080888}}