{"mean":{"confidence_interval":{"confidence_level":0.95,"lower_bound":823261130.8333334,"upper_bound":825245216.5716667},"point_estimate":824187890.8,"standard_error":510682.4738919009},"median":{"confidence_interval":{"confidence_level":0.95,"lower_bound":822902896.6666666,"upper_bound":825491814.6666667},"point_estimate":823548256.0,"standard_error":746225.8495944929},"median_abs_dev":{"confidence_interval":{"confidence_level":0.95,"lower_bound":134013.20002081955,"upper_bound":2781769.9605137403},"point_estimate":1056559.7981423729,"standard_error":722072.2700469578},"slope":null,"std_dev":{"confidence_interval":{"confidence_level":0.95,"lower_bound":713767.2121112451,"upper_bound":2076037.0305250722},"point_estimate":1700528.7847726964,"standard_error":331233.9781519861}}