{"mean":{"confidence_interval":{"confidence_level":0.95,"lower_bound":-0.10739480335772549,"upper_bound":-0.10625714729072495},"point_estimate":-0.1067995159128039,"standard_error":0.00029052034481950217},"median":{"confidence_interval":{"confidence_level":0.95,"lower_bound":-0.10739659655111977,"upper_bound":-0.10604231809302722},"point_estimate":-0.10664020602307511,"standard_error":0.00038441075297011043}}