{"mean":{"confidence_interval":{"confidence_level":0.95,"lower_bound":-0.09800421614744731,"upper_bound":-0.09272206983388137},"point_estimate":-0.09543739662575479,"standard_error":0.001346042976899587},"median":{"confidence_interval":{"confidence_level":0.95,"lower_bound":-0.09844476238865107,"upper_bound":-0.09330786635767407},"point_estimate":-0.09581325591360101,"standard_error":0.0013664630009982608}}