{"mean":{"confidence_interval":{"confidence_level":0.95,"lower_bound":4009451211.7,"upper_bound":4020677284.5150003},"point_estimate":4014188060.1,"standard_error":2939112.1556687155},"median":{"confidence_interval":{"confidence_level":0.95,"lower_bound":4009332369.0,"upper_bound":4017721035.0},"point_estimate":4010450753.5,"standard_error":1910918.1112289815},"median_abs_dev":{"confidence_interval":{"confidence_level":0.95,"lower_bound":556943.8692122698,"upper_bound":10782488.797959227},"point_estimate":1759191.600868106,"standard_error":2712519.899860928},"slope":null,"std_dev":{"confidence_interval":{"confidence_level":0.95,"lower_bound":1530278.2087832699,"upper_bound":13932901.219386159},"point_estimate":9796929.933629064,"standard_error":3456084.7730827397}}