{"mean":{"confidence_interval":{"confidence_level":0.95,"lower_bound":2268004845.96,"upper_bound":2273769948.4},"point_estimate":2270888863.2,"standard_error":1475792.6388738847},"median":{"confidence_interval":{"confidence_level":0.95,"lower_bound":2267085577.5,"upper_bound":2274554635.0},"point_estimate":2270753705.0,"standard_error":2174658.2662637862},"median_abs_dev":{"confidence_interval":{"confidence_level":0.95,"lower_bound":1160121.1360037327,"upper_bound":8211139.031723142},"point_estimate":5292967.155531049,"standard_error":1813690.787535553},"slope":null,"std_dev":{"confidence_interval":{"confidence_level":0.95,"lower_bound":2858707.506185615,"upper_bound":6202753.274925078},"point_estimate":4928878.522973215,"standard_error":858801.7607635978}}