{"mean":{"confidence_interval":{"confidence_level":0.95,"lower_bound":-0.09165217807571072,"upper_bound":-0.0847074278304784},"point_estimate":-0.0884499885094503,"standard_error":0.0017552246859756713},"median":{"confidence_interval":{"confidence_level":0.95,"lower_bound":-0.09323620763302132,"upper_bound":-0.08598770167839587},"point_estimate":-0.09055106419001391,"standard_error":0.0019500433129655116}}