{"mean":{"confidence_interval":{"confidence_level":0.95,"lower_bound":2647272822.4449997,"upper_bound":2650588890.3174996},"point_estimate":2648971257.7,"standard_error":848957.8613640524},"median":{"confidence_interval":{"confidence_level":0.95,"lower_bound":2646269863.5,"upper_bound":2651147581.0},"point_estimate":2650165576.5,"standard_error":1485638.109877569},"median_abs_dev":{"confidence_interval":{"confidence_level":0.95,"lower_bound":471523.8717287779,"upper_bound":4303056.650805473},"point_estimate":2805522.44759202,"standard_error":1152527.07415547},"slope":null,"std_dev":{"confidence_interval":{"confidence_level":0.95,"lower_bound":1698351.595441695,"upper_bound":3392831.484399276},"point_estimate":2828990.590378603,"standard_error":428856.9406457375}}