{"mean":{"confidence_interval":{"confidence_level":0.95,"lower_bound":2246125529.1775,"upper_bound":2252642940.6775},"point_estimate":2248915477.4,"standard_error":1690925.9355320793},"median":{"confidence_interval":{"confidence_level":0.95,"lower_bound":2245617594.0,"upper_bound":2250257830.0},"point_estimate":2247906025.0,"standard_error":1276039.6531313334},"median_abs_dev":{"confidence_interval":{"confidence_level":0.95,"lower_bound":964520.9801763296,"upper_bound":6497739.7549420595},"point_estimate":2978762.7719163895,"standard_error":1401579.3224933727},"slope":null,"std_dev":{"confidence_interval":{"confidence_level":0.95,"lower_bound":1719164.401414319,"upper_bound":8182627.457999214},"point_estimate":5602429.949742387,"standard_error":1961745.9449328303}}