{"mean":{"confidence_interval":{"confidence_level":0.95,"lower_bound":3420194983.9,"upper_bound":3449960866.5},"point_estimate":3433327556.0,"standard_error":7697169.842465288},"median":{"confidence_interval":{"confidence_level":0.95,"lower_bound":3418156451.0,"upper_bound":3445516482.5},"point_estimate":3425490751.5,"standard_error":5703393.838114322},"median_abs_dev":{"confidence_interval":{"confidence_level":0.95,"lower_bound":923583.4297031164,"upper_bound":36114049.34064746},"point_estimate":11245425.172653794,"standard_error":8480028.185059212},"slope":null,"std_dev":{"confidence_interval":{"confidence_level":0.95,"lower_bound":6802811.360039825,"upper_bound":35957595.106911294},"point_estimate":25617900.070582684,"standard_error":7982402.533167515}}