{"mean":{"confidence_interval":{"confidence_level":0.95,"lower_bound":2024865739.9825,"upper_bound":2028429500.1825001},"point_estimate":2026631017.3,"standard_error":914340.9365882616},"median":{"confidence_interval":{"confidence_level":0.95,"lower_bound":2024000106.0,"upper_bound":2029122572.0},"point_estimate":2026498042.0,"standard_error":1425637.9972322185},"median_abs_dev":{"confidence_interval":{"confidence_level":0.95,"lower_bound":1042338.9462947845,"upper_bound":5189300.058871508},"point_estimate":3767233.159518242,"standard_error":1043720.7009717383},"slope":null,"std_dev":{"confidence_interval":{"confidence_level":0.95,"lower_bound":1872525.8234882187,"upper_bound":3698449.654064888},"point_estimate":3048336.527937165,"standard_error":466357.9208586232}}