{"mean":{"confidence_interval":{"confidence_level":0.95,"lower_bound":955440465.2,"upper_bound":958402738.6333334},"point_estimate":956782315.8666666,"standard_error":761440.341716229},"median":{"confidence_interval":{"confidence_level":0.95,"lower_bound":954736465.6666666,"upper_bound":957927326.0},"point_estimate":956555904.0,"standard_error":647531.4081917163},"median_abs_dev":{"confidence_interval":{"confidence_level":0.95,"lower_bound":146281.96190294658,"upper_bound":3660397.4996149247},"point_estimate":1636428.6165475845,"standard_error":1001303.2613360616},"slope":null,"std_dev":{"confidence_interval":{"confidence_level":0.95,"lower_bound":993401.0578722329,"upper_bound":3530645.2964607268},"point_estimate":2536126.738065385,"standard_error":726781.265910753}}