{"mean":{"confidence_interval":{"confidence_level":0.95,"lower_bound":3000035010.4,"upper_bound":3009407462.3475},"point_estimate":3004587382.8,"standard_error":2394127.0878978404},"median":{"confidence_interval":{"confidence_level":0.95,"lower_bound":2997309868.0,"upper_bound":3011981727.5},"point_estimate":3003558131.0,"standard_error":3327154.2832382675},"median_abs_dev":{"confidence_interval":{"confidence_level":0.95,"lower_bound":2213263.788306713,"upper_bound":14112072.251960635},"point_estimate":8307248.575016856,"standard_error":3098288.65771512},"slope":null,"std_dev":{"confidence_interval":{"confidence_level":0.95,"lower_bound":4426669.519946832,"upper_bound":9849802.860835362},"point_estimate":7974643.672440499,"standard_error":1377018.1999922243}}