{"mean":{"confidence_interval":{"confidence_level":0.95,"lower_bound":-0.0991167136063846,"upper_bound":-0.09688558263781784},"point_estimate":-0.09814836911298952,"standard_error":0.0005676953658780533},"median":{"confidence_interval":{"confidence_level":0.95,"lower_bound":-0.09945635291332688,"upper_bound":-0.09732774945777956},"point_estimate":-0.09874736679936524,"standard_error":0.0005854918134756609}}