{"mean":{"confidence_interval":{"confidence_level":0.95,"lower_bound":-0.10330869983121395,"upper_bound":-0.09987477212010275},"point_estimate":-0.10153341379244263,"standard_error":0.0008790403175715197},"median":{"confidence_interval":{"confidence_level":0.95,"lower_bound":-0.10369565913359735,"upper_bound":-0.09914237738153486},"point_estimate":-0.10121851242814983,"standard_error":0.0011746333563390121}}