{"mean":{"confidence_interval":{"confidence_level":0.95,"lower_bound":-0.10608603936278119,"upper_bound":-0.0980249916032816},"point_estimate":-0.10134074110267588,"standard_error":0.002115877046655562},"median":{"confidence_interval":{"confidence_level":0.95,"lower_bound":-0.10185997885335596,"upper_bound":-0.09753185091035699},"point_estimate":-0.09982192030738635,"standard_error":0.0011776102910512638}}