{"mean":{"confidence_interval":{"confidence_level":0.95,"lower_bound":3479614675.1,"upper_bound":3507807949.8475},"point_estimate":3492384922.3,"standard_error":7226560.0554393},"median":{"confidence_interval":{"confidence_level":0.95,"lower_bound":3477831814.0,"upper_bound":3498768716.0},"point_estimate":3492645962.5,"standard_error":5610583.22076573},"median_abs_dev":{"confidence_interval":{"confidence_level":0.95,"lower_bound":2944874.243018031,"upper_bound":32021788.754099607},"point_estimate":10249831.120929122,"standard_error":7720001.355081347},"slope":null,"std_dev":{"confidence_interval":{"confidence_level":0.95,"lower_bound":7922169.009212979,"upper_bound":34580188.51293132},"point_estimate":24123735.971505433,"standard_error":7552744.7009067675}}