{"mean":{"confidence_interval":{"confidence_level":0.95,"lower_bound":1431275803.25,"upper_bound":1433711326.74125},"point_estimate":1432432611.45,"standard_error":625216.8336471353},"median":{"confidence_interval":{"confidence_level":0.95,"lower_bound":1431146417.5,"upper_bound":1434100450.75},"point_estimate":1431879875.5,"standard_error":638370.1562897256},"median_abs_dev":{"confidence_interval":{"confidence_level":0.95,"lower_bound":230333.7667107582,"upper_bound":3621417.969506979},"point_estimate":1411144.955997169,"standard_error":860770.3441505969},"slope":null,"std_dev":{"confidence_interval":{"confidence_level":0.95,"lower_bound":852167.4019301564,"upper_bound":2680812.450737747},"point_estimate":2080935.1866629508,"standard_error":451654.7751405438}}