{"mean":{"confidence_interval":{"confidence_level":0.95,"lower_bound":1938579117.05,"upper_bound":1940609347.5925},"point_estimate":1939654917.45,"standard_error":520641.8752777766},"median":{"confidence_interval":{"confidence_level":0.95,"lower_bound":1938280754.5,"upper_bound":1940912538.25},"point_estimate":1940038988.75,"standard_error":513012.53484286205},"median_abs_dev":{"confidence_interval":{"confidence_level":0.95,"lower_bound":226251.0570332408,"upper_bound":3021987.232849002},"point_estimate":916621.1402267218,"standard_error":728346.4532442482},"slope":null,"std_dev":{"confidence_interval":{"confidence_level":0.95,"lower_bound":716830.3993535555,"upper_bound":2224645.18771654},"point_estimate":1732984.2232341818,"standard_error":386819.7651496189}}