{"mean":{"confidence_interval":{"confidence_level":0.95,"lower_bound":-0.09955089664459423,"upper_bound":-0.08827896719462403},"point_estimate":-0.094008549955921,"standard_error":0.0028073400298207194},"median":{"confidence_interval":{"confidence_level":0.95,"lower_bound":-0.1017975399641845,"upper_bound":-0.08262324829236312},"point_estimate":-0.10067740158699146,"standard_error":0.006889111733921736}}