{"mean":{"confidence_interval":{"confidence_level":0.95,"lower_bound":-0.12329294415634665,"upper_bound":-0.10295363906137038},"point_estimate":-0.11305344786887117,"standard_error":0.005212274519316661},"median":{"confidence_interval":{"confidence_level":0.95,"lower_bound":-0.13135023574011728,"upper_bound":-0.10084220882039885},"point_estimate":-0.10379900428123812,"standard_error":0.009795192143101181}}