{"mean":{"confidence_interval":{"confidence_level":0.95,"lower_bound":-0.07522562661033862,"upper_bound":-0.07071798779878312},"point_estimate":-0.07272140926669113,"standard_error":0.0011504806660858537},"median":{"confidence_interval":{"confidence_level":0.95,"lower_bound":-0.07431517552866718,"upper_bound":-0.06952678243602795},"point_estimate":-0.0711415164083602,"standard_error":0.001265254625791232}}