{"mean":{"confidence_interval":{"confidence_level":0.95,"lower_bound":-0.06666506373370841,"upper_bound":-0.05571406711179744},"point_estimate":-0.06092925141867045,"standard_error":0.0028164295838665416},"median":{"confidence_interval":{"confidence_level":0.95,"lower_bound":-0.06554595728328672,"upper_bound":-0.05577998260339112},"point_estimate":-0.05918370937529038,"standard_error":0.00248529040029542}}