{"mean":{"confidence_interval":{"confidence_level":0.95,"lower_bound":-0.07541945119131653,"upper_bound":-0.03888432227315578},"point_estimate":-0.05354252104944768,"standard_error":0.010138700006087065},"median":{"confidence_interval":{"confidence_level":0.95,"lower_bound":-0.05649927728252091,"upper_bound":-0.038022711427287526},"point_estimate":-0.040707845431633305,"standard_error":0.004409853240643807}}