{"mean":{"confidence_interval":{"confidence_level":0.95,"lower_bound":3697607411.1,"upper_bound":3710636117.8},"point_estimate":3703279439.7,"standard_error":3375970.176450882},"median":{"confidence_interval":{"confidence_level":0.95,"lower_bound":3695037703.0,"upper_bound":3706674704.0},"point_estimate":3701561421.5,"standard_error":3445883.499134985},"median_abs_dev":{"confidence_interval":{"confidence_level":0.95,"lower_bound":1467667.2267436981,"upper_bound":14818276.13222301},"point_estimate":8493125.098916888,"standard_error":3158780.382223489},"slope":null,"std_dev":{"confidence_interval":{"confidence_level":0.95,"lower_bound":4280104.968992311,"upper_bound":16251367.614468517},"point_estimate":11283790.511260163,"standard_error":3677177.820881714}}