{"mean":{"confidence_interval":{"confidence_level":0.95,"lower_bound":-0.08812127378004513,"upper_bound":-0.08254124967953395},"point_estimate":-0.08534411234340389,"standard_error":0.0014421349535559136},"median":{"confidence_interval":{"confidence_level":0.95,"lower_bound":-0.08865035365138685,"upper_bound":-0.08257605132793389},"point_estimate":-0.08619306830693796,"standard_error":0.001461141253900934}}