{"mean":{"confidence_interval":{"confidence_level":0.95,"lower_bound":-0.07986130262468245,"upper_bound":-0.06262382200244784},"point_estimate":-0.07197285826320032,"standard_error":0.004390318706208954},"median":{"confidence_interval":{"confidence_level":0.95,"lower_bound":-0.08315199146618579,"upper_bound":-0.06134808673844294},"point_estimate":-0.07661188578446732,"standard_error":0.005652990009857271}}