{"mean":{"confidence_interval":{"confidence_level":0.95,"lower_bound":-0.15302048280920866,"upper_bound":-0.13549197915956956},"point_estimate":-0.14457686416054527,"standard_error":0.004398733370136791},"median":{"confidence_interval":{"confidence_level":0.95,"lower_bound":-0.15368349897543554,"upper_bound":-0.13135594423536112},"point_estimate":-0.15290592113908563,"standard_error":0.005899452309276578}}