{"mean":{"confidence_interval":{"confidence_level":0.95,"lower_bound":2978141832.9,"upper_bound":2985820367.8575},"point_estimate":2981863774.0,"standard_error":1973044.632426873},"median":{"confidence_interval":{"confidence_level":0.95,"lower_bound":2976877392.0,"upper_bound":2987280468.0},"point_estimate":2980544141.0,"standard_error":2961488.9877028186},"median_abs_dev":{"confidence_interval":{"confidence_level":0.95,"lower_bound":971820.5611467361,"upper_bound":10751695.659819245},"point_estimate":5650202.584388852,"standard_error":2668759.894979067},"slope":null,"std_dev":{"confidence_interval":{"confidence_level":0.95,"lower_bound":3535955.8189058485,"upper_bound":8040172.4528751755},"point_estimate":6564900.570305133,"standard_error":1108438.4613615463}}