{"mean":{"confidence_interval":{"confidence_level":0.95,"lower_bound":3401861702.7250004,"upper_bound":3439825114.6},"point_estimate":3422094750.3,"standard_error":9719144.232758295},"median":{"confidence_interval":{"confidence_level":0.95,"lower_bound":3403996572.0,"upper_bound":3439590498.0},"point_estimate":3427073783.0,"standard_error":7922573.564483638},"median_abs_dev":{"confidence_interval":{"confidence_level":0.95,"lower_bound":3196465.528151393,"upper_bound":55014618.53979528},"point_estimate":17828941.490373015,"standard_error":12714843.360361421},"slope":null,"std_dev":{"confidence_interval":{"confidence_level":0.95,"lower_bound":10908672.058462186,"upper_bound":43647348.858364254},"point_estimate":32463652.72482397,"standard_error":8265942.554175934}}