{"mean":{"confidence_interval":{"confidence_level":0.95,"lower_bound":1759321612.4662502,"upper_bound":1772790883.405},"point_estimate":1767953993.25,"standard_error":3975167.511619402},"median":{"confidence_interval":{"confidence_level":0.95,"lower_bound":1770979353.5,"upper_bound":1772402954.0},"point_estimate":1771852537.75,"standard_error":1087898.4228929859},"median_abs_dev":{"confidence_interval":{"confidence_level":0.95,"lower_bound":88288.45778256655,"upper_bound":3365326.252153516},"point_estimate":918172.6810991764,"standard_error":1318177.3004552932},"slope":null,"std_dev":{"confidence_interval":{"confidence_level":0.95,"lower_bound":546409.5724533653,"upper_bound":20348298.508663584},"point_estimate":13244424.133210037,"standard_error":7039552.74568204}}