{"mean":{"confidence_interval":{"confidence_level":0.95,"lower_bound":-0.09719813520089808,"upper_bound":-0.08968821745072628},"point_estimate":-0.09282843371512883,"standard_error":0.001978215242559839},"median":{"confidence_interval":{"confidence_level":0.95,"lower_bound":-0.09461183718953758,"upper_bound":-0.08891080056916001},"point_estimate":-0.0903800161839009,"standard_error":0.001288122776304156}}