{"mean":{"confidence_interval":{"confidence_level":0.95,"lower_bound":-0.07380813423721734,"upper_bound":-0.06105983782614166},"point_estimate":-0.06712950967876896,"standard_error":0.0033085157113629388},"median":{"confidence_interval":{"confidence_level":0.95,"lower_bound":-0.07082473155841573,"upper_bound":-0.056828547153843556},"point_estimate":-0.06316067174902806,"standard_error":0.003794113545558805}}