{"mean":{"confidence_interval":{"confidence_level":0.95,"lower_bound":1778198508.33375,"upper_bound":1781847295.8},"point_estimate":1780066657.2,"standard_error":933005.1514711656},"median":{"confidence_interval":{"confidence_level":0.95,"lower_bound":1778210510.0,"upper_bound":1782228227.5},"point_estimate":1780239224.0,"standard_error":1126810.4200060207},"median_abs_dev":{"confidence_interval":{"confidence_level":0.95,"lower_bound":683613.8751134276,"upper_bound":5343640.198731422},"point_estimate":2685426.6606241465,"standard_error":1144731.3429162211},"slope":null,"std_dev":{"confidence_interval":{"confidence_level":0.95,"lower_bound":1492340.9615362165,"upper_bound":4187999.797773878},"point_estimate":3114378.5169058046,"standard_error":704361.3814710206}}