{"mean":{"confidence_interval":{"confidence_level":0.95,"lower_bound":1926582112.9,"upper_bound":1939142440.73125},"point_estimate":1931527206.55,"standard_error":3433796.6939424174},"median":{"confidence_interval":{"confidence_level":0.95,"lower_bound":1925632505.25,"upper_bound":1932573033.0},"point_estimate":1927416624.25,"standard_error":1849705.3576008365},"median_abs_dev":{"confidence_interval":{"confidence_level":0.95,"lower_bound":566559.6419915557,"upper_bound":8245313.331766427},"point_estimate":2721135.0809901953,"standard_error":2174905.158613638},"slope":null,"std_dev":{"confidence_interval":{"confidence_level":0.95,"lower_bound":1429282.6539640056,"upper_bound":17387082.097072724},"point_estimate":11477901.73121495,"standard_error":5046884.633348008}}