{"mean":{"confidence_interval":{"confidence_level":0.95,"lower_bound":1473507815.2725,"upper_bound":1477008701.5662498},"point_estimate":1475105842.35,"standard_error":901923.9404134073},"median":{"confidence_interval":{"confidence_level":0.95,"lower_bound":1473255693.5,"upper_bound":1476557098.0},"point_estimate":1474743326.0,"standard_error":680003.5400567136},"median_abs_dev":{"confidence_interval":{"confidence_level":0.95,"lower_bound":213531.83185905218,"upper_bound":4704663.3316755295},"point_estimate":1353098.5724776983,"standard_error":1353911.9902803153},"slope":null,"std_dev":{"confidence_interval":{"confidence_level":0.95,"lower_bound":1153187.0561874455,"upper_bound":4130345.1230145935},"point_estimate":3009022.296565614,"standard_error":829781.7997661632}}