{"mean":{"confidence_interval":{"confidence_level":0.95,"lower_bound":3122239852.5,"upper_bound":3131389451.5},"point_estimate":3127054954.0,"standard_error":2345461.8572354694},"median":{"confidence_interval":{"confidence_level":0.95,"lower_bound":3122712900.0,"upper_bound":3132315758.0},"point_estimate":3127330567.0,"standard_error":2178504.602271264},"median_abs_dev":{"confidence_interval":{"confidence_level":0.95,"lower_bound":811250.5361974239,"upper_bound":13022883.887797594},"point_estimate":5342981.924343109,"standard_error":3341315.076963772},"slope":null,"std_dev":{"confidence_interval":{"confidence_level":0.95,"lower_bound":3633097.4118485074,"upper_bound":10524156.36029903},"point_estimate":7789129.62436035,"standard_error":1847057.5594756617}}