{"mean":{"confidence_interval":{"confidence_level":0.95,"lower_bound":1369735936.10125,"upper_bound":1372052945.5},"point_estimate":1370764328.5,"standard_error":598471.6053609028},"median":{"confidence_interval":{"confidence_level":0.95,"lower_bound":1369485448.75,"upper_bound":1371504650.5},"point_estimate":1370468649.25,"standard_error":486334.99147240614},"median_abs_dev":{"confidence_interval":{"confidence_level":0.95,"lower_bound":230921.9882503152,"upper_bound":2672581.7851021886},"point_estimate":1413638.318502903,"standard_error":618815.5526061512},"slope":null,"std_dev":{"confidence_interval":{"confidence_level":0.95,"lower_bound":727853.2000559974,"upper_bound":2842185.6916646524},"point_estimate":1988384.7867564377,"standard_error":627158.2428221398}}