{"mean":{"confidence_interval":{"confidence_level":0.95,"lower_bound":0.01698679880744913,"upper_bound":0.022130942842318358},"point_estimate":0.019724802620238124,"standard_error":0.0013164503465647418},"median":{"confidence_interval":{"confidence_level":0.95,"lower_bound":0.017859456005300922,"upper_bound":0.022361235310345284},"point_estimate":0.020007943771422232,"standard_error":0.0012701257388095008}}