{"mean":{"confidence_interval":{"confidence_level":0.95,"lower_bound":1903603359.61125,"upper_bound":1906784197.39875},"point_estimate":1905121227.0,"standard_error":816399.1134567576},"median":{"confidence_interval":{"confidence_level":0.95,"lower_bound":1902546900.5,"upper_bound":1907179834.5},"point_estimate":1904521449.75,"standard_error":1142770.8095222388},"median_abs_dev":{"confidence_interval":{"confidence_level":0.95,"lower_bound":410405.9117138386,"upper_bound":4635955.201095343},"point_estimate":3132669.6219339967,"standard_error":1066173.4137688305},"slope":null,"std_dev":{"confidence_interval":{"confidence_level":0.95,"lower_bound":1382043.8265268067,"upper_bound":3351427.6843811455},"point_estimate":2722568.830896016,"standard_error":489631.4791947392}}