{"mean":{"confidence_interval":{"confidence_level":0.95,"lower_bound":2518027266.1,"upper_bound":2527128877.4},"point_estimate":2521984233.1,"standard_error":2350920.538229758},"median":{"confidence_interval":{"confidence_level":0.95,"lower_bound":2516935900.5,"upper_bound":2524096312.5},"point_estimate":2520792544.0,"standard_error":2007289.7629234693},"median_abs_dev":{"confidence_interval":{"confidence_level":0.95,"lower_bound":1093127.6322931051,"upper_bound":9814984.548649192},"point_estimate":4352472.4492281675,"standard_error":2182472.0062162597},"slope":null,"std_dev":{"confidence_interval":{"confidence_level":0.95,"lower_bound":2709593.429954053,"upper_bound":11247746.394725978},"point_estimate":7799360.381003966,"standard_error":2582982.4041171647}}