{"mean":{"confidence_interval":{"confidence_level":0.95,"lower_bound":3557991861.6,"upper_bound":3595817202.28},"point_estimate":3576898775.6,"standard_error":9729397.245496921},"median":{"confidence_interval":{"confidence_level":0.95,"lower_bound":3542126974.0,"upper_bound":3607500541.0},"point_estimate":3582844672.5,"standard_error":19266417.826229684},"median_abs_dev":{"confidence_interval":{"confidence_level":0.95,"lower_bound":4647140.676596761,"upper_bound":52993762.86957264},"point_estimate":49065170.94191909,"standard_error":13531993.391633509},"slope":null,"std_dev":{"confidence_interval":{"confidence_level":0.95,"lower_bound":21760841.776831888,"upper_bound":37202130.2563073},"point_estimate":32491523.998796355,"standard_error":4017470.5434884466}}