{"mean":{"confidence_interval":{"confidence_level":0.95,"lower_bound":19264066666.475,"upper_bound":19559503083.04},"point_estimate":19409694755.3,"standard_error":75683358.78071617},"median":{"confidence_interval":{"confidence_level":0.95,"lower_bound":19146922849.0,"upper_bound":19640953025.0},"point_estimate":19389199343.5,"standard_error":125531251.23834178},"median_abs_dev":{"confidence_interval":{"confidence_level":0.95,"lower_bound":50789674.15120304,"upper_bound":413890813.3603692},"point_estimate":366224562.9670143,"standard_error":95711093.17742184},"slope":null,"std_dev":{"confidence_interval":{"confidence_level":0.95,"lower_bound":157553005.69511238,"upper_bound":299705611.0792072},"point_estimate":252613467.3276206,"standard_error":36536764.69966753}}