{"mean":{"confidence_interval":{"confidence_level":0.95,"lower_bound":1121212006.95,"upper_bound":1123982900.97875},"point_estimate":1122459178.9,"standard_error":715288.4048267552},"median":{"confidence_interval":{"confidence_level":0.95,"lower_bound":1121030826.75,"upper_bound":1123734970.5},"point_estimate":1121770283.5,"standard_error":694631.0364524856},"median_abs_dev":{"confidence_interval":{"confidence_level":0.95,"lower_bound":222170.5712556839,"upper_bound":3646547.297760844},"point_estimate":1195543.4145748615,"standard_error":839244.5092594026},"slope":null,"std_dev":{"confidence_interval":{"confidence_level":0.95,"lower_bound":774026.7521069138,"upper_bound":3219223.5585673032},"point_estimate":2376760.0691433544,"standard_error":654919.2053573302}}