{"mean":{"confidence_interval":{"confidence_level":0.95,"lower_bound":2687988340.9825,"upper_bound":2693060041.8},"point_estimate":2690471970.6,"standard_error":1297287.5771251738},"median":{"confidence_interval":{"confidence_level":0.95,"lower_bound":2686710087.0,"upper_bound":2692906821.5},"point_estimate":2690649921.0,"standard_error":1508444.9877925874},"median_abs_dev":{"confidence_interval":{"confidence_level":0.95,"lower_bound":1022506.9477468729,"upper_bound":7254793.107801676},"point_estimate":4279893.991416693,"standard_error":1645325.927789003},"slope":null,"std_dev":{"confidence_interval":{"confidence_level":0.95,"lower_bound":2196316.139396774,"upper_bound":5714600.399174568},"point_estimate":4320047.462964247,"standard_error":912054.2451939436}}