{"mean":{"confidence_interval":{"confidence_level":0.95,"lower_bound":1609204766.55,"upper_bound":1621994644.96375},"point_estimate":1617046373.8,"standard_error":3546501.0020697545},"median":{"confidence_interval":{"confidence_level":0.95,"lower_bound":1615508216.0,"upper_bound":1623066923.0},"point_estimate":1621551149.75,"standard_error":1928021.5673929187},"median_abs_dev":{"confidence_interval":{"confidence_level":0.95,"lower_bound":439622.7680951357,"upper_bound":8188922.271117568},"point_estimate":2384386.589218676,"standard_error":2018132.9382171598},"slope":null,"std_dev":{"confidence_interval":{"confidence_level":0.95,"lower_bound":1264928.057988231,"upper_bound":18061240.448192686},"point_estimate":11859683.625096079,"standard_error":5408043.46002623}}