{"mean":{"confidence_interval":{"confidence_level":0.95,"lower_bound":-0.07355249660905472,"upper_bound":-0.059686738115783136},"point_estimate":-0.06640658239888408,"standard_error":0.0035254415197403127},"median":{"confidence_interval":{"confidence_level":0.95,"lower_bound":-0.07587608086005737,"upper_bound":-0.05516731720056589},"point_estimate":-0.06217932549048033,"standard_error":0.006155134817341356}}