{"mean":{"confidence_interval":{"confidence_level":0.95,"lower_bound":-0.09925588747152582,"upper_bound":-0.09119574178577415},"point_estimate":-0.09513448684886183,"standard_error":0.0020468753421182735},"median":{"confidence_interval":{"confidence_level":0.95,"lower_bound":-0.09774658612219045,"upper_bound":-0.09281190397790762},"point_estimate":-0.09502576762176274,"standard_error":0.001418446848746441}}