{"mean":{"confidence_interval":{"confidence_level":0.95,"lower_bound":-0.062292100755413776,"upper_bound":-0.05544032510349761},"point_estimate":-0.058820336189460254,"standard_error":0.0018209232954514022},"median":{"confidence_interval":{"confidence_level":0.95,"lower_bound":-0.05828274728590477,"upper_bound":-0.05602978877201612},"point_estimate":-0.05732526171437147,"standard_error":0.0009544138858761449}}