{"mean":{"confidence_interval":{"confidence_level":0.95,"lower_bound":2465380909.6,"upper_bound":2476068104.6},"point_estimate":2470533328.1,"standard_error":2739895.2431228193},"median":{"confidence_interval":{"confidence_level":0.95,"lower_bound":2463050464.5,"upper_bound":2478238348.0},"point_estimate":2467876451.0,"standard_error":4437514.343943983},"median_abs_dev":{"confidence_interval":{"confidence_level":0.95,"lower_bound":1611996.851581335,"upper_bound":15267217.041152716},"point_estimate":9141755.91570139,"standard_error":3568779.944401153},"slope":null,"std_dev":{"confidence_interval":{"confidence_level":0.95,"lower_bound":5090609.830678669,"upper_bound":11007213.741463926},"point_estimate":9159302.839030156,"standard_error":1487660.0263385586}}