{"mean":{"confidence_interval":{"confidence_level":0.95,"lower_bound":-0.09086211974889477,"upper_bound":-0.0847010791860922},"point_estimate":-0.08770945297763322,"standard_error":0.0015392721587688851},"median":{"confidence_interval":{"confidence_level":0.95,"lower_bound":-0.08921702127590936,"upper_bound":-0.08436993693038042},"point_estimate":-0.08827196658536152,"standard_error":0.0011817529222177964}}