{"mean":{"confidence_interval":{"confidence_level":0.95,"lower_bound":1845626490.305,"upper_bound":1848899970.95},"point_estimate":1847218057.45,"standard_error":837470.1320745754},"median":{"confidence_interval":{"confidence_level":0.95,"lower_bound":1845392057.5,"upper_bound":1849035089.0},"point_estimate":1846867266.5,"standard_error":877356.0604903793},"median_abs_dev":{"confidence_interval":{"confidence_level":0.95,"lower_bound":320315.7243132591,"upper_bound":4798234.293164313},"point_estimate":2462495.5155819654,"standard_error":1269682.7389492036},"slope":null,"std_dev":{"confidence_interval":{"confidence_level":0.95,"lower_bound":1400009.8158801135,"upper_bound":3588159.492251865},"point_estimate":2791413.6131827687,"standard_error":553213.5843134376}}