{"mean":{"confidence_interval":{"confidence_level":0.95,"lower_bound":1287501806.7,"upper_bound":1293510596.8},"point_estimate":1290561678.85,"standard_error":1537655.2698099588},"median":{"confidence_interval":{"confidence_level":0.95,"lower_bound":1285436671.5,"upper_bound":1295295571.25},"point_estimate":1291380894.0,"standard_error":3543701.226308517},"median_abs_dev":{"confidence_interval":{"confidence_level":0.95,"lower_bound":331128.6965712905,"upper_bound":7198930.22339344},"point_estimate":6554357.2827368975,"standard_error":2280645.512117627},"slope":null,"std_dev":{"confidence_interval":{"confidence_level":0.95,"lower_bound":3519373.9339112677,"upper_bound":5637379.535567515},"point_estimate":5132556.771937544,"standard_error":533456.1176168583}}