{"mean":{"confidence_interval":{"confidence_level":0.95,"lower_bound":2717217749.97,"upper_bound":2723008663.5},"point_estimate":2719962666.4,"standard_error":1487213.9415324423},"median":{"confidence_interval":{"confidence_level":0.95,"lower_bound":2715785631.5,"upper_bound":2724220950.5},"point_estimate":2718233493.5,"standard_error":2245561.680134401},"median_abs_dev":{"confidence_interval":{"confidence_level":0.95,"lower_bound":618497.7136194706,"upper_bound":8031526.492711902},"point_estimate":4094288.783311844,"standard_error":1961591.1029226182},"slope":null,"std_dev":{"confidence_interval":{"confidence_level":0.95,"lower_bound":2293671.014820664,"upper_bound":5923833.589043314},"point_estimate":4952540.801453694,"standard_error":881939.7794528293}}