{"mean":{"confidence_interval":{"confidence_level":0.95,"lower_bound":1376040832.6375,"upper_bound":1377514903.8},"point_estimate":1376711345.1,"standard_error":377169.01063807006},"median":{"confidence_interval":{"confidence_level":0.95,"lower_bound":1375965845.0,"upper_bound":1377020043.75},"point_estimate":1376748202.0,"standard_error":272811.51623950386},"median_abs_dev":{"confidence_interval":{"confidence_level":0.95,"lower_bound":99643.69098097086,"upper_bound":1714341.469064355},"point_estimate":628740.6261876225,"standard_error":409686.1024220321},"slope":null,"std_dev":{"confidence_interval":{"confidence_level":0.95,"lower_bound":390243.58356801054,"upper_bound":1794493.15235772},"point_estimate":1252348.916837228,"standard_error":385512.33975672734}}