{"mean":{"confidence_interval":{"confidence_level":0.95,"lower_bound":2704774263.9,"upper_bound":2710572976.1},"point_estimate":2707108909.8,"standard_error":1569014.7639874099},"median":{"confidence_interval":{"confidence_level":0.95,"lower_bound":2704273657.0,"upper_bound":2707646532.0},"point_estimate":2705243566.5,"standard_error":887710.1535132381},"median_abs_dev":{"confidence_interval":{"confidence_level":0.95,"lower_bound":195884.07372236252,"upper_bound":4232301.790961623},"point_estimate":1531617.6940083504,"standard_error":1082181.575186727},"slope":null,"std_dev":{"confidence_interval":{"confidence_level":0.95,"lower_bound":896173.3569168412,"upper_bound":7887868.470394598},"point_estimate":5248157.238487637,"standard_error":2196716.641213303}}