{"mean":{"confidence_interval":{"confidence_level":0.95,"lower_bound":2919178788.55,"upper_bound":2930237203.685},"point_estimate":2924340811.3,"standard_error":2844793.602399285},"median":{"confidence_interval":{"confidence_level":0.95,"lower_bound":2916839446.0,"upper_bound":2930441692.5},"point_estimate":2922212107.5,"standard_error":3540642.198829489},"median_abs_dev":{"confidence_interval":{"confidence_level":0.95,"lower_bound":2184950.576609373,"upper_bound":15429773.750066757},"point_estimate":8942318.791142106,"standard_error":3399038.290411858},"slope":null,"std_dev":{"confidence_interval":{"confidence_level":0.95,"lower_bound":4385724.491319911,"upper_bound":12359287.025962263},"point_estimate":9500849.881357282,"standard_error":2113230.0548334382}}