{"mean":{"confidence_interval":{"confidence_level":0.95,"lower_bound":-0.08712412015057076,"upper_bound":-0.08446302385425283},"point_estimate":-0.08580688313329954,"standard_error":0.0006878799914358647},"median":{"confidence_interval":{"confidence_level":0.95,"lower_bound":-0.087465845901332,"upper_bound":-0.08431386251015383},"point_estimate":-0.08525234114325764,"standard_error":0.0008732920651584917}}