{"mean":{"confidence_interval":{"confidence_level":0.95,"lower_bound":-0.09422583687141427,"upper_bound":-0.09159793173828111},"point_estimate":-0.0930034778175366,"standard_error":0.0006658450349016963},"median":{"confidence_interval":{"confidence_level":0.95,"lower_bound":-0.09425813558474744,"upper_bound":-0.0917438937084597},"point_estimate":-0.09301524186383314,"standard_error":0.0007021128076836612}}