{"mean":{"confidence_interval":{"confidence_level":0.95,"lower_bound":2026598449.8,"upper_bound":2041852652.7549999},"point_estimate":2033312545.6,"standard_error":3938641.5578648094},"median":{"confidence_interval":{"confidence_level":0.95,"lower_bound":2026801906.0,"upper_bound":2036953399.0},"point_estimate":2029783858.5,"standard_error":2953443.558724409},"median_abs_dev":{"confidence_interval":{"confidence_level":0.95,"lower_bound":1062219.8706418276,"upper_bound":15626130.773180723},"point_estimate":7813065.386590362,"standard_error":3812895.711975905},"slope":null,"std_dev":{"confidence_interval":{"confidence_level":0.95,"lower_bound":3895786.675273451,"upper_bound":18951457.23037335},"point_estimate":13101333.288565805,"standard_error":4468852.121364832}}