{"mean":{"confidence_interval":{"confidence_level":0.95,"lower_bound":1982618674.47125,"upper_bound":1987159904.7},"point_estimate":1984849187.2,"standard_error":1163542.4896488362},"median":{"confidence_interval":{"confidence_level":0.95,"lower_bound":1981545352.5,"upper_bound":1986789612.5},"point_estimate":1985489347.0,"standard_error":1389004.39269369},"median_abs_dev":{"confidence_interval":{"confidence_level":0.95,"lower_bound":619479.9361020327,"upper_bound":7156000.429205596},"point_estimate":2850418.539994955,"standard_error":1601569.5647265709},"slope":null,"std_dev":{"confidence_interval":{"confidence_level":0.95,"lower_bound":2013963.8661817699,"upper_bound":5132099.602495936},"point_estimate":3874413.517873248,"standard_error":824988.5240098635}}