{"mean":{"confidence_interval":{"confidence_level":0.95,"lower_bound":771178127.4,"upper_bound":773824246.3333333},"point_estimate":772448520.8666667,"standard_error":677534.5798097258},"median":{"confidence_interval":{"confidence_level":0.95,"lower_bound":770709083.0,"upper_bound":774057961.5},"point_estimate":772335823.6666666,"standard_error":784847.2846991019},"median_abs_dev":{"confidence_interval":{"confidence_level":0.95,"lower_bound":409608.5200281129,"upper_bound":3748174.3368566036},"point_estimate":1751601.183202745,"standard_error":883190.7137979073},"slope":null,"std_dev":{"confidence_interval":{"confidence_level":0.95,"lower_bound":1113268.1895169653,"upper_bound":2920314.1001259275},"point_estimate":2251713.2462481274,"standard_error":465924.4174818013}}