{"mean":{"confidence_interval":{"confidence_level":0.95,"lower_bound":-0.09744579827608037,"upper_bound":-0.09392690810689376},"point_estimate":-0.09563740125194664,"standard_error":0.0008951774092861922},"median":{"confidence_interval":{"confidence_level":0.95,"lower_bound":-0.09830516864098604,"upper_bound":-0.09310387713000212},"point_estimate":-0.09583127629033361,"standard_error":0.001318247129713412}}