{"mean":{"confidence_interval":{"confidence_level":0.95,"lower_bound":-0.09087509607062916,"upper_bound":-0.08664672775112281},"point_estimate":-0.08872907494911708,"standard_error":0.001082524004472786},"median":{"confidence_interval":{"confidence_level":0.95,"lower_bound":-0.09138112678649235,"upper_bound":-0.08611767926029334},"point_estimate":-0.08806383863870515,"standard_error":0.0014081814774872723}}