{"mean":{"confidence_interval":{"confidence_level":0.95,"lower_bound":-0.0823050824508365,"upper_bound":-0.07804622399947773},"point_estimate":-0.08039492159458661,"standard_error":0.001090276824759283},"median":{"confidence_interval":{"confidence_level":0.95,"lower_bound":-0.08357598155095491,"upper_bound":-0.078359132274602},"point_estimate":-0.08097457186562829,"standard_error":0.001371963329866071}}