{"mean":{"confidence_interval":{"confidence_level":0.95,"lower_bound":513589.9306878308,"upper_bound":518406.7300459105},"point_estimate":515923.08978064376,"standard_error":1232.7281451031915},"median":{"confidence_interval":{"confidence_level":0.95,"lower_bound":512204.36805555556,"upper_bound":518896.30902777775},"point_estimate":516124.75347222225,"standard_error":1728.0150118462266},"median_abs_dev":{"confidence_interval":{"confidence_level":0.95,"lower_bound":587.4750916535272,"upper_bound":7064.9254012392175},"point_estimate":4782.107339406211,"standard_error":1604.362128113779},"slope":{"confidence_interval":{"confidence_level":0.95,"lower_bound":513397.71699010656,"upper_bound":520705.95564892626},"point_estimate":517947.4673881674,"standard_error":1827.536904652561},"std_dev":{"confidence_interval":{"confidence_level":0.95,"lower_bound":2353.2655191864055,"upper_bound":5174.143772716034},"point_estimate":4117.766807079,"standard_error":732.4448148203151}}