{"mean":{"confidence_interval":{"confidence_level":0.95,"lower_bound":3070161193.6175,"upper_bound":3077840420.4},"point_estimate":3073971672.7,"standard_error":1960623.4063648838},"median":{"confidence_interval":{"confidence_level":0.95,"lower_bound":3068811618.5,"upper_bound":3078898364.0},"point_estimate":3074041236.0,"standard_error":2828348.4637833545},"median_abs_dev":{"confidence_interval":{"confidence_level":0.95,"lower_bound":1418522.744116187,"upper_bound":11125809.748077393},"point_estimate":7124109.333121777,"standard_error":2352029.24661502},"slope":null,"std_dev":{"confidence_interval":{"confidence_level":0.95,"lower_bound":3738808.9101557224,"upper_bound":8313025.036192926},"point_estimate":6530093.188214648,"standard_error":1185826.7520180054}}