{"mean":{"confidence_interval":{"confidence_level":0.95,"lower_bound":3509675679.385,"upper_bound":3525074494.435},"point_estimate":3517052228.6,"standard_error":3945208.5195954605},"median":{"confidence_interval":{"confidence_level":0.95,"lower_bound":3506359172.0,"upper_bound":3531584779.0},"point_estimate":3509303280.5,"standard_error":7410287.985801067},"median_abs_dev":{"confidence_interval":{"confidence_level":0.95,"lower_bound":669058.8205218315,"upper_bound":20128799.495342374},"point_estimate":6405778.526374698,"standard_error":5914667.115765817},"slope":null,"std_dev":{"confidence_interval":{"confidence_level":0.95,"lower_bound":7680737.433117125,"upper_bound":14979731.979807405},"point_estimate":13209639.62884686,"standard_error":1952807.2363438862}}