{"mean":{"confidence_interval":{"confidence_level":0.95,"lower_bound":1671536272.45,"upper_bound":1695653473.7062502},"point_estimate":1683056055.85,"standard_error":6196861.855818406},"median":{"confidence_interval":{"confidence_level":0.95,"lower_bound":1664118512.5,"upper_bound":1710014518.5},"point_estimate":1677377154.0,"standard_error":10624462.307189515},"median_abs_dev":{"confidence_interval":{"confidence_level":0.95,"lower_bound":1428866.8441325426,"upper_bound":29209995.27926892},"point_estimate":20357417.893883586,"standard_error":8054759.198384681},"slope":null,"std_dev":{"confidence_interval":{"confidence_level":0.95,"lower_bound":8847719.360333469,"upper_bound":23872545.099578846},"point_estimate":20640719.666356977,"standard_error":3267330.863609903}}