{"mean":{"confidence_interval":{"confidence_level":0.95,"lower_bound":2955884721.8,"upper_bound":2961471673.0},"point_estimate":2958507937.3,"standard_error":1431754.0747859294},"median":{"confidence_interval":{"confidence_level":0.95,"lower_bound":2954313712.0,"upper_bound":2961100888.5},"point_estimate":2959080934.5,"standard_error":2054520.8200861297},"median_abs_dev":{"confidence_interval":{"confidence_level":0.95,"lower_bound":399461.35870814323,"upper_bound":8447306.088030338},"point_estimate":5670705.459424853,"standard_error":2143107.3185940892},"slope":null,"std_dev":{"confidence_interval":{"confidence_level":0.95,"lower_bound":2590822.01687013,"upper_bound":6350314.300225904},"point_estimate":4772575.307322966,"standard_error":1070963.3825457448}}