{"mean":{"confidence_interval":{"confidence_level":0.95,"lower_bound":872221399.9758334,"upper_bound":874363137.6333334},"point_estimate":873261889.7666668,"standard_error":549412.4097795052},"median":{"confidence_interval":{"confidence_level":0.95,"lower_bound":871787423.0,"upper_bound":874957206.0},"point_estimate":872989503.6666667,"standard_error":831920.2243334433},"median_abs_dev":{"confidence_interval":{"confidence_level":0.95,"lower_bound":250689.1230493784,"upper_bound":3106713.3735447237},"point_estimate":1835793.340808271,"standard_error":693485.4861385035},"slope":null,"std_dev":{"confidence_interval":{"confidence_level":0.95,"lower_bound":1019701.4041872771,"upper_bound":2270056.358726696},"point_estimate":1823212.875221127,"standard_error":317988.10985239927}}