{"mean":{"confidence_interval":{"confidence_level":0.95,"lower_bound":3580405658.9625,"upper_bound":3592340595.9},"point_estimate":3586691834.2,"standard_error":3051920.6780439178},"median":{"confidence_interval":{"confidence_level":0.95,"lower_bound":3580682152.0,"upper_bound":3593658429.5},"point_estimate":3589554643.5,"standard_error":3378390.4536878606},"median_abs_dev":{"confidence_interval":{"confidence_level":0.95,"lower_bound":681689.0896975994,"upper_bound":16711038.871219754},"point_estimate":10375276.128602028,"standard_error":4346614.994047836},"slope":null,"std_dev":{"confidence_interval":{"confidence_level":0.95,"lower_bound":4760793.271078536,"upper_bound":13725216.468304416},"point_estimate":10178725.11428287,"standard_error":2396757.416956296}}