{"mean":{"confidence_interval":{"confidence_level":0.95,"lower_bound":1961156637.6374998,"upper_bound":1964066078.4},"point_estimate":1962461491.0,"standard_error":750204.8335885786},"median":{"confidence_interval":{"confidence_level":0.95,"lower_bound":1960885510.25,"upper_bound":1963768788.5},"point_estimate":1961835394.25,"standard_error":612854.3998238937},"median_abs_dev":{"confidence_interval":{"confidence_level":0.95,"lower_bound":346905.7841911912,"upper_bound":3673952.416974306},"point_estimate":1290894.6079820395,"standard_error":859982.2387905569},"slope":null,"std_dev":{"confidence_interval":{"confidence_level":0.95,"lower_bound":804606.3802230381,"upper_bound":3416140.70351413},"point_estimate":2505996.3934651376,"standard_error":710490.6333697025}}