{"mean":{"confidence_interval":{"confidence_level":0.95,"lower_bound":2639826307.8,"upper_bound":2644086702.9950004},"point_estimate":2641954522.9,"standard_error":1090050.4876913982},"median":{"confidence_interval":{"confidence_level":0.95,"lower_bound":2639846743.5,"upper_bound":2644354017.0},"point_estimate":2641668525.0,"standard_error":1315353.1862272583},"median_abs_dev":{"confidence_interval":{"confidence_level":0.95,"lower_bound":606803.7063270807,"upper_bound":6460999.44499433},"point_estimate":2918287.51899004,"standard_error":1449032.3015951265},"slope":null,"std_dev":{"confidence_interval":{"confidence_level":0.95,"lower_bound":1840871.632197445,"upper_bound":4797447.978697702},"point_estimate":3639443.556494483,"standard_error":758218.7235374787}}