{"mean":{"confidence_interval":{"confidence_level":0.95,"lower_bound":1430793647.31,"upper_bound":1432952010.2},"point_estimate":1431754720.35,"standard_error":551705.3483383382},"median":{"confidence_interval":{"confidence_level":0.95,"lower_bound":1430729654.0,"upper_bound":1433190094.5},"point_estimate":1431089128.75,"standard_error":512799.15786558867},"median_abs_dev":{"confidence_interval":{"confidence_level":0.95,"lower_bound":151258.1851646304,"upper_bound":2617220.39013505},"point_estimate":591929.5220911503,"standard_error":530915.7608175483},"slope":null,"std_dev":{"confidence_interval":{"confidence_level":0.95,"lower_bound":380263.997517673,"upper_bound":2325368.8591018016},"point_estimate":1842844.3062186514,"standard_error":508491.0793771835}}