{"mean":{"confidence_interval":{"confidence_level":0.95,"lower_bound":-0.16842989448921566,"upper_bound":-0.1415599902550015},"point_estimate":-0.15170219613065805,"standard_error":0.00774127009261235},"median":{"confidence_interval":{"confidence_level":0.95,"lower_bound":-0.1483111915793245,"upper_bound":-0.13882360732280297},"point_estimate":-0.14461647258627763,"standard_error":0.002784275036136944}}