{"mean":{"confidence_interval":{"confidence_level":0.95,"lower_bound":2405385674.085,"upper_bound":2411482364.8075},"point_estimate":2408216747.6,"standard_error":1567166.0040539298},"median":{"confidence_interval":{"confidence_level":0.95,"lower_bound":2404295316.0,"upper_bound":2411476972.0},"point_estimate":2407179514.5,"standard_error":1905023.7168366201},"median_abs_dev":{"confidence_interval":{"confidence_level":0.95,"lower_bound":981071.2436825037,"upper_bound":8454472.235003114},"point_estimate":4506731.787389517,"standard_error":1794147.6932306597},"slope":null,"std_dev":{"confidence_interval":{"confidence_level":0.95,"lower_bound":2411818.9185601054,"upper_bound":7125523.955600056},"point_estimate":5220630.758987785,"standard_error":1332311.6031743977}}