{"mean":{"confidence_interval":{"confidence_level":0.95,"lower_bound":1582113492.7075,"upper_bound":1584916162.335},"point_estimate":1583502455.75,"standard_error":719277.0793223353},"median":{"confidence_interval":{"confidence_level":0.95,"lower_bound":1582041806.75,"upper_bound":1586147128.5},"point_estimate":1582858126.5,"standard_error":906083.2679928975},"median_abs_dev":{"confidence_interval":{"confidence_level":0.95,"lower_bound":47550.31700581312,"upper_bound":4876274.278628826},"point_estimate":1685827.3650705814,"standard_error":1301881.5909170338},"slope":null,"std_dev":{"confidence_interval":{"confidence_level":0.95,"lower_bound":1286665.1145170054,"upper_bound":3055713.5589030753},"point_estimate":2403569.976617088,"standard_error":444491.44866350025}}