{"mean":{"confidence_interval":{"confidence_level":0.95,"lower_bound":1557362738.2,"upper_bound":1560752950.58375},"point_estimate":1558965913.0,"standard_error":867073.6099671221},"median":{"confidence_interval":{"confidence_level":0.95,"lower_bound":1556644267.0,"upper_bound":1560402092.0},"point_estimate":1558951820.75,"standard_error":1055870.4900138325},"median_abs_dev":{"confidence_interval":{"confidence_level":0.95,"lower_bound":537479.9261078238,"upper_bound":5139491.371455789},"point_estimate":2315552.4376407266,"standard_error":1100001.8088658517},"slope":null,"std_dev":{"confidence_interval":{"confidence_level":0.95,"lower_bound":1447789.014337041,"upper_bound":3911636.482490203},"point_estimate":2895418.2359991525,"standard_error":689411.1448862163}}