{"mean":{"confidence_interval":{"confidence_level":0.95,"lower_bound":2447859250.1,"upper_bound":2453020592.5375},"point_estimate":2450419482.7,"standard_error":1321872.0676802045},"median":{"confidence_interval":{"confidence_level":0.95,"lower_bound":2446535386.0,"upper_bound":2454772814.0},"point_estimate":2449797271.5,"standard_error":2104081.665630424},"median_abs_dev":{"confidence_interval":{"confidence_level":0.95,"lower_bound":1179916.8108522892,"upper_bound":7326724.41072464},"point_estimate":5478719.141033292,"standard_error":1589746.24872462},"slope":null,"std_dev":{"confidence_interval":{"confidence_level":0.95,"lower_bound":2726441.5684140464,"upper_bound":5337939.06526239},"point_estimate":4415129.287760415,"standard_error":664452.7861256503}}