{"mean":{"confidence_interval":{"confidence_level":0.95,"lower_bound":1401600357.87375,"upper_bound":1411392338.75},"point_estimate":1406666102.9,"standard_error":2503585.991724148},"median":{"confidence_interval":{"confidence_level":0.95,"lower_bound":1399002695.0,"upper_bound":1412864055.5},"point_estimate":1410684442.25,"standard_error":4603448.818193527},"median_abs_dev":{"confidence_interval":{"confidence_level":0.95,"lower_bound":784267.9579764605,"upper_bound":11796373.407572508},"point_estimate":6592603.172957897,"standard_error":3509609.415272857},"slope":null,"std_dev":{"confidence_interval":{"confidence_level":0.95,"lower_bound":4818931.844432202,"upper_bound":10104959.38554279},"point_estimate":8347436.408827715,"standard_error":1331609.964812089}}