{"mean":{"confidence_interval":{"confidence_level":0.95,"lower_bound":-0.09149491273078932,"upper_bound":-0.08759234535153773},"point_estimate":-0.08957865525889952,"standard_error":0.0009933633000757515},"median":{"confidence_interval":{"confidence_level":0.95,"lower_bound":-0.09234016551335732,"upper_bound":-0.08769999772591985},"point_estimate":-0.0904653262387276,"standard_error":0.001099858512894311}}