{"mean":{"confidence_interval":{"confidence_level":0.95,"lower_bound":-0.07675617622539538,"upper_bound":-0.0738612331395041},"point_estimate":-0.0753067189064851,"standard_error":0.0007390486108230912},"median":{"confidence_interval":{"confidence_level":0.95,"lower_bound":-0.07695744411173511,"upper_bound":-0.07341606339781659},"point_estimate":-0.07519512412379703,"standard_error":0.0008732585303402542}}