{"mean":{"confidence_interval":{"confidence_level":0.95,"lower_bound":1623839071.15,"upper_bound":1637306490.7975001},"point_estimate":1629505061.5,"standard_error":3538553.7555940445},"median":{"confidence_interval":{"confidence_level":0.95,"lower_bound":1622953127.25,"upper_bound":1634238958.5},"point_estimate":1624436780.75,"standard_error":2471592.1841688333},"median_abs_dev":{"confidence_interval":{"confidence_level":0.95,"lower_bound":550225.4674315453,"upper_bound":13257861.528275907},"point_estimate":2976643.395254016,"standard_error":2895422.7463081274},"slope":null,"std_dev":{"confidence_interval":{"confidence_level":0.95,"lower_bound":1533490.5559528428,"upper_bound":16740234.51671318},"point_estimate":11802117.322436772,"standard_error":4264082.935884749}}