{"mean":{"confidence_interval":{"confidence_level":0.95,"lower_bound":1441765008.0,"upper_bound":1452203046.48875},"point_estimate":1447835203.65,"standard_error":2845145.4958372978},"median":{"confidence_interval":{"confidence_level":0.95,"lower_bound":1445148844.0,"upper_bound":1452519716.5},"point_estimate":1451614551.25,"standard_error":1607827.80610971},"median_abs_dev":{"confidence_interval":{"confidence_level":0.95,"lower_bound":247401.82825773954,"upper_bound":9586057.398663461},"point_estimate":1209065.467634797,"standard_error":2134038.0607768516},"slope":null,"std_dev":{"confidence_interval":{"confidence_level":0.95,"lower_bound":783895.1124513298,"upper_bound":13757553.974472083},"point_estimate":9509456.649114765,"standard_error":3728450.313112648}}