{"mean":{"confidence_interval":{"confidence_level":0.95,"lower_bound":2601648427.7,"upper_bound":2621168838.1},"point_estimate":2611473442.1,"standard_error":5002815.398663495},"median":{"confidence_interval":{"confidence_level":0.95,"lower_bound":2596769693.0,"upper_bound":2622706196.0},"point_estimate":2615643949.0,"standard_error":7223840.755638159},"median_abs_dev":{"confidence_interval":{"confidence_level":0.95,"lower_bound":3612518.6631649733,"upper_bound":29529962.22193837},"point_estimate":15919401.650074124,"standard_error":6645863.787070277},"slope":null,"std_dev":{"confidence_interval":{"confidence_level":0.95,"lower_bound":9650110.43882251,"upper_bound":20732074.236542348},"point_estimate":16630390.6832473,"standard_error":2826033.672439251}}