{"mean":{"confidence_interval":{"confidence_level":0.95,"lower_bound":1032205441.0,"upper_bound":1033402623.445},"point_estimate":1032830294.2,"standard_error":307629.08115092275},"median":{"confidence_interval":{"confidence_level":0.95,"lower_bound":1032014814.75,"upper_bound":1033761508.5},"point_estimate":1033086752.5,"standard_error":516291.9364586538},"median_abs_dev":{"confidence_interval":{"confidence_level":0.95,"lower_bound":111805.82921504974,"upper_bound":1749604.3681383133},"point_estimate":1038064.6105706692,"standard_error":447489.44926387473},"slope":null,"std_dev":{"confidence_interval":{"confidence_level":0.95,"lower_bound":568826.4414183303,"upper_bound":1250855.6409319413},"point_estimate":1021661.3934024923,"standard_error":174268.32225430736}}