{"mean":{"confidence_interval":{"confidence_level":0.95,"lower_bound":-0.138554550064025,"upper_bound":-0.137634331131053},"point_estimate":-0.13811232307189403,"standard_error":0.00023505554139598993},"median":{"confidence_interval":{"confidence_level":0.95,"lower_bound":-0.13879337471482234,"upper_bound":-0.13770948480717626},"point_estimate":-0.13837208266218803,"standard_error":0.00029515017287643554}}