{"mean":{"confidence_interval":{"confidence_level":0.95,"lower_bound":-0.09570290023698402,"upper_bound":-0.09223955290157815},"point_estimate":-0.09401474500000262,"standard_error":0.0008878718659063228},"median":{"confidence_interval":{"confidence_level":0.95,"lower_bound":-0.09626985700464674,"upper_bound":-0.09182918687944586},"point_estimate":-0.09438774942391248,"standard_error":0.0010911535585839806}}