{"mean":{"confidence_interval":{"confidence_level":0.95,"lower_bound":-0.09416598008448196,"upper_bound":-0.0915507096466174},"point_estimate":-0.09292271714720668,"standard_error":0.000670270404293051},"median":{"confidence_interval":{"confidence_level":0.95,"lower_bound":-0.09475077052856296,"upper_bound":-0.09042030401477608},"point_estimate":-0.0940035266434951,"standard_error":0.001025456398230958}}