{"mean":{"confidence_interval":{"confidence_level":0.95,"lower_bound":-0.09166177904721526,"upper_bound":-0.07733225954837779},"point_estimate":-0.08540618256927157,"standard_error":0.0036716570111352477},"median":{"confidence_interval":{"confidence_level":0.95,"lower_bound":-0.09389655476160219,"upper_bound":-0.07355837022460687},"point_estimate":-0.0911722673559675,"standard_error":0.004769529146291216}}