{"mean":{"confidence_interval":{"confidence_level":0.95,"lower_bound":1897948773.2,"upper_bound":1923332590.25625},"point_estimate":1909576032.9,"standard_error":6556612.124941695},"median":{"confidence_interval":{"confidence_level":0.95,"lower_bound":1891791204.5,"upper_bound":1923197104.5},"point_estimate":1902580408.75,"standard_error":8894121.683684526},"median_abs_dev":{"confidence_interval":{"confidence_level":0.95,"lower_bound":1254871.8764215708,"upper_bound":37807359.3877852},"point_estimate":16830404.47770059,"standard_error":9027812.473680057},"slope":null,"std_dev":{"confidence_interval":{"confidence_level":0.95,"lower_bound":9592948.473869761,"upper_bound":29044292.382578824},"point_estimate":21842626.15170282,"standard_error":5272047.391737855}}