{"mean":{"confidence_interval":{"confidence_level":0.95,"lower_bound":1558633037.8,"upper_bound":1570240404.15},"point_estimate":1564208306.25,"standard_error":2973422.228639017},"median":{"confidence_interval":{"confidence_level":0.95,"lower_bound":1556341040.75,"upper_bound":1573775129.0},"point_estimate":1558223499.0,"standard_error":5689957.686760925},"median_abs_dev":{"confidence_interval":{"confidence_level":0.95,"lower_bound":412008.97293537855,"upper_bound":15216960.608544946},"point_estimate":3798485.6256633997,"standard_error":4731328.382285935},"slope":null,"std_dev":{"confidence_interval":{"confidence_level":0.95,"lower_bound":5546852.077110654,"upper_bound":11478016.921787318},"point_estimate":9903996.927952217,"standard_error":1515900.744950533}}