{"mean":{"confidence_interval":{"confidence_level":0.95,"lower_bound":3101412636.1800003,"upper_bound":3105839679.5475},"point_estimate":3103620989.8,"standard_error":1133456.5776063306},"median":{"confidence_interval":{"confidence_level":0.95,"lower_bound":3100786829.0,"upper_bound":3106533440.0},"point_estimate":3103877642.0,"standard_error":1427038.2937104036},"median_abs_dev":{"confidence_interval":{"confidence_level":0.95,"lower_bound":1059577.1361887455,"upper_bound":6690072.260427475},"point_estimate":3764163.4362727404,"standard_error":1488687.284667552},"slope":null,"std_dev":{"confidence_interval":{"confidence_level":0.95,"lower_bound":2155737.9709376814,"upper_bound":4778652.294963489},"point_estimate":3794790.91922759,"standard_error":674048.0470931327}}