{"mean":{"confidence_interval":{"confidence_level":0.95,"lower_bound":-0.08822911310120345,"upper_bound":-0.08514322871399534},"point_estimate":-0.08659900092526851,"standard_error":0.0007916866419065755},"median":{"confidence_interval":{"confidence_level":0.95,"lower_bound":-0.08827377073886389,"upper_bound":-0.08425193141014409},"point_estimate":-0.08617795994416111,"standard_error":0.001052625813006497}}