{"mean":{"confidence_interval":{"confidence_level":0.95,"lower_bound":-0.0983217526104545,"upper_bound":-0.09234815460070765},"point_estimate":-0.09551747538819133,"standard_error":0.0015369775135678917},"median":{"confidence_interval":{"confidence_level":0.95,"lower_bound":-0.09990668859778773,"upper_bound":-0.08974986684388853},"point_estimate":-0.09789208075853129,"standard_error":0.0023991863002881877}}