{"mean":{"confidence_interval":{"confidence_level":0.95,"lower_bound":41163991690.5,"upper_bound":41841954924.6},"point_estimate":41487390177.5,"standard_error":171989960.4100294},"median":{"confidence_interval":{"confidence_level":0.95,"lower_bound":41016961260.5,"upper_bound":42065632203.0},"point_estimate":41157421779.5,"standard_error":331997029.60117227},"median_abs_dev":{"confidence_interval":{"confidence_level":0.95,"lower_bound":41139975.03671944,"upper_bound":829955354.756847},"point_estimate":315125144.02931035,"standard_error":246932826.56410873},"slope":null,"std_dev":{"confidence_interval":{"confidence_level":0.95,"lower_bound":336776476.0755783,"upper_bound":653257635.9877429},"point_estimate":570022948.0698687,"standard_error":81777840.87717907}}