{"mean":{"confidence_interval":{"confidence_level":0.95,"lower_bound":3677811843.3625,"upper_bound":3687550845.3},"point_estimate":3682780084.2,"standard_error":2493077.7246316103},"median":{"confidence_interval":{"confidence_level":0.95,"lower_bound":3675313650.0,"upper_bound":3690215948.0},"point_estimate":3682976236.5,"standard_error":3645724.2406993494},"median_abs_dev":{"confidence_interval":{"confidence_level":0.95,"lower_bound":2238854.946452379,"upper_bound":14470970.416688919},"point_estimate":8672423.326733708,"standard_error":3280243.7108048345},"slope":null,"std_dev":{"confidence_interval":{"confidence_level":0.95,"lower_bound":4769896.153526246,"upper_bound":10195593.342421724},"point_estimate":8287183.105399564,"standard_error":1384450.3500263924}}