{"mean":{"confidence_interval":{"confidence_level":0.95,"lower_bound":772453348.8333334,"upper_bound":773862406.7666667},"point_estimate":773050208.5666667,"standard_error":367082.35305424966},"median":{"confidence_interval":{"confidence_level":0.95,"lower_bound":772301235.6666667,"upper_bound":773273748.1666666},"point_estimate":772877717.8333333,"standard_error":288859.357983289},"median_abs_dev":{"confidence_interval":{"confidence_level":0.95,"lower_bound":94699.83781877125,"upper_bound":1292285.7809572234},"point_estimate":596231.533014627,"standard_error":301045.068854749},"slope":null,"std_dev":{"confidence_interval":{"confidence_level":0.95,"lower_bound":369978.97718868736,"upper_bound":1791860.7841577712},"point_estimate":1218538.88637124,"standard_error":443534.6595961473}}