{"mean":{"confidence_interval":{"confidence_level":0.95,"lower_bound":1273692782.095,"upper_bound":1276291961.4},"point_estimate":1274809658.3,"standard_error":674038.6704583123},"median":{"confidence_interval":{"confidence_level":0.95,"lower_bound":1273390288.5,"upper_bound":1275513743.25},"point_estimate":1274169033.5,"standard_error":516191.8313947752},"median_abs_dev":{"confidence_interval":{"confidence_level":0.95,"lower_bound":155752.31633484364,"upper_bound":2568942.487192154},"point_estimate":1375717.8589761257,"standard_error":631735.8873484082},"slope":null,"std_dev":{"confidence_interval":{"confidence_level":0.95,"lower_bound":722676.8578382657,"upper_bound":3268953.776654903},"point_estimate":2247832.3341923486,"standard_error":776200.4624891995}}