{"mean":{"confidence_interval":{"confidence_level":0.95,"lower_bound":1215781896.4475,"upper_bound":1219350411.71875},"point_estimate":1217171845.05,"standard_error":976127.8233852244},"median":{"confidence_interval":{"confidence_level":0.95,"lower_bound":1215657821.25,"upper_bound":1216983866.0},"point_estimate":1216493202.25,"standard_error":371838.9472104953},"median_abs_dev":{"confidence_interval":{"confidence_level":0.95,"lower_bound":184562.19902336597,"upper_bound":1935984.6053794026},"point_estimate":677686.4404186606,"standard_error":503381.0423286592},"slope":null,"std_dev":{"confidence_interval":{"confidence_level":0.95,"lower_bound":415319.56717764,"upper_bound":4984059.897778093},"point_estimate":3259717.707359731,"standard_error":1499998.2971540645}}