{"mean":{"confidence_interval":{"confidence_level":0.95,"lower_bound":2.782449510983102,"upper_bound":2.8178650748207383},"point_estimate":2.800251401545031,"standard_error":0.009085128668853457},"median":{"confidence_interval":{"confidence_level":0.95,"lower_bound":2.7817262506565448,"upper_bound":2.832249173289656},"point_estimate":2.80262033320832,"standard_error":0.01265891616933207}}