{"mean":{"confidence_interval":{"confidence_level":0.95,"lower_bound":-0.09670587987301495,"upper_bound":-0.09066495105479784},"point_estimate":-0.09372986060361133,"standard_error":0.0015456658921313387},"median":{"confidence_interval":{"confidence_level":0.95,"lower_bound":-0.09825032706773207,"upper_bound":-0.09045543608973605},"point_estimate":-0.0921421467365191,"standard_error":0.0025663787442219334}}