{"mean":{"confidence_interval":{"confidence_level":0.95,"lower_bound":2777239885.6,"upper_bound":2781897075.7},"point_estimate":2779662836.9,"standard_error":1197301.917378895},"median":{"confidence_interval":{"confidence_level":0.95,"lower_bound":2776140647.0,"upper_bound":2782926881.0},"point_estimate":2780007869.0,"standard_error":1727303.2523940918},"median_abs_dev":{"confidence_interval":{"confidence_level":0.95,"lower_bound":386811.8157327175,"upper_bound":6582819.495731592},"point_estimate":4380694.481027126,"standard_error":1553916.133313025},"slope":null,"std_dev":{"confidence_interval":{"confidence_level":0.95,"lower_bound":2158947.2276197644,"upper_bound":5112355.08144448},"point_estimate":3991926.268188787,"standard_error":772470.392525278}}