{"mean":{"confidence_interval":{"confidence_level":0.95,"lower_bound":-0.10965938887420558,"upper_bound":-0.10552223745123246},"point_estimate":-0.10757432907616149,"standard_error":0.0010527734603664855},"median":{"confidence_interval":{"confidence_level":0.95,"lower_bound":-0.10929535618215369,"upper_bound":-0.10587671810524957},"point_estimate":-0.10702485583599608,"standard_error":0.00079353225696604}}