{"mean":{"confidence_interval":{"confidence_level":0.95,"lower_bound":3366536012.0025,"upper_bound":3402941595.3825},"point_estimate":3383992089.6,"standard_error":9290409.31737775},"median":{"confidence_interval":{"confidence_level":0.95,"lower_bound":3361278227.5,"upper_bound":3413558552.0},"point_estimate":3365843206.0,"standard_error":16952708.515521634},"median_abs_dev":{"confidence_interval":{"confidence_level":0.95,"lower_bound":1374451.7185986042,"upper_bound":47407308.37755203},"point_estimate":15219155.597805977,"standard_error":14529995.734258791},"slope":null,"std_dev":{"confidence_interval":{"confidence_level":0.95,"lower_bound":17365268.964847073,"upper_bound":37162558.16268606},"point_estimate":30943252.282324497,"standard_error":5121802.21847604}}