{"mean":{"confidence_interval":{"confidence_level":0.95,"lower_bound":3571869018.0,"upper_bound":3582251897.9375},"point_estimate":3576874951.3,"standard_error":2657790.019601458},"median":{"confidence_interval":{"confidence_level":0.95,"lower_bound":3570113202.5,"upper_bound":3584192908.5},"point_estimate":3576615647.0,"standard_error":3109861.8339836164},"median_abs_dev":{"confidence_interval":{"confidence_level":0.95,"lower_bound":915651.519843936,"upper_bound":16212373.78307283},"point_estimate":7567810.733744502,"standard_error":3804646.747581407},"slope":null,"std_dev":{"confidence_interval":{"confidence_level":0.95,"lower_bound":4089627.98632186,"upper_bound":11298690.555077784},"point_estimate":8874662.621709341,"standard_error":1808273.365143906}}