{"mean":{"confidence_interval":{"confidence_level":0.95,"lower_bound":3486541807.3,"upper_bound":3501631342.5475},"point_estimate":3493082337.2,"standard_error":3919028.345367002},"median":{"confidence_interval":{"confidence_level":0.95,"lower_bound":3485837151.5,"upper_bound":3496725465.5},"point_estimate":3489323873.0,"standard_error":3127162.7051297426},"median_abs_dev":{"confidence_interval":{"confidence_level":0.95,"lower_bound":1085739.8366242647,"upper_bound":14904647.217589617},"point_estimate":8718724.92391169,"standard_error":3564031.8217238863},"slope":null,"std_dev":{"confidence_interval":{"confidence_level":0.95,"lower_bound":4191300.4499563994,"upper_bound":19009688.983511522},"point_estimate":13057470.704714598,"standard_error":4524535.447119232}}