{"mean":{"confidence_interval":{"confidence_level":0.95,"lower_bound":-0.08309068611839436,"upper_bound":-0.07599326104714622},"point_estimate":-0.07950850727720693,"standard_error":0.0018189787323743304},"median":{"confidence_interval":{"confidence_level":0.95,"lower_bound":-0.08521338720109817,"upper_bound":-0.0735215279632867},"point_estimate":-0.0796662721623076,"standard_error":0.0036363667222670385}}