{"mean":{"confidence_interval":{"confidence_level":0.95,"lower_bound":-0.10492452575219784,"upper_bound":-0.09896149496298784},"point_estimate":-0.10260926027809181,"standard_error":0.0016206319252842795},"median":{"confidence_interval":{"confidence_level":0.95,"lower_bound":-0.10468872829133768,"upper_bound":-0.10295448093730841},"point_estimate":-0.10365917514127243,"standard_error":0.0006328335652901633}}