{"mean":{"confidence_interval":{"confidence_level":0.95,"lower_bound":-0.10301069789701019,"upper_bound":-0.09692964166598228},"point_estimate":-0.10035826008037241,"standard_error":0.0015994118750934565},"median":{"confidence_interval":{"confidence_level":0.95,"lower_bound":-0.10394533063427147,"upper_bound":-0.10007849982614125},"point_estimate":-0.10163889473405674,"standard_error":0.0009928417092456778}}