{"mean":{"confidence_interval":{"confidence_level":0.95,"lower_bound":-0.14968763375790667,"upper_bound":-0.14749875635419643},"point_estimate":-0.14853091135288676,"standard_error":0.0005585165879960804},"median":{"confidence_interval":{"confidence_level":0.95,"lower_bound":-0.14964259445230255,"upper_bound":-0.14705662844217704},"point_estimate":-0.14870130186069797,"standard_error":0.0006316863334801784}}