{"mean":{"confidence_interval":{"confidence_level":0.95,"lower_bound":-0.1230696969352083,"upper_bound":-0.09876476799473002},"point_estimate":-0.11165546658888614,"standard_error":0.006204977521091982},"median":{"confidence_interval":{"confidence_level":0.95,"lower_bound":-0.12808485876971165,"upper_bound":-0.0966272003749089},"point_estimate":-0.10990392937787985,"standard_error":0.007387364807388364}}