{"mean":{"confidence_interval":{"confidence_level":0.95,"lower_bound":786337194.8333333,"upper_bound":791442663.0658332},"point_estimate":788253592.9999999,"standard_error":1451906.547516206},"median":{"confidence_interval":{"confidence_level":0.95,"lower_bound":786187954.6666666,"upper_bound":787881693.3333333},"point_estimate":786588543.5,"standard_error":517237.35901950474},"median_abs_dev":{"confidence_interval":{"confidence_level":0.95,"lower_bound":65255.64944153955,"upper_bound":2270931.243982764},"point_estimate":634526.8432348967,"standard_error":679874.2514444737},"slope":null,"std_dev":{"confidence_interval":{"confidence_level":0.95,"lower_bound":418627.6540139543,"upper_bound":7409241.391412228},"point_estimate":4837436.211484041,"standard_error":2353066.6130207195}}