{"mean":{"confidence_interval":{"confidence_level":0.95,"lower_bound":-0.13908375668064155,"upper_bound":-0.12471770854056621},"point_estimate":-0.13137518400291626,"standard_error":0.0035945118264522243},"median":{"confidence_interval":{"confidence_level":0.95,"lower_bound":-0.13760671528495838,"upper_bound":-0.1253218222639254},"point_estimate":-0.13298636074046777,"standard_error":0.004194867102868962}}