{"mean":{"confidence_interval":{"confidence_level":0.95,"lower_bound":2393977179.1475,"upper_bound":2396462151.555},"point_estimate":2395218626.5,"standard_error":637271.8761217332},"median":{"confidence_interval":{"confidence_level":0.95,"lower_bound":2393876199.0,"upper_bound":2397383042.0},"point_estimate":2394770652.0,"standard_error":947409.7319143288},"median_abs_dev":{"confidence_interval":{"confidence_level":0.95,"lower_bound":386652.43623554707,"upper_bound":3894692.27925539},"point_estimate":1805327.1468490362,"standard_error":906813.2986171895},"slope":null,"std_dev":{"confidence_interval":{"confidence_level":0.95,"lower_bound":1210944.206785139,"upper_bound":2706970.306905098},"point_estimate":2125749.569820399,"standard_error":382716.8466086425}}