{"mean":{"confidence_interval":{"confidence_level":0.95,"lower_bound":3230505741.5,"upper_bound":3238484287.6575},"point_estimate":3234401699.0,"standard_error":2044995.540348587},"median":{"confidence_interval":{"confidence_level":0.95,"lower_bound":3227482188.0,"upper_bound":3239362632.0},"point_estimate":3234821129.0,"standard_error":3086088.0114855757},"median_abs_dev":{"confidence_interval":{"confidence_level":0.95,"lower_bound":1196325.486060977,"upper_bound":12233927.207404375},"point_estimate":7739567.716795206,"standard_error":2728023.905482626},"slope":null,"std_dev":{"confidence_interval":{"confidence_level":0.95,"lower_bound":4030468.31136561,"upper_bound":8591992.293396628},"point_estimate":6828783.135290146,"standard_error":1206270.8462884414}}