{"mean":{"confidence_interval":{"confidence_level":0.95,"lower_bound":-0.023711519907399645,"upper_bound":-0.016232510362903588},"point_estimate":-0.019888238858127516,"standard_error":0.0019199543583784413},"median":{"confidence_interval":{"confidence_level":0.95,"lower_bound":-0.025706225797841542,"upper_bound":-0.013853810785838472},"point_estimate":-0.018697270032275837,"standard_error":0.003068322328632825}}