{"mean":{"confidence_interval":{"confidence_level":0.95,"lower_bound":2603558767.4,"upper_bound":2610377645.8925},"point_estimate":2606976478.2,"standard_error":1740188.81774368},"median":{"confidence_interval":{"confidence_level":0.95,"lower_bound":2602130177.0,"upper_bound":2611337432.0},"point_estimate":2607118163.0,"standard_error":2385373.5931160003},"median_abs_dev":{"confidence_interval":{"confidence_level":0.95,"lower_bound":1980584.5484375954,"upper_bound":9917263.190433383},"point_estimate":6815624.015298486,"standard_error":2120034.4171396038},"slope":null,"std_dev":{"confidence_interval":{"confidence_level":0.95,"lower_bound":3383002.9663669276,"upper_bound":7189701.702198682},"point_estimate":5800568.317917781,"standard_error":971596.9100479928}}