{"mean":{"confidence_interval":{"confidence_level":0.95,"lower_bound":1531988164.2,"upper_bound":1537121334.64375},"point_estimate":1534358944.55,"standard_error":1320066.3199922754},"median":{"confidence_interval":{"confidence_level":0.95,"lower_bound":1531016316.0,"upper_bound":1537153482.25},"point_estimate":1533782043.0,"standard_error":1510969.0361278334},"median_abs_dev":{"confidence_interval":{"confidence_level":0.95,"lower_bound":811643.0545404553,"upper_bound":7032237.801852822},"point_estimate":3337692.8125441074,"standard_error":1590179.1054221645},"slope":null,"std_dev":{"confidence_interval":{"confidence_level":0.95,"lower_bound":1971920.425732404,"upper_bound":5869366.074037365},"point_estimate":4390516.095780081,"standard_error":1061245.8480262733}}