{"mean":{"confidence_interval":{"confidence_level":0.95,"lower_bound":-0.09325403367137451,"upper_bound":-0.08966633917726334},"point_estimate":-0.09140224301289213,"standard_error":0.0009160701247244522},"median":{"confidence_interval":{"confidence_level":0.95,"lower_bound":-0.09255663994466212,"upper_bound":-0.08968905510620184},"point_estimate":-0.0912854693832923,"standard_error":0.0006773307772263589}}