{"mean":{"confidence_interval":{"confidence_level":0.95,"lower_bound":3213278532.0675,"upper_bound":3219416693.795},"point_estimate":3216325660.2,"standard_error":1579669.8373545553},"median":{"confidence_interval":{"confidence_level":0.95,"lower_bound":3211785648.0,"upper_bound":3221705447.0},"point_estimate":3215151107.0,"standard_error":2965755.160072856},"median_abs_dev":{"confidence_interval":{"confidence_level":0.95,"lower_bound":1267485.8369976282,"upper_bound":8503203.072237968},"point_estimate":7370278.750151396,"standard_error":1979741.7135377356},"slope":null,"std_dev":{"confidence_interval":{"confidence_level":0.95,"lower_bound":3456749.517341928,"upper_bound":6067383.389802673},"point_estimate":5262141.358324021,"standard_error":670616.9749280148}}