{"mean":{"confidence_interval":{"confidence_level":0.95,"lower_bound":-0.08549645177039782,"upper_bound":-0.08182430745299692},"point_estimate":-0.08371291947812687,"standard_error":0.0009120376509475675},"median":{"confidence_interval":{"confidence_level":0.95,"lower_bound":-0.08618926297204477,"upper_bound":-0.08116500596681286},"point_estimate":-0.08382138061108102,"standard_error":0.001179129910678982}}