{"mean":{"confidence_interval":{"confidence_level":0.95,"lower_bound":-0.09482540707325644,"upper_bound":-0.09179371489848681},"point_estimate":-0.09339274067006287,"standard_error":0.000761241100535702},"median":{"confidence_interval":{"confidence_level":0.95,"lower_bound":-0.09524301818668468,"upper_bound":-0.09198897296819053},"point_estimate":-0.09448985613264727,"standard_error":0.0008917409032729108}}