{"mean":{"confidence_interval":{"confidence_level":0.95,"lower_bound":2230869533.6,"upper_bound":2237408189.0},"point_estimate":2234074596.1,"standard_error":1666393.4551070083},"median":{"confidence_interval":{"confidence_level":0.95,"lower_bound":2230668455.0,"upper_bound":2237373928.0},"point_estimate":2234001091.0,"standard_error":1869147.8065292998},"median_abs_dev":{"confidence_interval":{"confidence_level":0.95,"lower_bound":1124178.4648418427,"upper_bound":9632595.099887252},"point_estimate":4970767.046651244,"standard_error":1998492.9948718057},"slope":null,"std_dev":{"confidence_interval":{"confidence_level":0.95,"lower_bound":2487406.4264632952,"upper_bound":7509587.4513048995},"point_estimate":5559314.548833845,"standard_error":1321280.5985067626}}