{"mean":{"confidence_interval":{"confidence_level":0.95,"lower_bound":3122796431.0,"upper_bound":3131902717.725},"point_estimate":3127184745.1,"standard_error":2334678.734120256},"median":{"confidence_interval":{"confidence_level":0.95,"lower_bound":3121303104.5,"upper_bound":3132837517.0},"point_estimate":3125527575.0,"standard_error":3394397.2913585254},"median_abs_dev":{"confidence_interval":{"confidence_level":0.95,"lower_bound":969846.4792817831,"upper_bound":13397123.255753517},"point_estimate":7578146.679461002,"standard_error":3019443.6723194285},"slope":null,"std_dev":{"confidence_interval":{"confidence_level":0.95,"lower_bound":4248928.315204561,"upper_bound":9980167.099397888},"point_estimate":7781875.318746124,"standard_error":1502680.351821869}}