{"mean":{"confidence_interval":{"confidence_level":0.95,"lower_bound":-0.08975903921642235,"upper_bound":-0.08540553671136777},"point_estimate":-0.0876192642060456,"standard_error":0.0011138967937959858},"median":{"confidence_interval":{"confidence_level":0.95,"lower_bound":-0.09039413398112728,"upper_bound":-0.0849516697902798},"point_estimate":-0.08768352209418884,"standard_error":0.0013992518726668698}}