{"mean":{"confidence_interval":{"confidence_level":0.95,"lower_bound":1661386044.55,"upper_bound":1664676538.21},"point_estimate":1662899874.95,"standard_error":845595.4535041729},"median":{"confidence_interval":{"confidence_level":0.95,"lower_bound":1660668218.5,"upper_bound":1665245629.5},"point_estimate":1661825937.25,"standard_error":1195247.84562781},"median_abs_dev":{"confidence_interval":{"confidence_level":0.95,"lower_bound":332544.2088961601,"upper_bound":4865986.51741147},"point_estimate":2081300.1591995358,"standard_error":1139537.8710940576},"slope":null,"std_dev":{"confidence_interval":{"confidence_level":0.95,"lower_bound":1201526.2374664643,"upper_bound":3704707.038468995},"point_estimate":2815813.352095501,"standard_error":658510.5267817829}}