{"mean":{"confidence_interval":{"confidence_level":0.95,"lower_bound":845081221.1666666,"upper_bound":857743266.2608333},"point_estimate":851486080.2,"standard_error":3222270.2943973173},"median":{"confidence_interval":{"confidence_level":0.95,"lower_bound":842476271.6666667,"upper_bound":859567375.6666667},"point_estimate":852797388.8333333,"standard_error":3190029.650871016},"median_abs_dev":{"confidence_interval":{"confidence_level":0.95,"lower_bound":328783.84116294945,"upper_bound":21470201.34242776},"point_estimate":6195831.497701855,"standard_error":5627355.76767259},"slope":null,"std_dev":{"confidence_interval":{"confidence_level":0.95,"lower_bound":5513922.750856237,"upper_bound":13768310.720991638},"point_estimate":10741729.222369667,"standard_error":2153403.98315711}}