{"mean":{"confidence_interval":{"confidence_level":0.95,"lower_bound":941972265.1950003,"upper_bound":943350994.9333334},"point_estimate":942619951.0,"standard_error":354225.89309276984},"median":{"confidence_interval":{"confidence_level":0.95,"lower_bound":941777728.8333334,"upper_bound":943784778.6666666},"point_estimate":942159320.5,"standard_error":466491.6817745681},"median_abs_dev":{"confidence_interval":{"confidence_level":0.95,"lower_bound":112292.12200641632,"upper_bound":1753598.4924672267},"point_estimate":617845.6167309887,"standard_error":478215.9463870327},"slope":null,"std_dev":{"confidence_interval":{"confidence_level":0.95,"lower_bound":406794.54085087695,"upper_bound":1445837.718709617},"point_estimate":1180202.0037328545,"standard_error":232527.87269940902}}