{"mean":{"confidence_interval":{"confidence_level":0.95,"lower_bound":2741593240.3,"upper_bound":2746911230.7},"point_estimate":2743941225.3,"standard_error":1382911.4828739343},"median":{"confidence_interval":{"confidence_level":0.95,"lower_bound":2741177256.0,"upper_bound":2746067638.5},"point_estimate":2742655013.5,"standard_error":1077615.7825423602},"median_abs_dev":{"confidence_interval":{"confidence_level":0.95,"lower_bound":674702.3373216391,"upper_bound":6267509.028929472},"point_estimate":2255486.7529571056,"standard_error":1448946.2467403589},"slope":null,"std_dev":{"confidence_interval":{"confidence_level":0.95,"lower_bound":1326160.122590368,"upper_bound":6448744.876032645},"point_estimate":4610956.222375404,"standard_error":1425599.6989759568}}