{"mean":{"confidence_interval":{"confidence_level":0.95,"lower_bound":2315170145.1725,"upper_bound":2326083304.5175},"point_estimate":2320116863.2,"standard_error":2789198.1090753246},"median":{"confidence_interval":{"confidence_level":0.95,"lower_bound":2314110298.0,"upper_bound":2326627631.5},"point_estimate":2316065291.0,"standard_error":3031094.0481159836},"median_abs_dev":{"confidence_interval":{"confidence_level":0.95,"lower_bound":926943.7425434589,"upper_bound":13432745.685321093},"point_estimate":3138533.675479889,"standard_error":3086082.842286225},"slope":null,"std_dev":{"confidence_interval":{"confidence_level":0.95,"lower_bound":1891293.1310530351,"upper_bound":11566015.43866242},"point_estimate":9290143.780449744,"standard_error":2387644.624806344}}