{"mean":{"confidence_interval":{"confidence_level":0.95,"lower_bound":-0.09390377742022234,"upper_bound":-0.09190377551475833},"point_estimate":-0.0929383100383534,"standard_error":0.0005122580849450819},"median":{"confidence_interval":{"confidence_level":0.95,"lower_bound":-0.09453315930025308,"upper_bound":-0.09225718651388182},"point_estimate":-0.09351545820299811,"standard_error":0.0005485816872166562}}