{"mean":{"confidence_interval":{"confidence_level":0.95,"lower_bound":1598679903.55,"upper_bound":1607211894.35},"point_estimate":1602524580.0,"standard_error":2182766.1551112193},"median":{"confidence_interval":{"confidence_level":0.95,"lower_bound":1597910170.75,"upper_bound":1608368722.75},"point_estimate":1599055989.75,"standard_error":2397189.1799627873},"median_abs_dev":{"confidence_interval":{"confidence_level":0.95,"lower_bound":400261.22139394283,"upper_bound":9822142.541322112},"point_estimate":2688506.020769477,"standard_error":2314931.1330894926},"slope":null,"std_dev":{"confidence_interval":{"confidence_level":0.95,"lower_bound":1717526.5958432008,"upper_bound":9095246.051315479},"point_estimate":7278393.88922152,"standard_error":1933016.7335593777}}