{"mean":{"confidence_interval":{"confidence_level":0.95,"lower_bound":-0.07211740738843325,"upper_bound":-0.06374425566229626},"point_estimate":-0.06794952470756854,"standard_error":0.0021473527894097645},"median":{"confidence_interval":{"confidence_level":0.95,"lower_bound":-0.07490698772670934,"upper_bound":-0.06071431507041347},"point_estimate":-0.0686528644914024,"standard_error":0.005103415281834025}}