{"mean":{"confidence_interval":{"confidence_level":0.95,"lower_bound":2750147590.7,"upper_bound":2753392561.47},"point_estimate":2751766992.0,"standard_error":828427.8606686841},"median":{"confidence_interval":{"confidence_level":0.95,"lower_bound":2749357967.0,"upper_bound":2753755960.0},"point_estimate":2752017386.5,"standard_error":1059838.807588784},"median_abs_dev":{"confidence_interval":{"confidence_level":0.95,"lower_bound":212719.73772346973,"upper_bound":4714099.339208007},"point_estimate":3260232.153019309,"standard_error":1113869.8443088839},"slope":null,"std_dev":{"confidence_interval":{"confidence_level":0.95,"lower_bound":1564010.240916685,"upper_bound":3483546.268756623},"point_estimate":2756337.84214498,"standard_error":494106.6189652168}}