{"mean":{"confidence_interval":{"confidence_level":0.95,"lower_bound":-0.11621436505387463,"upper_bound":-0.11077167673192284},"point_estimate":-0.11332198106273983,"standard_error":0.001428759655012574},"median":{"confidence_interval":{"confidence_level":0.95,"lower_bound":-0.11636453965396387,"upper_bound":-0.10991312049868474},"point_estimate":-0.11134560813536043,"standard_error":0.002002179899149977}}