{"mean":{"confidence_interval":{"confidence_level":0.95,"lower_bound":1856315.8772666669,"upper_bound":1877806.394988988},"point_estimate":1865740.459170635,"standard_error":5572.909302196764},"median":{"confidence_interval":{"confidence_level":0.95,"lower_bound":1853150.5333333334,"upper_bound":1872869.38125},"point_estimate":1859328.8938888889,"standard_error":5365.348575318588},"median_abs_dev":{"confidence_interval":{"confidence_level":0.95,"lower_bound":2087.0708089472037,"upper_bound":24360.84609084153},"point_estimate":10136.798769702491,"standard_error":6024.195325945637},"slope":{"confidence_interval":{"confidence_level":0.95,"lower_bound":1858587.38037894,"upper_bound":1882752.9481099655},"point_estimate":1868822.354025974,"standard_error":6110.5171634721},"std_dev":{"confidence_interval":{"confidence_level":0.95,"lower_bound":4907.17241468839,"upper_bound":26083.42494433676},"point_estimate":18616.871227236523,"standard_error":5735.792219344228}}