{"mean":{"confidence_interval":{"confidence_level":0.95,"lower_bound":2.0726549606270503,"upper_bound":2.1451463478911164},"point_estimate":2.111113092810098,"standard_error":0.018610573064578362},"median":{"confidence_interval":{"confidence_level":0.95,"lower_bound":2.04759587060383,"upper_bound":2.159670786885463},"point_estimate":2.1359703931163976,"standard_error":0.026842888218916314}}