{"mean":{"confidence_interval":{"confidence_level":0.95,"lower_bound":-0.022028669418067984,"upper_bound":-0.01297553749558735},"point_estimate":-0.01705111565004236,"standard_error":0.002330375775114127},"median":{"confidence_interval":{"confidence_level":0.95,"lower_bound":-0.021096187767441488,"upper_bound":-0.011844597442607241},"point_estimate":-0.01469291522658156,"standard_error":0.0023939080619843427}}