{"mean":{"confidence_interval":{"confidence_level":0.95,"lower_bound":1629042684.2,"upper_bound":1647292660.305},"point_estimate":1637585586.65,"standard_error":4667929.7184979},"median":{"confidence_interval":{"confidence_level":0.95,"lower_bound":1624667331.25,"upper_bound":1652029690.75},"point_estimate":1635665417.0,"standard_error":6320372.955228365},"median_abs_dev":{"confidence_interval":{"confidence_level":0.95,"lower_bound":1723410.5331033468,"upper_bound":26258062.007126212},"point_estimate":14621542.158065736,"standard_error":6508278.009704087},"slope":null,"std_dev":{"confidence_interval":{"confidence_level":0.95,"lower_bound":6986178.7344139125,"upper_bound":19344351.385711767},"point_estimate":15585920.311289998,"standard_error":3202748.384824313}}