{"mean":{"confidence_interval":{"confidence_level":0.95,"lower_bound":-0.1177096208726292,"upper_bound":-0.11611117003386442},"point_estimate":-0.1168734454706809,"standard_error":0.0004083326813541993},"median":{"confidence_interval":{"confidence_level":0.95,"lower_bound":-0.11773092865691714,"upper_bound":-0.11609080805834227},"point_estimate":-0.11680061267103303,"standard_error":0.0003915270270953741}}