{"mean":{"confidence_interval":{"confidence_level":0.95,"lower_bound":1151136008.05,"upper_bound":1179638489.6},"point_estimate":1161307632.2,"standard_error":8433982.143098367},"median":{"confidence_interval":{"confidence_level":0.95,"lower_bound":1149973979.0,"upper_bound":1156095989.75},"point_estimate":1153231657.75,"standard_error":2358940.830867042},"median_abs_dev":{"confidence_interval":{"confidence_level":0.95,"lower_bound":338848.2239842415,"upper_bound":7223992.4639984965},"point_estimate":3488796.8073114753,"standard_error":3054595.6553735444},"slope":null,"std_dev":{"confidence_interval":{"confidence_level":0.95,"lower_bound":1845798.8004070588,"upper_bound":43294344.17159066},"point_estimate":28168474.087326657,"standard_error":14861863.606937382}}