{"mean":{"confidence_interval":{"confidence_level":0.95,"lower_bound":2598538724.5,"upper_bound":2605793341.1175},"point_estimate":2601885485.9,"standard_error":1856248.4558374302},"median":{"confidence_interval":{"confidence_level":0.95,"lower_bound":2597916168.0,"upper_bound":2605291429.5},"point_estimate":2600078795.0,"standard_error":2056664.2621359131},"median_abs_dev":{"confidence_interval":{"confidence_level":0.95,"lower_bound":715412.3086988926,"upper_bound":9516615.01044631},"point_estimate":5196936.931335926,"standard_error":2268637.4627067926},"slope":null,"std_dev":{"confidence_interval":{"confidence_level":0.95,"lower_bound":2703809.576008792,"upper_bound":8503152.137755485},"point_estimate":6200310.889206685,"standard_error":1626608.3612650097}}