{"mean":{"confidence_interval":{"confidence_level":0.95,"lower_bound":-0.07527925946977868,"upper_bound":-0.07173149053335062},"point_estimate":-0.07331036518920786,"standard_error":0.0009127257915720591},"median":{"confidence_interval":{"confidence_level":0.95,"lower_bound":-0.0749696200731248,"upper_bound":-0.07135606983339748},"point_estimate":-0.07231403313083018,"standard_error":0.0010459522840782028}}