{"mean":{"confidence_interval":{"confidence_level":0.95,"lower_bound":3288022872.0775003,"upper_bound":3346093257.1},"point_estimate":3313460419.1,"standard_error":15101235.778053744},"median":{"confidence_interval":{"confidence_level":0.95,"lower_bound":3274889734.0,"upper_bound":3335438437.0},"point_estimate":3297621585.0,"standard_error":16997569.26240978},"median_abs_dev":{"confidence_interval":{"confidence_level":0.95,"lower_bound":2370456.4505159855,"upper_bound":69291179.32843566},"point_estimate":33844174.69624579,"standard_error":17043468.978773717},"slope":null,"std_dev":{"confidence_interval":{"confidence_level":0.95,"lower_bound":18507029.647507086,"upper_bound":72264513.64405945},"point_estimate":50541521.815324076,"standard_error":16101086.635720782}}