{"mean":{"confidence_interval":{"confidence_level":0.95,"lower_bound":-0.09632394108358866,"upper_bound":-0.09424270185575596},"point_estimate":-0.09532125374680123,"standard_error":0.0005327637983960429},"median":{"confidence_interval":{"confidence_level":0.95,"lower_bound":-0.09650843367410022,"upper_bound":-0.09393191038671156},"point_estimate":-0.09572017596673166,"standard_error":0.0007148783271416454}}