{"mean":{"confidence_interval":{"confidence_level":0.95,"lower_bound":-0.09046024793419888,"upper_bound":-0.08284899479851013},"point_estimate":-0.08711681888264011,"standard_error":0.0019734154734002292},"median":{"confidence_interval":{"confidence_level":0.95,"lower_bound":-0.08994872091779538,"upper_bound":-0.0857326004182517},"point_estimate":-0.08716030580741041,"standard_error":0.0013482845516465296}}