{"mean":{"confidence_interval":{"confidence_level":0.95,"lower_bound":-0.1053292077528712,"upper_bound":-0.10310580931279731},"point_estimate":-0.10408496189233107,"standard_error":0.0005746883312847393},"median":{"confidence_interval":{"confidence_level":0.95,"lower_bound":-0.10536351184526258,"upper_bound":-0.10283337930898973},"point_estimate":-0.10327618907716596,"standard_error":0.000548367171675665}}