{"mean":{"confidence_interval":{"confidence_level":0.95,"lower_bound":-0.0929868581025009,"upper_bound":-0.08558247010586756},"point_estimate":-0.0888477430786182,"standard_error":0.00189835983776445},"median":{"confidence_interval":{"confidence_level":0.95,"lower_bound":-0.09170018216939957,"upper_bound":-0.08451607752231038},"point_estimate":-0.08734004337831813,"standard_error":0.0018903117158014374}}