{"mean":{"confidence_interval":{"confidence_level":0.95,"lower_bound":-0.1237692660482185,"upper_bound":-0.10908818618419677},"point_estimate":-0.11581190603830216,"standard_error":0.003821157818893043},"median":{"confidence_interval":{"confidence_level":0.95,"lower_bound":-0.1214185432835948,"upper_bound":-0.10767122612026869},"point_estimate":-0.10822213279176818,"standard_error":0.004172815863355362}}