{"mean":{"confidence_interval":{"confidence_level":0.95,"lower_bound":-0.0983854044236782,"upper_bound":-0.09589392373124256},"point_estimate":-0.09716340441131799,"standard_error":0.0006311839417877286},"median":{"confidence_interval":{"confidence_level":0.95,"lower_bound":-0.09813783832191447,"upper_bound":-0.09625007606609925},"point_estimate":-0.09756732853233652,"standard_error":0.0004430999209795396}}