{"mean":{"confidence_interval":{"confidence_level":0.95,"lower_bound":-0.12452838641950932,"upper_bound":-0.07604670184997203},"point_estimate":-0.09973963259597751,"standard_error":0.012442069153784027},"median":{"confidence_interval":{"confidence_level":0.95,"lower_bound":-0.12489993858080539,"upper_bound":-0.05622306657082565},"point_estimate":-0.06587023498511557,"standard_error":0.019179370012623542}}