{"mean":{"confidence_interval":{"confidence_level":0.95,"lower_bound":-0.08969779053892199,"upper_bound":-0.08549494225896599},"point_estimate":-0.08758222485637279,"standard_error":0.001070650679973489},"median":{"confidence_interval":{"confidence_level":0.95,"lower_bound":-0.09126966048559171,"upper_bound":-0.08422372840220438},"point_estimate":-0.08674408276368761,"standard_error":0.0019848807587130386}}