{"mean":{"confidence_interval":{"confidence_level":0.95,"lower_bound":1253313251.8,"upper_bound":1255398405.895},"point_estimate":1254359903.3,"standard_error":532157.5459010884},"median":{"confidence_interval":{"confidence_level":0.95,"lower_bound":1253351121.5,"upper_bound":1255876432.0},"point_estimate":1254171133.5,"standard_error":571196.9633012221},"median_abs_dev":{"confidence_interval":{"confidence_level":0.95,"lower_bound":395753.3761739731,"upper_bound":2993436.8051558733},"point_estimate":1324471.7908859253,"standard_error":743932.90938403},"slope":null,"std_dev":{"confidence_interval":{"confidence_level":0.95,"lower_bound":811056.8813832699,"upper_bound":2345836.303218629},"point_estimate":1778001.2419734944,"standard_error":376883.6689942467}}