{"mean":{"confidence_interval":{"confidence_level":0.95,"lower_bound":-0.09643553190386059,"upper_bound":-0.09467991217755106},"point_estimate":-0.09557834259236553,"standard_error":0.0004486247742358591},"median":{"confidence_interval":{"confidence_level":0.95,"lower_bound":-0.09696070578986526,"upper_bound":-0.09437157765071624},"point_estimate":-0.09573451715253622,"standard_error":0.0006582815822663087}}