{"mean":{"confidence_interval":{"confidence_level":0.95,"lower_bound":-0.010915743475173512,"upper_bound":0.007836240474574294},"point_estimate":-0.001567242951976966,"standard_error":0.004800244282664368},"median":{"confidence_interval":{"confidence_level":0.95,"lower_bound":-0.015331398077410019,"upper_bound":0.012977576023305737},"point_estimate":-0.00451277153849472,"standard_error":0.008267799843813789}}