{"mean":{"confidence_interval":{"confidence_level":0.95,"lower_bound":3081421208.9,"upper_bound":3103736609.7925},"point_estimate":3090440272.1,"standard_error":5962078.252957732},"median":{"confidence_interval":{"confidence_level":0.95,"lower_bound":3080214478.0,"upper_bound":3093913509.5},"point_estimate":3082543081.0,"standard_error":4149839.332659544},"median_abs_dev":{"confidence_interval":{"confidence_level":0.95,"lower_bound":61126.11431479454,"upper_bound":17131083.165362477},"point_estimate":6454195.0524151325,"standard_error":4771178.285264129},"slope":null,"std_dev":{"confidence_interval":{"confidence_level":0.95,"lower_bound":4272524.01725218,"upper_bound":29701073.29177933},"point_estimate":19816701.274859864,"standard_error":8045832.5571357645}}