{"mean":{"confidence_interval":{"confidence_level":0.95,"lower_bound":739601329.1591666,"upper_bound":744353860.3999999},"point_estimate":741473828.1,"standard_error":1314757.7317502664},"median":{"confidence_interval":{"confidence_level":0.95,"lower_bound":739310804.0,"upper_bound":741890024.6666667},"point_estimate":739843721.5,"standard_error":586130.9622948884},"median_abs_dev":{"confidence_interval":{"confidence_level":0.95,"lower_bound":103252.46286696126,"upper_bound":2934286.749506056},"point_estimate":834241.7081892196,"standard_error":735205.9797524841},"slope":null,"std_dev":{"confidence_interval":{"confidence_level":0.95,"lower_bound":364048.086312505,"upper_bound":6613148.85745673},"point_estimate":4389876.401398293,"standard_error":1950898.7305186028}}