{"mean":{"confidence_interval":{"confidence_level":0.95,"lower_bound":1576351688.05,"upper_bound":1579067901.01125},"point_estimate":1577719039.6,"standard_error":692843.9957481396},"median":{"confidence_interval":{"confidence_level":0.95,"lower_bound":1576354317.0,"upper_bound":1579080293.0},"point_estimate":1577725465.5,"standard_error":695973.4897516164},"median_abs_dev":{"confidence_interval":{"confidence_level":0.95,"lower_bound":537442.4904584885,"upper_bound":4072031.992506981},"point_estimate":1887877.9427334666,"standard_error":842504.1389470521},"slope":null,"std_dev":{"confidence_interval":{"confidence_level":0.95,"lower_bound":1027596.5087695603,"upper_bound":3128515.7078365353},"point_estimate":2313759.586609455,"standard_error":532388.5323487641}}