{"mean":{"confidence_interval":{"confidence_level":0.95,"lower_bound":2927404127.025,"upper_bound":2933482489.835},"point_estimate":2930195724.1,"standard_error":1563822.788014392},"median":{"confidence_interval":{"confidence_level":0.95,"lower_bound":2926208725.0,"upper_bound":2933242831.5},"point_estimate":2928853350.0,"standard_error":1885672.1406881674},"median_abs_dev":{"confidence_interval":{"confidence_level":0.95,"lower_bound":726877.2542953491,"upper_bound":8149343.523520231},"point_estimate":4096267.312976718,"standard_error":1835673.9115011725},"slope":null,"std_dev":{"confidence_interval":{"confidence_level":0.95,"lower_bound":2238586.5700706095,"upper_bound":6973756.233370806},"point_estimate":5217453.225641317,"standard_error":1290712.7307675285}}