{"mean":{"confidence_interval":{"confidence_level":0.95,"lower_bound":-0.09444462247311701,"upper_bound":-0.09170761049482701},"point_estimate":-0.09292507770892,"standard_error":0.0007053507454348901},"median":{"confidence_interval":{"confidence_level":0.95,"lower_bound":-0.09336138094798452,"upper_bound":-0.09146577692096136},"point_estimate":-0.0928928594703009,"standard_error":0.0005132684082148572}}