{"mean":{"confidence_interval":{"confidence_level":0.95,"lower_bound":2299168952.2000003,"upper_bound":2303401289.9},"point_estimate":2301357480.5,"standard_error":1086107.204999692},"median":{"confidence_interval":{"confidence_level":0.95,"lower_bound":2296851754.0,"upper_bound":2304282955.0},"point_estimate":2302612021.0,"standard_error":1795572.5707803362},"median_abs_dev":{"confidence_interval":{"confidence_level":0.95,"lower_bound":604527.1740674973,"upper_bound":5607826.170641184},"point_estimate":2798544.5908159018,"standard_error":1500781.0256620452},"slope":null,"std_dev":{"confidence_interval":{"confidence_level":0.95,"lower_bound":1991138.0863468405,"upper_bound":4288440.300713295},"point_estimate":3614129.1325203474,"standard_error":564589.2355089897}}