{"mean":{"confidence_interval":{"confidence_level":0.95,"lower_bound":-0.09772536514515731,"upper_bound":-0.08325134372898553},"point_estimate":-0.09041126738009031,"standard_error":0.003717338196011223},"median":{"confidence_interval":{"confidence_level":0.95,"lower_bound":-0.10336571623865731,"upper_bound":-0.0767655302791227},"point_estimate":-0.0849951754613677,"standard_error":0.007215853712263296}}