{"mean":{"confidence_interval":{"confidence_level":0.95,"lower_bound":2750289960.4575,"upper_bound":2756691060.1},"point_estimate":2753204781.1,"standard_error":1644069.2609345603},"median":{"confidence_interval":{"confidence_level":0.95,"lower_bound":2749419791.0,"upper_bound":2757685927.5},"point_estimate":2752125757.5,"standard_error":1550559.4002144209},"median_abs_dev":{"confidence_interval":{"confidence_level":0.95,"lower_bound":231154.3857961893,"upper_bound":8067850.192067027},"point_estimate":2843054.4659256935,"standard_error":1895546.2253973756},"slope":null,"std_dev":{"confidence_interval":{"confidence_level":0.95,"lower_bound":1594925.0293798894,"upper_bound":6964023.341474107},"point_estimate":5485449.8928506095,"standard_error":1384118.242559932}}