{"mean":{"confidence_interval":{"confidence_level":0.95,"lower_bound":-0.07301598258627545,"upper_bound":-0.07077547623827496},"point_estimate":-0.07187028668710582,"standard_error":0.0005727819530899603},"median":{"confidence_interval":{"confidence_level":0.95,"lower_bound":-0.07298592402324411,"upper_bound":-0.07044401086787522},"point_estimate":-0.07171424941780502,"standard_error":0.0006158315057016256}}