{"mean":{"confidence_interval":{"confidence_level":0.95,"lower_bound":-0.13126012916348387,"upper_bound":-0.12836646495927975},"point_estimate":-0.12983443718511922,"standard_error":0.0007380581329150293},"median":{"confidence_interval":{"confidence_level":0.95,"lower_bound":-0.13220030339578315,"upper_bound":-0.12785923745399064},"point_estimate":-0.12919656765849952,"standard_error":0.0010501074028465465}}