{"mean":{"confidence_interval":{"confidence_level":0.95,"lower_bound":-0.08041856939331148,"upper_bound":-0.07204263477299848},"point_estimate":-0.07631464972090263,"standard_error":0.0021376136776084507},"median":{"confidence_interval":{"confidence_level":0.95,"lower_bound":-0.08167604751661728,"upper_bound":-0.07194904434253857},"point_estimate":-0.07448810820882146,"standard_error":0.0027393935541680345}}