{"mean":{"confidence_interval":{"confidence_level":0.95,"lower_bound":-0.07638150760270114,"upper_bound":-0.06601120090998656},"point_estimate":-0.07078493093258587,"standard_error":0.002703748200409024},"median":{"confidence_interval":{"confidence_level":0.95,"lower_bound":-0.07302458904026699,"upper_bound":-0.06536191289484838},"point_estimate":-0.06948251551663254,"standard_error":0.0021296830262839215}}