{"mean":{"confidence_interval":{"confidence_level":0.95,"lower_bound":-0.09816755984960934,"upper_bound":-0.09199786003969981},"point_estimate":-0.09517264786190938,"standard_error":0.0017225551195900848},"median":{"confidence_interval":{"confidence_level":0.95,"lower_bound":-0.0999573938879007,"upper_bound":-0.09084362997261353},"point_estimate":-0.09746466373577034,"standard_error":0.0025078734631509975}}