{"mean":{"confidence_interval":{"confidence_level":0.95,"lower_bound":3646011743.0,"upper_bound":3657120086.745},"point_estimate":3651448955.8,"standard_error":2819734.538427952},"median":{"confidence_interval":{"confidence_level":0.95,"lower_bound":3647685798.0,"upper_bound":3655947955.5},"point_estimate":3650308687.0,"standard_error":2287874.2212048257},"median_abs_dev":{"confidence_interval":{"confidence_level":0.95,"lower_bound":804076.9762247801,"upper_bound":14644684.431704879},"point_estimate":4866135.518708825,"standard_error":3369699.7959128553},"slope":null,"std_dev":{"confidence_interval":{"confidence_level":0.95,"lower_bound":2891141.4974650415,"upper_bound":13098332.787996735},"point_estimate":9450412.01564329,"standard_error":2649496.8633347945}}