{"mean":{"confidence_interval":{"confidence_level":0.95,"lower_bound":-0.09779489585835631,"upper_bound":-0.09238816794305582},"point_estimate":-0.0951208221662031,"standard_error":0.0013765886172218305},"median":{"confidence_interval":{"confidence_level":0.95,"lower_bound":-0.10041889376350488,"upper_bound":-0.09178219461326698},"point_estimate":-0.09452559306453467,"standard_error":0.0022490677931136602}}