{"mean":{"confidence_interval":{"confidence_level":0.95,"lower_bound":3513953855.8199997,"upper_bound":3549738228.6275},"point_estimate":3531884440.6,"standard_error":9191851.895520318},"median":{"confidence_interval":{"confidence_level":0.95,"lower_bound":3505307713.0,"upper_bound":3561362851.0},"point_estimate":3532529158.5,"standard_error":15191637.898177117},"median_abs_dev":{"confidence_interval":{"confidence_level":0.95,"lower_bound":7399478.556632996,"upper_bound":52603735.29449701},"point_estimate":41553673.06167483,"standard_error":11179199.774776898},"slope":null,"std_dev":{"confidence_interval":{"confidence_level":0.95,"lower_bound":19120086.38846215,"upper_bound":36294464.663294695},"point_estimate":30534268.81845838,"standard_error":4356271.460133833}}