{"mean":{"confidence_interval":{"confidence_level":0.95,"lower_bound":1026233463.2587501,"upper_bound":1029251708.45},"point_estimate":1027372240.0,"standard_error":852712.0410045229},"median":{"confidence_interval":{"confidence_level":0.95,"lower_bound":1026051832.5,"upper_bound":1027192205.5},"point_estimate":1026531837.5,"standard_error":425663.93040873803},"median_abs_dev":{"confidence_interval":{"confidence_level":0.95,"lower_bound":94416.04347378016,"upper_bound":1452688.5192096233},"point_estimate":749750.0653892756,"standard_error":409645.0332128756},"slope":null,"std_dev":{"confidence_interval":{"confidence_level":0.95,"lower_bound":434872.9148227771,"upper_bound":4350008.680013303},"point_estimate":2835128.4497852805,"standard_error":1371838.396849978}}