{"mean":{"confidence_interval":{"confidence_level":0.95,"lower_bound":2304359845.53,"upper_bound":2310932372.4},"point_estimate":2307564805.2,"standard_error":1689838.056541642},"median":{"confidence_interval":{"confidence_level":0.95,"lower_bound":2302885517.0,"upper_bound":2313239874.0},"point_estimate":2307263156.0,"standard_error":2576036.899434987},"median_abs_dev":{"confidence_interval":{"confidence_level":0.95,"lower_bound":679239.8345410824,"upper_bound":9563983.338305354},"point_estimate":6724378.141218424,"standard_error":2381364.2170741796},"slope":null,"std_dev":{"confidence_interval":{"confidence_level":0.95,"lower_bound":3237088.143812721,"upper_bound":6830067.498947263},"point_estimate":5653111.928674306,"standard_error":894477.494869334}}