{"mean":{"confidence_interval":{"confidence_level":0.95,"lower_bound":1303369969.65,"upper_bound":1308864051.6675},"point_estimate":1306312650.9,"standard_error":1416399.3375192692},"median":{"confidence_interval":{"confidence_level":0.95,"lower_bound":1300589290.0,"upper_bound":1309644931.5},"point_estimate":1308675368.5,"standard_error":2245778.863516741},"median_abs_dev":{"confidence_interval":{"confidence_level":0.95,"lower_bound":268437.6979842782,"upper_bound":7478769.115175307},"point_estimate":1943505.8350458741,"standard_error":1807002.2359495305},"slope":null,"std_dev":{"confidence_interval":{"confidence_level":0.95,"lower_bound":1241127.9235497979,"upper_bound":5594667.925396079},"point_estimate":4710421.441191694,"standard_error":913789.9977139365}}