{"mean":{"confidence_interval":{"confidence_level":0.95,"lower_bound":-0.08209169208654937,"upper_bound":-0.0792399888633377},"point_estimate":-0.08066748009261693,"standard_error":0.0007241303352794887},"median":{"confidence_interval":{"confidence_level":0.95,"lower_bound":-0.08199906933588275,"upper_bound":-0.079026963619376},"point_estimate":-0.08000379440484073,"standard_error":0.0007552270019681992}}