{"mean":{"confidence_interval":{"confidence_level":0.95,"lower_bound":3165325677.2,"upper_bound":3172011477.15},"point_estimate":3168484917.5,"standard_error":1709620.872447117},"median":{"confidence_interval":{"confidence_level":0.95,"lower_bound":3163941691.0,"upper_bound":3172082907.0},"point_estimate":3167845282.5,"standard_error":2112583.5707568396},"median_abs_dev":{"confidence_interval":{"confidence_level":0.95,"lower_bound":1439159.7944498062,"upper_bound":9403834.371748567},"point_estimate":5404459.4148516655,"standard_error":2100792.214158966},"slope":null,"std_dev":{"confidence_interval":{"confidence_level":0.95,"lower_bound":2836029.0450400873,"upper_bound":7410673.809131007},"point_estimate":5708276.562548693,"standard_error":1212041.3872512782}}