{"mean":{"confidence_interval":{"confidence_level":0.95,"lower_bound":-0.10991926714742847,"upper_bound":-0.10161605830916362},"point_estimate":-0.10531232424011694,"standard_error":0.0021277510448240167},"median":{"confidence_interval":{"confidence_level":0.95,"lower_bound":-0.1089679293131644,"upper_bound":-0.10186983685259055},"point_estimate":-0.10406114579171122,"standard_error":0.0015945617870367478}}