{"mean":{"confidence_interval":{"confidence_level":0.95,"lower_bound":-0.0898730412612898,"upper_bound":-0.08475804983074392},"point_estimate":-0.08742015570417894,"standard_error":0.0013129559398580928},"median":{"confidence_interval":{"confidence_level":0.95,"lower_bound":-0.09081875553265939,"upper_bound":-0.08373838788081611},"point_estimate":-0.08894883946800991,"standard_error":0.0018976442386836013}}