{"mean":{"confidence_interval":{"confidence_level":0.95,"lower_bound":-0.09414796594461369,"upper_bound":-0.09127985350533531},"point_estimate":-0.09269695385823407,"standard_error":0.0007314293155856756},"median":{"confidence_interval":{"confidence_level":0.95,"lower_bound":-0.09459597453401347,"upper_bound":-0.09132851762675742},"point_estimate":-0.09321266999505351,"standard_error":0.0008472331569083125}}