{"mean":{"confidence_interval":{"confidence_level":0.95,"lower_bound":1478066730.13375,"upper_bound":1486045722.14125},"point_estimate":1482851554.15,"standard_error":2156102.4755606176},"median":{"confidence_interval":{"confidence_level":0.95,"lower_bound":1482178167.0,"upper_bound":1486653676.0},"point_estimate":1485056512.75,"standard_error":1457978.4465091133},"median_abs_dev":{"confidence_interval":{"confidence_level":0.95,"lower_bound":80868.04491430521,"upper_bound":5724025.68487823},"point_estimate":2419998.640586436,"standard_error":1442150.620112543},"slope":null,"std_dev":{"confidence_interval":{"confidence_level":0.95,"lower_bound":1618574.3679899604,"upper_bound":10881014.813426347},"point_estimate":7203112.368385473,"standard_error":3057134.129780212}}