{"mean":{"confidence_interval":{"confidence_level":0.95,"lower_bound":2618144136.255,"upper_bound":2624171032.9474998},"point_estimate":2621229769.0,"standard_error":1546686.0639134275},"median":{"confidence_interval":{"confidence_level":0.95,"lower_bound":2617674724.0,"upper_bound":2626371238.0},"point_estimate":2620907416.0,"standard_error":2244137.162336086},"median_abs_dev":{"confidence_interval":{"confidence_level":0.95,"lower_bound":1276216.1269426346,"upper_bound":9578923.498240113},"point_estimate":5185870.805132389,"standard_error":2077427.6369043025},"slope":null,"std_dev":{"confidence_interval":{"confidence_level":0.95,"lower_bound":3012467.7513397676,"upper_bound":6579963.8274023095},"point_estimate":5166368.433497944,"standard_error":950263.964045992}}