{"mean":{"confidence_interval":{"confidence_level":0.95,"lower_bound":-0.07357553297992112,"upper_bound":-0.07049226725077853},"point_estimate":-0.07208877268947833,"standard_error":0.000790032771263737},"median":{"confidence_interval":{"confidence_level":0.95,"lower_bound":-0.07396203388556366,"upper_bound":-0.07026288099346922},"point_estimate":-0.07282702400163388,"standard_error":0.0009223072314577779}}