{"mean":{"confidence_interval":{"confidence_level":0.95,"lower_bound":-0.09322258318116541,"upper_bound":-0.09097657412000018},"point_estimate":-0.09216939044525041,"standard_error":0.0005705048963277281},"median":{"confidence_interval":{"confidence_level":0.95,"lower_bound":-0.09363927727948063,"upper_bound":-0.09089827695234587},"point_estimate":-0.09253983722969472,"standard_error":0.0006838120829232821}}