{"mean":{"confidence_interval":{"confidence_level":0.95,"lower_bound":2801004779.1225004,"upper_bound":2807282156.4},"point_estimate":2804377073.6,"standard_error":1616465.807309911},"median":{"confidence_interval":{"confidence_level":0.95,"lower_bound":2801547736.5,"upper_bound":2808786040.0},"point_estimate":2805423771.5,"standard_error":1861144.7935020651},"median_abs_dev":{"confidence_interval":{"confidence_level":0.95,"lower_bound":1175717.3464268446,"upper_bound":8557620.421671867},"point_estimate":4570892.042550445,"standard_error":1823097.6433213253},"slope":null,"std_dev":{"confidence_interval":{"confidence_level":0.95,"lower_bound":2470238.5307932063,"upper_bound":7285806.78480903},"point_estimate":5373592.837403486,"standard_error":1355753.4722298903}}