{"mean":{"confidence_interval":{"confidence_level":0.95,"lower_bound":1706472808.0349998,"upper_bound":1710780807.85},"point_estimate":1708465476.2,"standard_error":1104383.9260611525},"median":{"confidence_interval":{"confidence_level":0.95,"lower_bound":1706702208.5,"upper_bound":1710551894.25},"point_estimate":1707817032.75,"standard_error":748220.6506900127},"median_abs_dev":{"confidence_interval":{"confidence_level":0.95,"lower_bound":80857.29606449604,"upper_bound":6288498.567406833},"point_estimate":1049230.0709724426,"standard_error":1652389.652175793},"slope":null,"std_dev":{"confidence_interval":{"confidence_level":0.95,"lower_bound":1037609.0838908738,"upper_bound":4971803.232082838},"point_estimate":3680290.8256509895,"standard_error":976668.7364858593}}