{"mean":{"confidence_interval":{"confidence_level":0.95,"lower_bound":-0.08485896352700745,"upper_bound":-0.0778056160438699},"point_estimate":-0.08146787146578849,"standard_error":0.0018080698522863288},"median":{"confidence_interval":{"confidence_level":0.95,"lower_bound":-0.08552752860594526,"upper_bound":-0.07398822755091827},"point_estimate":-0.08312536477919064,"standard_error":0.0027566040446058726}}