{"mean":{"confidence_interval":{"confidence_level":0.95,"lower_bound":3660583285.3,"upper_bound":3707712653.535},"point_estimate":3682631274.4,"standard_error":12137090.209648032},"median":{"confidence_interval":{"confidence_level":0.95,"lower_bound":3651269281.0,"upper_bound":3721736651.0},"point_estimate":3665207182.5,"standard_error":17648495.960985184},"median_abs_dev":{"confidence_interval":{"confidence_level":0.95,"lower_bound":2333439.6356731653,"upper_bound":62986277.64557004},"point_estimate":23133174.18180406,"standard_error":15739392.989773829},"slope":null,"std_dev":{"confidence_interval":{"confidence_level":0.95,"lower_bound":13152302.155056905,"upper_bound":49354196.955241896},"point_estimate":40531078.68786401,"standard_error":8034162.19148994}}