{"mean":{"confidence_interval":{"confidence_level":0.95,"lower_bound":2423014168.31,"upper_bound":2431576917.56},"point_estimate":2426653298.8,"standard_error":2235639.226901704},"median":{"confidence_interval":{"confidence_level":0.95,"lower_bound":2421630019.0,"upper_bound":2428974412.0},"point_estimate":2425062153.5,"standard_error":2081912.9654297386},"median_abs_dev":{"confidence_interval":{"confidence_level":0.95,"lower_bound":1136386.1930251122,"upper_bound":8934773.098576069},"point_estimate":5444398.434242606,"standard_error":1868038.6596169877},"slope":null,"std_dev":{"confidence_interval":{"confidence_level":0.95,"lower_bound":2566102.820116288,"upper_bound":10884812.678118447},"point_estimate":7437668.056731668,"standard_error":2614258.249174662}}