{"mean":{"confidence_interval":{"confidence_level":0.95,"lower_bound":1885396574.93375,"upper_bound":1892296582.05},"point_estimate":1888895181.05,"standard_error":1769524.770406958},"median":{"confidence_interval":{"confidence_level":0.95,"lower_bound":1884282014.0,"upper_bound":1894168384.0},"point_estimate":1888630924.5,"standard_error":2365168.1840005284},"median_abs_dev":{"confidence_interval":{"confidence_level":0.95,"lower_bound":1155135.8935922384,"upper_bound":10971116.008123755},"point_estimate":6590839.249639213,"standard_error":2489665.85549053},"slope":null,"std_dev":{"confidence_interval":{"confidence_level":0.95,"lower_bound":3407598.250402481,"upper_bound":7276067.0008280305},"point_estimate":5893432.164148746,"standard_error":993732.2086133228}}