{"mean":{"confidence_interval":{"confidence_level":0.95,"lower_bound":1039776962.73125,"upper_bound":1040877094.1},"point_estimate":1040309258.5,"standard_error":281918.42158202844},"median":{"confidence_interval":{"confidence_level":0.95,"lower_bound":1039367691.5,"upper_bound":1041012311.5},"point_estimate":1040297751.0,"standard_error":405535.40197786165},"median_abs_dev":{"confidence_interval":{"confidence_level":0.95,"lower_bound":221329.1957706213,"upper_bound":1633073.8634571433},"point_estimate":1117717.6648065448,"standard_error":357946.91457961063},"slope":null,"std_dev":{"confidence_interval":{"confidence_level":0.95,"lower_bound":536832.169745966,"upper_bound":1195952.1563392505},"point_estimate":936539.2193070899,"standard_error":174385.27950469186}}