{"mean":{"confidence_interval":{"confidence_level":0.95,"lower_bound":2348199114.1625,"upper_bound":2356589961.0},"point_estimate":2352646480.9,"standard_error":2145766.107971033},"median":{"confidence_interval":{"confidence_level":0.95,"lower_bound":2350097720.0,"upper_bound":2356408913.0},"point_estimate":2353052297.0,"standard_error":1939553.7493541688},"median_abs_dev":{"confidence_interval":{"confidence_level":0.95,"lower_bound":541212.7421915531,"upper_bound":10448559.562700987},"point_estimate":4466343.540206552,"standard_error":2374102.23727657},"slope":null,"std_dev":{"confidence_interval":{"confidence_level":0.95,"lower_bound":2490643.749124366,"upper_bound":10216091.48966734},"point_estimate":7143399.343737677,"standard_error":2058001.5693824333}}