{"mean":{"confidence_interval":{"confidence_level":0.95,"lower_bound":3039194296.32,"upper_bound":3045503338.22},"point_estimate":3042213407.9,"standard_error":1621755.5939107225},"median":{"confidence_interval":{"confidence_level":0.95,"lower_bound":3038751814.0,"upper_bound":3047098237.5},"point_estimate":3041187125.5,"standard_error":1871068.1800965455},"median_abs_dev":{"confidence_interval":{"confidence_level":0.95,"lower_bound":655656.8580597639,"upper_bound":9249609.133386612},"point_estimate":3608941.149428487,"standard_error":2219709.270449303},"slope":null,"std_dev":{"confidence_interval":{"confidence_level":0.95,"lower_bound":2202910.0350625506,"upper_bound":6964550.595722595},"point_estimate":5421207.46299757,"standard_error":1147460.314131552}}