{"mean":{"confidence_interval":{"confidence_level":0.95,"lower_bound":742913862.4666667,"upper_bound":745260536.1666666},"point_estimate":743994977.7333333,"standard_error":600946.4079731513},"median":{"confidence_interval":{"confidence_level":0.95,"lower_bound":742494839.6666666,"upper_bound":744456495.1666666},"point_estimate":744191599.5,"standard_error":504050.1677826103},"median_abs_dev":{"confidence_interval":{"confidence_level":0.95,"lower_bound":111251.08972495724,"upper_bound":2908350.392666459},"point_estimate":663769.3980157081,"standard_error":784434.454039213},"slope":null,"std_dev":{"confidence_interval":{"confidence_level":0.95,"lower_bound":683422.8097672554,"upper_bound":2858304.1227533},"point_estimate":2006538.869378817,"standard_error":602539.0254132131}}