{"mean":{"confidence_interval":{"confidence_level":0.95,"lower_bound":-0.09792863793048653,"upper_bound":-0.09148653367649365},"point_estimate":-0.09498584628855944,"standard_error":0.0016292222837565385},"median":{"confidence_interval":{"confidence_level":0.95,"lower_bound":-0.09809717660717843,"upper_bound":-0.09239631290964201},"point_estimate":-0.09652629628228071,"standard_error":0.0014344244309476728}}