{"mean":{"confidence_interval":{"confidence_level":0.95,"lower_bound":-0.1396194321349366,"upper_bound":-0.13701375561522788},"point_estimate":-0.1384119764485655,"standard_error":0.0006729051158535969},"median":{"confidence_interval":{"confidence_level":0.95,"lower_bound":-0.14010907231060277,"upper_bound":-0.13737474672374528},"point_estimate":-0.13906921002748718,"standard_error":0.0006395724939065279}}