{"mean":{"confidence_interval":{"confidence_level":0.95,"lower_bound":4811269979.7,"upper_bound":4816860589.5},"point_estimate":4814148387.4,"standard_error":1432252.8904529198},"median":{"confidence_interval":{"confidence_level":0.95,"lower_bound":4810539930.5,"upper_bound":4817908367.5},"point_estimate":4815094419.0,"standard_error":1781217.3673206554},"median_abs_dev":{"confidence_interval":{"confidence_level":0.95,"lower_bound":604532.3631674051,"upper_bound":7781483.04195106},"point_estimate":4913872.272661328,"standard_error":1920520.2011191032},"slope":null,"std_dev":{"confidence_interval":{"confidence_level":0.95,"lower_bound":2524484.8217186267,"upper_bound":6143481.521011432},"point_estimate":4762712.788440269,"standard_error":940402.0209844091}}