{"mean":{"confidence_interval":{"confidence_level":0.95,"lower_bound":-0.13644935462651628,"upper_bound":-0.11546697965792263},"point_estimate":-0.1266987626441155,"standard_error":0.0053745371786990594},"median":{"confidence_interval":{"confidence_level":0.95,"lower_bound":-0.14018670822601598,"upper_bound":-0.12018502522741925},"point_estimate":-0.13609325692066354,"standard_error":0.005556169404154424}}