{"mean":{"confidence_interval":{"confidence_level":0.95,"lower_bound":1459907772.45,"upper_bound":1464553272.15},"point_estimate":1462054963.15,"standard_error":1201359.1100454116},"median":{"confidence_interval":{"confidence_level":0.95,"lower_bound":1459159414.75,"upper_bound":1464449090.0},"point_estimate":1460765568.5,"standard_error":1478831.7246067894},"median_abs_dev":{"confidence_interval":{"confidence_level":0.95,"lower_bound":199474.56020861864,"upper_bound":6756615.053746104},"point_estimate":4628833.161471784,"standard_error":1718581.9805795455},"slope":null,"std_dev":{"confidence_interval":{"confidence_level":0.95,"lower_bound":1900999.9053462015,"upper_bound":5413214.568194526},"point_estimate":3997744.510660696,"standard_error":979885.8030742353}}