{"mean":{"confidence_interval":{"confidence_level":0.95,"lower_bound":-0.09609045288372701,"upper_bound":-0.09112613885741619},"point_estimate":-0.09363748707019814,"standard_error":0.0012638236563267172},"median":{"confidence_interval":{"confidence_level":0.95,"lower_bound":-0.0978284245155484,"upper_bound":-0.08967901587452864},"point_estimate":-0.09385894848307985,"standard_error":0.001936014879580819}}