{"mean":{"confidence_interval":{"confidence_level":0.95,"lower_bound":3136936558.3199997,"upper_bound":3143088032.46},"point_estimate":3139945517.6,"standard_error":1578728.9541540856},"median":{"confidence_interval":{"confidence_level":0.95,"lower_bound":3135302343.0,"upper_bound":3144641298.0},"point_estimate":3139035626.0,"standard_error":2397840.8773439736},"median_abs_dev":{"confidence_interval":{"confidence_level":0.95,"lower_bound":365936.06680333614,"upper_bound":9146288.965120912},"point_estimate":5464757.497081161,"standard_error":2115144.8612551256},"slope":null,"std_dev":{"confidence_interval":{"confidence_level":0.95,"lower_bound":3071537.5934747225,"upper_bound":6432137.164495556},"point_estimate":5268091.996299402,"standard_error":852671.9486589005}}