{"mean":{"confidence_interval":{"confidence_level":0.95,"lower_bound":888749860.7258332,"upper_bound":893272963.1558336},"point_estimate":890832991.2333332,"standard_error":1163311.1833122214},"median":{"confidence_interval":{"confidence_level":0.95,"lower_bound":887713851.0,"upper_bound":893054433.6666666},"point_estimate":890288603.1666667,"standard_error":1743672.647942052},"median_abs_dev":{"confidence_interval":{"confidence_level":0.95,"lower_bound":385356.8909584887,"upper_bound":6777495.003375293},"point_estimate":3797775.707375944,"standard_error":1625476.8336261597},"slope":null,"std_dev":{"confidence_interval":{"confidence_level":0.95,"lower_bound":1974887.2022998817,"upper_bound":5250565.4813478645},"point_estimate":3877668.3924649716,"standard_error":956165.9656401572}}