{"mean":{"confidence_interval":{"confidence_level":0.95,"lower_bound":2234418112.1,"upper_bound":2247672168.3925},"point_estimate":2240537559.1,"standard_error":3405148.142687903},"median":{"confidence_interval":{"confidence_level":0.95,"lower_bound":2233074727.0,"upper_bound":2247928533.0},"point_estimate":2238645929.0,"standard_error":3046415.5287796105},"median_abs_dev":{"confidence_interval":{"confidence_level":0.95,"lower_bound":1601330.2860707045,"upper_bound":18229484.405761957},"point_estimate":6313829.899907112,"standard_error":4533577.748490846},"slope":null,"std_dev":{"confidence_interval":{"confidence_level":0.95,"lower_bound":4309067.995796815,"upper_bound":14912870.306980012},"point_estimate":11337216.4830935,"standard_error":2793845.2689089742}}