{"mean":{"confidence_interval":{"confidence_level":0.95,"lower_bound":1582198772.6312501,"upper_bound":1584568399.2},"point_estimate":1583335871.2,"standard_error":608363.6470964885},"median":{"confidence_interval":{"confidence_level":0.95,"lower_bound":1581385228.5,"upper_bound":1585099008.5},"point_estimate":1582982331.5,"standard_error":932233.2966892632},"median_abs_dev":{"confidence_interval":{"confidence_level":0.95,"lower_bound":344494.335334003,"upper_bound":3454579.1412189603},"point_estimate":2378960.643965006,"standard_error":799336.613408344},"slope":null,"std_dev":{"confidence_interval":{"confidence_level":0.95,"lower_bound":1093786.7708808964,"upper_bound":2449010.918988908},"point_estimate":2029545.3060989247,"standard_error":333426.03023937606}}