{"mean":{"confidence_interval":{"confidence_level":0.95,"lower_bound":19037338.760619048,"upper_bound":19195581.45059871},"point_estimate":19115995.110924605,"standard_error":40657.210706709055},"median":{"confidence_interval":{"confidence_level":0.95,"lower_bound":18972225.783333335,"upper_bound":19274304.0375},"point_estimate":19109919.200000003,"standard_error":73847.39578576147},"median_abs_dev":{"confidence_interval":{"confidence_level":0.95,"lower_bound":15713.827961852641,"upper_bound":225795.8000013209},"point_estimate":206164.92355284307,"standard_error":59130.03919963338},"slope":{"confidence_interval":{"confidence_level":0.95,"lower_bound":19014695.07539014,"upper_bound":19257055.297988992},"point_estimate":19174537.63012987,"standard_error":60016.06099841665},"std_dev":{"confidence_interval":{"confidence_level":0.95,"lower_bound":86138.12252144757,"upper_bound":157293.75548186063},"point_estimate":135640.13286432496,"standard_error":17934.46674329361}}