{"mean":{"confidence_interval":{"confidence_level":0.95,"lower_bound":2537776193.6075,"upper_bound":2543434306.5474997},"point_estimate":2540603608.7,"standard_error":1451270.1869983329},"median":{"confidence_interval":{"confidence_level":0.95,"lower_bound":2536734124.5,"upper_bound":2545968724.0},"point_estimate":2540308591.5,"standard_error":2374304.59879881},"median_abs_dev":{"confidence_interval":{"confidence_level":0.95,"lower_bound":992216.6889846325,"upper_bound":7995891.46104455},"point_estimate":5795613.024607301,"standard_error":1890523.6347146835},"slope":null,"std_dev":{"confidence_interval":{"confidence_level":0.95,"lower_bound":2991060.3085887907,"upper_bound":5866109.146242185},"point_estimate":4850881.464716698,"standard_error":733174.3583919845}}