{"mean":{"confidence_interval":{"confidence_level":0.95,"lower_bound":2309815364.2,"upper_bound":2313248497.4824996},"point_estimate":2311495243.6,"standard_error":881691.5115438262},"median":{"confidence_interval":{"confidence_level":0.95,"lower_bound":2308773853.0,"upper_bound":2314247916.0},"point_estimate":2311603273.0,"standard_error":1292353.7903852698},"median_abs_dev":{"confidence_interval":{"confidence_level":0.95,"lower_bound":547613.1262779236,"upper_bound":5316369.996115565},"point_estimate":3537321.192499995,"standard_error":1311398.4247986814},"slope":null,"std_dev":{"confidence_interval":{"confidence_level":0.95,"lower_bound":1672757.3195213634,"upper_bound":3602049.5971306004},"point_estimate":2931374.97588476,"standard_error":494323.59286624234}}