{"mean":{"confidence_interval":{"confidence_level":0.95,"lower_bound":-0.09309641129663077,"upper_bound":-0.07015115026994495},"point_estimate":-0.08251441195457421,"standard_error":0.006150629397154665},"median":{"confidence_interval":{"confidence_level":0.95,"lower_bound":-0.09624474267179906,"upper_bound":-0.07332096341375316},"point_estimate":-0.08511035997165073,"standard_error":0.006144271362476282}}