{"mean":{"confidence_interval":{"confidence_level":0.95,"lower_bound":3631753825.28,"upper_bound":3672462683.6},"point_estimate":3651724167.9,"standard_error":10450072.075401023},"median":{"confidence_interval":{"confidence_level":0.95,"lower_bound":3620793955.5,"upper_bound":3686929599.0},"point_estimate":3647548562.5,"standard_error":19487612.288633883},"median_abs_dev":{"confidence_interval":{"confidence_level":0.95,"lower_bound":5729208.113086224,"upper_bound":53960588.55140805},"point_estimate":41695438.52985799,"standard_error":14549796.680660814},"slope":null,"std_dev":{"confidence_interval":{"confidence_level":0.95,"lower_bound":22019745.029989485,"upper_bound":40181206.72270151},"point_estimate":34719618.758659974,"standard_error":4609609.963115021}}