{"mean":{"confidence_interval":{"confidence_level":0.95,"lower_bound":1377658242.1775,"upper_bound":1380830790.74},"point_estimate":1379211185.25,"standard_error":805368.4381939669},"median":{"confidence_interval":{"confidence_level":0.95,"lower_bound":1377969743.75,"upper_bound":1380584120.0},"point_estimate":1379163407.25,"standard_error":721805.810494118},"median_abs_dev":{"confidence_interval":{"confidence_level":0.95,"lower_bound":164365.11023193598,"upper_bound":4235372.996807098},"point_estimate":1785706.0481473804,"standard_error":948237.441617398},"slope":null,"std_dev":{"confidence_interval":{"confidence_level":0.95,"lower_bound":945244.6001114098,"upper_bound":3701648.0291657182},"point_estimate":2692027.2196260206,"standard_error":736091.5978242218}}