{"mean":{"confidence_interval":{"confidence_level":0.95,"lower_bound":-0.10016992673279047,"upper_bound":-0.09270678276776498},"point_estimate":-0.09580688141211391,"standard_error":0.0019560920341432477},"median":{"confidence_interval":{"confidence_level":0.95,"lower_bound":-0.09681118039643899,"upper_bound":-0.09220071089737525},"point_estimate":-0.09537455569321107,"standard_error":0.0013874020991864794}}