{"mean":{"confidence_interval":{"confidence_level":0.95,"lower_bound":798817134.4666667,"upper_bound":801674351.1},"point_estimate":799955221.9000001,"standard_error":773907.6708915088},"median":{"confidence_interval":{"confidence_level":0.95,"lower_bound":798506591.6666666,"upper_bound":800514668.6666666},"point_estimate":799155986.3333334,"standard_error":510334.0714791569},"median_abs_dev":{"confidence_interval":{"confidence_level":0.95,"lower_bound":164208.0781846944,"upper_bound":2160715.5032397495},"point_estimate":1021996.439156054,"standard_error":523335.87559082085},"slope":null,"std_dev":{"confidence_interval":{"confidence_level":0.95,"lower_bound":452197.17675439856,"upper_bound":3901882.3187186993},"point_estimate":2583996.5937357657,"standard_error":1097924.298200288}}