{"mean":{"confidence_interval":{"confidence_level":0.95,"lower_bound":1294241747.44125,"upper_bound":1295682032.0687501},"point_estimate":1294990107.2,"standard_error":368433.30296944024},"median":{"confidence_interval":{"confidence_level":0.95,"lower_bound":1294247629.75,"upper_bound":1295971583.5},"point_estimate":1295160555.75,"standard_error":413347.2837617626},"median_abs_dev":{"confidence_interval":{"confidence_level":0.95,"lower_bound":168065.67976623774,"upper_bound":2087370.2941417694},"point_estimate":1269907.6640546322,"standard_error":468723.97688871494},"slope":null,"std_dev":{"confidence_interval":{"confidence_level":0.95,"lower_bound":623087.9586428923,"upper_bound":1610209.855930985},"point_estimate":1231643.110593735,"standard_error":258796.55417386428}}