{"mean":{"confidence_interval":{"confidence_level":0.95,"lower_bound":806377274.8,"upper_bound":807079630.9133333},"point_estimate":806730922.5666667,"standard_error":179773.2595642052},"median":{"confidence_interval":{"confidence_level":0.95,"lower_bound":806127496.8333333,"upper_bound":807241990.6666666},"point_estimate":806831110.6666666,"standard_error":343599.7907382707},"median_abs_dev":{"confidence_interval":{"confidence_level":0.95,"lower_bound":24703.327861546088,"upper_bound":945086.8126212372},"point_estimate":771133.1106096801,"standard_error":242484.00025587552},"slope":null,"std_dev":{"confidence_interval":{"confidence_level":0.95,"lower_bound":388608.4477246106,"upper_bound":704370.1679747546},"point_estimate":598903.5765035892,"standard_error":80068.4366152972}}