{"mean":{"confidence_interval":{"confidence_level":0.95,"lower_bound":2940723266.1,"upper_bound":2949286591.4925003},"point_estimate":2944932553.8,"standard_error":2185343.112277031},"median":{"confidence_interval":{"confidence_level":0.95,"lower_bound":2939054278.0,"upper_bound":2947666970.0},"point_estimate":2946283525.5,"standard_error":1949815.2921559107},"median_abs_dev":{"confidence_interval":{"confidence_level":0.95,"lower_bound":547523.428979516,"upper_bound":12924440.73214531},"point_estimate":3121900.386375189,"standard_error":3406904.8992637233},"slope":null,"std_dev":{"confidence_interval":{"confidence_level":0.95,"lower_bound":2289801.757842974,"upper_bound":10030220.987946808},"point_estimate":7299298.0892531,"standard_error":1815974.95135937}}