{"mean":{"confidence_interval":{"confidence_level":0.95,"lower_bound":2665236200.5525,"upper_bound":2673712660.0},"point_estimate":2669143559.2,"standard_error":2179077.504135486},"median":{"confidence_interval":{"confidence_level":0.95,"lower_bound":2663155910.0,"upper_bound":2673651049.0},"point_estimate":2668276580.0,"standard_error":2656177.703432202},"median_abs_dev":{"confidence_interval":{"confidence_level":0.95,"lower_bound":1665186.6082370281,"upper_bound":11705698.334482312},"point_estimate":7238174.6446967125,"standard_error":2470228.9488861216},"slope":null,"std_dev":{"confidence_interval":{"confidence_level":0.95,"lower_bound":3385561.1999394596,"upper_bound":9812771.20652072},"point_estimate":7237953.249074351,"standard_error":1818965.507368095}}