{"mean":{"confidence_interval":{"confidence_level":0.95,"lower_bound":1671097003.1,"upper_bound":1676740633.9},"point_estimate":1673676671.65,"standard_error":1449895.1673755094},"median":{"confidence_interval":{"confidence_level":0.95,"lower_bound":1670711507.25,"upper_bound":1675818787.5},"point_estimate":1672877884.75,"standard_error":1308053.687724871},"median_abs_dev":{"confidence_interval":{"confidence_level":0.95,"lower_bound":632223.9948257804,"upper_bound":7100677.21118778},"point_estimate":2897419.9243605137,"standard_error":1530969.621275602},"slope":null,"std_dev":{"confidence_interval":{"confidence_level":0.95,"lower_bound":1821914.043659208,"upper_bound":6804024.767670927},"point_estimate":4838416.993206743,"standard_error":1391013.851986974}}