{"mean":{"confidence_interval":{"confidence_level":0.95,"lower_bound":-0.10041542467089616,"upper_bound":-0.09753586293192601},"point_estimate":-0.09883477840393728,"standard_error":0.0007488170629990417},"median":{"confidence_interval":{"confidence_level":0.95,"lower_bound":-0.09930855624105672,"upper_bound":-0.09679653655622755},"point_estimate":-0.09780375480868264,"standard_error":0.0007497347568505159}}