{"mean":{"confidence_interval":{"confidence_level":0.95,"lower_bound":2707498565.7125,"upper_bound":2726173949.4},"point_estimate":2717336278.0,"standard_error":4857221.154624524},"median":{"confidence_interval":{"confidence_level":0.95,"lower_bound":2705589024.5,"upper_bound":2723820486.5},"point_estimate":2722271288.5,"standard_error":3873663.368550186},"median_abs_dev":{"confidence_interval":{"confidence_level":0.95,"lower_bound":694790.0843650103,"upper_bound":27148576.044416428},"point_estimate":3604626.0422050953,"standard_error":6838855.816970263},"slope":null,"std_dev":{"confidence_interval":{"confidence_level":0.95,"lower_bound":2560979.9455466196,"upper_bound":21358790.205220092},"point_estimate":16211204.794353146,"standard_error":4167213.4022322157}}