{"mean":{"confidence_interval":{"confidence_level":0.95,"lower_bound":3621343598.3,"upper_bound":3651953039.3424997},"point_estimate":3636508603.6,"standard_error":7804258.251363728},"median":{"confidence_interval":{"confidence_level":0.95,"lower_bound":3616344439.0,"upper_bound":3651777539.5},"point_estimate":3642323064.5,"standard_error":9986781.750396973},"median_abs_dev":{"confidence_interval":{"confidence_level":0.95,"lower_bound":2871550.037419796,"upper_bound":46463781.01300299},"point_estimate":28208492.695999146,"standard_error":11399894.065638358},"slope":null,"std_dev":{"confidence_interval":{"confidence_level":0.95,"lower_bound":13448166.954922175,"upper_bound":34288080.35663396},"point_estimate":25941573.46691783,"standard_error":5376145.699535886}}