{"mean":{"confidence_interval":{"confidence_level":0.95,"lower_bound":-0.09396477162820066,"upper_bound":-0.09195453280773838},"point_estimate":-0.09297730709157581,"standard_error":0.000513638169230972},"median":{"confidence_interval":{"confidence_level":0.95,"lower_bound":-0.09476092632366129,"upper_bound":-0.09107073052428194},"point_estimate":-0.09290726567523777,"standard_error":0.0009199211460339093}}