{"mean":{"confidence_interval":{"confidence_level":0.95,"lower_bound":3905483998.8,"upper_bound":3913297918.0525},"point_estimate":3909108201.4,"standard_error":2006947.4346655984},"median":{"confidence_interval":{"confidence_level":0.95,"lower_bound":3903549164.5,"upper_bound":3913659774.5},"point_estimate":3907047730.0,"standard_error":2963233.2015257943},"median_abs_dev":{"confidence_interval":{"confidence_level":0.95,"lower_bound":1014996.0962802172,"upper_bound":12087714.680600166},"point_estimate":6486727.002337575,"standard_error":2691028.5614137473},"slope":null,"std_dev":{"confidence_interval":{"confidence_level":0.95,"lower_bound":3276936.721318097,"upper_bound":8799665.950621916},"point_estimate":6692139.547344502,"standard_error":1507268.4909825695}}