{"mean":{"confidence_interval":{"confidence_level":0.95,"lower_bound":2983642243.2,"upper_bound":2998606606.0075},"point_estimate":2990528921.8,"standard_error":3833916.036088501},"median":{"confidence_interval":{"confidence_level":0.95,"lower_bound":2981535764.5,"upper_bound":2999852091.5},"point_estimate":2985584192.0,"standard_error":4664124.743328648},"median_abs_dev":{"confidence_interval":{"confidence_level":0.95,"lower_bound":1280309.5854699612,"upper_bound":20682708.482408524},"point_estimate":6559091.224452853,"standard_error":4677863.213011576},"slope":null,"std_dev":{"confidence_interval":{"confidence_level":0.95,"lower_bound":4068892.6808055723,"upper_bound":15823612.860126302},"point_estimate":12735915.877275176,"standard_error":2895406.2695324128}}