{"mean":{"confidence_interval":{"confidence_level":0.95,"lower_bound":2268965409.19,"upper_bound":2274308910.23},"point_estimate":2271562181.9,"standard_error":1374556.7756175492},"median":{"confidence_interval":{"confidence_level":0.95,"lower_bound":2267837101.0,"upper_bound":2275645531.0},"point_estimate":2271030155.0,"standard_error":1925543.2157677663},"median_abs_dev":{"confidence_interval":{"confidence_level":0.95,"lower_bound":1133545.531475544,"upper_bound":7927468.730959296},"point_estimate":4936467.837560177,"standard_error":1678179.9987101015},"slope":null,"std_dev":{"confidence_interval":{"confidence_level":0.95,"lower_bound":2524386.657070009,"upper_bound":5825219.717170317},"point_estimate":4571682.605586662,"standard_error":851353.1400756188}}