{"mean":{"confidence_interval":{"confidence_level":0.95,"lower_bound":-0.08990995155291748,"upper_bound":-0.0854078471280098},"point_estimate":-0.08754692348700688,"standard_error":0.001148349458307952},"median":{"confidence_interval":{"confidence_level":0.95,"lower_bound":-0.09075188006502855,"upper_bound":-0.08532814111182674},"point_estimate":-0.08643258079531058,"standard_error":0.0013770634352537991}}