{"mean":{"confidence_interval":{"confidence_level":0.95,"lower_bound":1308791208.2,"upper_bound":1311248124.525},"point_estimate":1310002378.05,"standard_error":628737.9210218906},"median":{"confidence_interval":{"confidence_level":0.95,"lower_bound":1308353303.75,"upper_bound":1311569576.5},"point_estimate":1309843424.5,"standard_error":811813.1178662616},"median_abs_dev":{"confidence_interval":{"confidence_level":0.95,"lower_bound":665365.6639873981,"upper_bound":3496405.881026387},"point_estimate":1973158.5758194327,"standard_error":773503.7202010363},"slope":null,"std_dev":{"confidence_interval":{"confidence_level":0.95,"lower_bound":1149364.4460787894,"upper_bound":2713585.0284513845},"point_estimate":2102908.2521923915,"standard_error":402430.1243682839}}