{"mean":{"confidence_interval":{"confidence_level":0.95,"lower_bound":3690481217.5,"upper_bound":3757892882.6899996},"point_estimate":3721774651.4,"standard_error":17283197.734110203},"median":{"confidence_interval":{"confidence_level":0.95,"lower_bound":3680840403.0,"upper_bound":3756833262.5},"point_estimate":3714752647.5,"standard_error":16894653.52644844},"median_abs_dev":{"confidence_interval":{"confidence_level":0.95,"lower_bound":5613377.0249426365,"upper_bound":94592837.59024143},"point_estimate":35183246.390372515,"standard_error":23264637.685693096},"slope":null,"std_dev":{"confidence_interval":{"confidence_level":0.95,"lower_bound":25224801.000205055,"upper_bound":76995873.43859424},"point_estimate":57746600.78448859,"standard_error":13958196.69336989}}