{"mean":{"confidence_interval":{"confidence_level":0.95,"lower_bound":1235641563.65375,"upper_bound":1239003303.28125},"point_estimate":1237328162.35,"standard_error":860120.2017490318},"median":{"confidence_interval":{"confidence_level":0.95,"lower_bound":1235024238.5,"upper_bound":1239827321.25},"point_estimate":1236997962.0,"standard_error":1133216.8774110167},"median_abs_dev":{"confidence_interval":{"confidence_level":0.95,"lower_bound":280565.7364189625,"upper_bound":5073295.506531},"point_estimate":3263932.722553611,"standard_error":1162959.9963937},"slope":null,"std_dev":{"confidence_interval":{"confidence_level":0.95,"lower_bound":1681042.1549400561,"upper_bound":3554311.8551016306},"point_estimate":2857828.0476431362,"standard_error":483048.8411152907}}