{"mean":{"confidence_interval":{"confidence_level":0.95,"lower_bound":-0.10411009913586583,"upper_bound":-0.10100330653987072},"point_estimate":-0.10261036698717463,"standard_error":0.0007916575813341493},"median":{"confidence_interval":{"confidence_level":0.95,"lower_bound":-0.10468367946921875,"upper_bound":-0.10123238531205103},"point_estimate":-0.10383206466631656,"standard_error":0.0009510370063018338}}