{"mean":{"confidence_interval":{"confidence_level":0.95,"lower_bound":-0.11415843823846421,"upper_bound":-0.09211044468439847},"point_estimate":-0.10011083633348405,"standard_error":0.006529055300471321},"median":{"confidence_interval":{"confidence_level":0.95,"lower_bound":-0.09589008048023118,"upper_bound":-0.09096259429362274},"point_estimate":-0.09364450305734773,"standard_error":0.0018494526803574459}}