{"mean":{"confidence_interval":{"confidence_level":0.95,"lower_bound":1907101022.5925,"upper_bound":1924224832.15},"point_estimate":1915392382.45,"standard_error":4397948.469388919},"median":{"confidence_interval":{"confidence_level":0.95,"lower_bound":1901673839.0,"upper_bound":1930400459.5},"point_estimate":1913540180.5,"standard_error":6532224.945060282},"median_abs_dev":{"confidence_interval":{"confidence_level":0.95,"lower_bound":2710055.611386895,"upper_bound":23867519.29216683},"point_estimate":19964097.46426642,"standard_error":5896139.789860511},"slope":null,"std_dev":{"confidence_interval":{"confidence_level":0.95,"lower_bound":8104324.734653244,"upper_bound":18003191.16367173},"point_estimate":14647114.412844228,"standard_error":2458055.349087094}}