{"mean":{"confidence_interval":{"confidence_level":0.95,"lower_bound":-0.13672579213056318,"upper_bound":-0.13119589746056365},"point_estimate":-0.13366818655462687,"standard_error":0.00143276363534976},"median":{"confidence_interval":{"confidence_level":0.95,"lower_bound":-0.1350399290739699,"upper_bound":-0.1304232596386865},"point_estimate":-0.1324627346725783,"standard_error":0.001148101407227623}}