{"mean":{"confidence_interval":{"confidence_level":0.95,"lower_bound":-0.09224968087709692,"upper_bound":-0.0899868766454672},"point_estimate":-0.0911464246331758,"standard_error":0.0005768843111337449},"median":{"confidence_interval":{"confidence_level":0.95,"lower_bound":-0.09271320520031479,"upper_bound":-0.08913925529124378},"point_estimate":-0.09174416028269139,"standard_error":0.0009205120759338673}}