{"mean":{"confidence_interval":{"confidence_level":0.95,"lower_bound":3282134826.0,"upper_bound":3289290476.6},"point_estimate":3285391618.0,"standard_error":1839311.2325371818},"median":{"confidence_interval":{"confidence_level":0.95,"lower_bound":3281235222.5,"upper_bound":3288279719.0},"point_estimate":3284220985.5,"standard_error":1672324.6775331227},"median_abs_dev":{"confidence_interval":{"confidence_level":0.95,"lower_bound":571601.5938520432,"upper_bound":9291441.43294394},"point_estimate":4783170.706781745,"standard_error":2337145.4326657383},"slope":null,"std_dev":{"confidence_interval":{"confidence_level":0.95,"lower_bound":2467690.0378361945,"upper_bound":8346300.438244194},"point_estimate":6111277.448032631,"standard_error":1629391.997049022}}