{"mean":{"confidence_interval":{"confidence_level":0.95,"lower_bound":1331820184.71625,"upper_bound":1336458089.65625},"point_estimate":1333950783.05,"standard_error":1195075.455622248},"median":{"confidence_interval":{"confidence_level":0.95,"lower_bound":1331016930.75,"upper_bound":1336547980.25},"point_estimate":1332680498.5,"standard_error":1414122.8162582451},"median_abs_dev":{"confidence_interval":{"confidence_level":0.95,"lower_bound":623711.2764269114,"upper_bound":6270617.299774289},"point_estimate":3776399.704505503,"standard_error":1399394.8321782679},"slope":null,"std_dev":{"confidence_interval":{"confidence_level":0.95,"lower_bound":1724462.4614732536,"upper_bound":5331336.827330231},"point_estimate":3983435.7215802586,"standard_error":989795.4422013698}}