{"mean":{"confidence_interval":{"confidence_level":0.95,"lower_bound":1995140321.75375,"upper_bound":1998993811.67375},"point_estimate":1997258898.4,"standard_error":991591.5230064894},"median":{"confidence_interval":{"confidence_level":0.95,"lower_bound":1995300285.25,"upper_bound":1999551668.75},"point_estimate":1997777802.5,"standard_error":944814.4896747177},"median_abs_dev":{"confidence_interval":{"confidence_level":0.95,"lower_bound":172654.32668477297,"upper_bound":5259981.530016661},"point_estimate":1998070.3325271606,"standard_error":1214113.31986964},"slope":null,"std_dev":{"confidence_interval":{"confidence_level":0.95,"lower_bound":1196785.4601386907,"upper_bound":4455681.449540496},"point_estimate":3294953.801482173,"standard_error":884957.3649131389}}