{"mean":{"confidence_interval":{"confidence_level":0.95,"lower_bound":1363362912.75,"upper_bound":1369344859.25},"point_estimate":1366057209.95,"standard_error":1532741.378841699},"median":{"confidence_interval":{"confidence_level":0.95,"lower_bound":1362537203.0,"upper_bound":1369326199.0},"point_estimate":1363671983.0,"standard_error":1602256.437279504},"median_abs_dev":{"confidence_interval":{"confidence_level":0.95,"lower_bound":158171.9194918871,"upper_bound":7829358.789651096},"point_estimate":1972324.983984232,"standard_error":1748786.213267007},"slope":null,"std_dev":{"confidence_interval":{"confidence_level":0.95,"lower_bound":1203585.2504871064,"upper_bound":6596658.347048302},"point_estimate":5130820.995443969,"standard_error":1352351.6954085608}}