{"mean":{"confidence_interval":{"confidence_level":0.95,"lower_bound":-0.0895077712844518,"upper_bound":-0.08577700154483532},"point_estimate":-0.0874814163008496,"standard_error":0.000958738288319467},"median":{"confidence_interval":{"confidence_level":0.95,"lower_bound":-0.08915484879991198,"upper_bound":-0.08515269676014536},"point_estimate":-0.08655235176703224,"standard_error":0.001037773188779002}}