{"mean":{"confidence_interval":{"confidence_level":0.95,"lower_bound":1430305992.9412498,"upper_bound":1443420839.4925},"point_estimate":1437184143.3,"standard_error":3371465.7234887807},"median":{"confidence_interval":{"confidence_level":0.95,"lower_bound":1426881508.5,"upper_bound":1446101426.0},"point_estimate":1442964756.5,"standard_error":5442797.979735622},"median_abs_dev":{"confidence_interval":{"confidence_level":0.95,"lower_bound":724028.0677959323,"upper_bound":17130944.54226494},"point_estimate":8274838.939592242,"standard_error":4929686.382877633},"slope":null,"std_dev":{"confidence_interval":{"confidence_level":0.95,"lower_bound":5837913.742721729,"upper_bound":13313829.524970582},"point_estimate":11212189.158179091,"standard_error":1886863.1195761173}}