{"mean":{"confidence_interval":{"confidence_level":0.95,"lower_bound":2060026695.755,"upper_bound":2067744293.9},"point_estimate":2063538770.3,"standard_error":1972836.1920497895},"median":{"confidence_interval":{"confidence_level":0.95,"lower_bound":2059512626.0,"upper_bound":2066012296.0},"point_estimate":2062966532.5,"standard_error":1510126.2708872568},"median_abs_dev":{"confidence_interval":{"confidence_level":0.95,"lower_bound":775553.9766311646,"upper_bound":9461552.730023861},"point_estimate":4254139.005973935,"standard_error":2242399.1812313157},"slope":null,"std_dev":{"confidence_interval":{"confidence_level":0.95,"lower_bound":2344951.1072993837,"upper_bound":9279273.863170175},"point_estimate":6558536.979284261,"standard_error":1940240.7839975506}}