{"mean":{"confidence_interval":{"confidence_level":0.95,"lower_bound":3333906850.8,"upper_bound":3368260585.3},"point_estimate":3349472858.0,"standard_error":8859347.639904719},"median":{"confidence_interval":{"confidence_level":0.95,"lower_bound":3328378824.5,"upper_bound":3362641061.0},"point_estimate":3345145593.5,"standard_error":8251906.612128928},"median_abs_dev":{"confidence_interval":{"confidence_level":0.95,"lower_bound":5838944.974038005,"upper_bound":41931049.61117506},"point_estimate":17684991.41112864,"standard_error":9447301.729481334},"slope":null,"std_dev":{"confidence_interval":{"confidence_level":0.95,"lower_bound":11695294.371371754,"upper_bound":41003552.95391335},"point_estimate":29540269.633133426,"standard_error":8380700.093575301}}