{"mean":{"confidence_interval":{"confidence_level":0.95,"lower_bound":2877444116.6275,"upper_bound":2884004521.0550003},"point_estimate":2880881892.1,"standard_error":1682888.8709503924},"median":{"confidence_interval":{"confidence_level":0.95,"lower_bound":2877620905.5,"upper_bound":2885252664.0},"point_estimate":2881695639.0,"standard_error":1636358.9911553},"median_abs_dev":{"confidence_interval":{"confidence_level":0.95,"lower_bound":774436.0962510109,"upper_bound":9859194.197264314},"point_estimate":3791629.342085123,"standard_error":2581080.154138688},"slope":null,"std_dev":{"confidence_interval":{"confidence_level":0.95,"lower_bound":2654677.664289812,"upper_bound":7335657.4780184915},"point_estimate":5610766.924445445,"standard_error":1223499.8464512876}}