{"mean":{"confidence_interval":{"confidence_level":0.95,"lower_bound":6309985293.4,"upper_bound":6313592297.46},"point_estimate":6311608990.0,"standard_error":925116.2547780486},"median":{"confidence_interval":{"confidence_level":0.95,"lower_bound":6309231836.0,"upper_bound":6313261966.5},"point_estimate":6311142144.0,"standard_error":1032073.1087778652},"median_abs_dev":{"confidence_interval":{"confidence_level":0.95,"lower_bound":232963.89906406403,"upper_bound":4345310.008755326},"point_estimate":2361417.038476467,"standard_error":1117866.9137974519},"slope":null,"std_dev":{"confidence_interval":{"confidence_level":0.95,"lower_bound":1222438.3068107045,"upper_bound":4254593.230686532},"point_estimate":3099600.755631208,"standard_error":852773.9958250695}}