{"mean":{"confidence_interval":{"confidence_level":0.95,"lower_bound":-0.090786401696505,"upper_bound":-0.08680873285031153},"point_estimate":-0.0887761922923006,"standard_error":0.0010196522298426918},"median":{"confidence_interval":{"confidence_level":0.95,"lower_bound":-0.09168632238083863,"upper_bound":-0.08570695390678296},"point_estimate":-0.08805652507123851,"standard_error":0.0015624898453648543}}