{"mean":{"confidence_interval":{"confidence_level":0.95,"lower_bound":-0.000016673345608090985,"upper_bound":0.004634918940420635},"point_estimate":0.0028287530093638047,"standard_error":0.0012659247769027514},"median":{"confidence_interval":{"confidence_level":0.95,"lower_bound":0.0030783796732536395,"upper_bound":0.00467430184434714},"point_estimate":0.003770974763887658,"standard_error":0.000483864597205437}}