{"mean":{"confidence_interval":{"confidence_level":0.95,"lower_bound":2042620132.6799998,"upper_bound":2048705801.7},"point_estimate":2045803017.1,"standard_error":1565077.1547300147},"median":{"confidence_interval":{"confidence_level":0.95,"lower_bound":2042433522.5,"upper_bound":2050146154.5},"point_estimate":2046269145.0,"standard_error":2200522.0186148155},"median_abs_dev":{"confidence_interval":{"confidence_level":0.95,"lower_bound":1511504.7427654266,"upper_bound":9296292.500057817},"point_estimate":5355024.3426293135,"standard_error":1870346.4648884104},"slope":null,"std_dev":{"confidence_interval":{"confidence_level":0.95,"lower_bound":2820978.4211638444,"upper_bound":6804799.805818365},"point_estimate":5211307.821681435,"standard_error":1086395.5752315132}}