{"mean":{"confidence_interval":{"confidence_level":0.95,"lower_bound":1908418237.8325,"upper_bound":1912511282.2975},"point_estimate":1910522535.35,"standard_error":1049211.8797170862},"median":{"confidence_interval":{"confidence_level":0.95,"lower_bound":1907363019.5,"upper_bound":1913613402.75},"point_estimate":1910873888.25,"standard_error":1735970.0040395118},"median_abs_dev":{"confidence_interval":{"confidence_level":0.95,"lower_bound":495195.8042085171,"upper_bound":5970185.094358027},"point_estimate":4062082.6347336173,"standard_error":1465209.020019769},"slope":null,"std_dev":{"confidence_interval":{"confidence_level":0.95,"lower_bound":2026461.804422461,"upper_bound":4186581.3601595634},"point_estimate":3490059.8131995853,"standard_error":545984.0479147279}}