{"mean":{"confidence_interval":{"confidence_level":0.95,"lower_bound":-0.05348191026409888,"upper_bound":-0.0354977509235442},"point_estimate":-0.04377350529147683,"standard_error":0.004627040687291045},"median":{"confidence_interval":{"confidence_level":0.95,"lower_bound":-0.0505689863655594,"upper_bound":-0.030308641507610146},"point_estimate":-0.04037773053464533,"standard_error":0.004349042290329858}}