{"mean":{"confidence_interval":{"confidence_level":0.95,"lower_bound":-0.07518517706525402,"upper_bound":-0.07203950387069628},"point_estimate":-0.07358864578067159,"standard_error":0.0008021047268968737},"median":{"confidence_interval":{"confidence_level":0.95,"lower_bound":-0.07554291843992622,"upper_bound":-0.07155661974299454},"point_estimate":-0.07385065484733011,"standard_error":0.00102467540008385}}