{"mean":{"confidence_interval":{"confidence_level":0.95,"lower_bound":-0.09045282792727385,"upper_bound":-0.08702692194341616},"point_estimate":-0.08877091153305527,"standard_error":0.0008724379779905094},"median":{"confidence_interval":{"confidence_level":0.95,"lower_bound":-0.09142482464081525,"upper_bound":-0.08635059500308084},"point_estimate":-0.08945383516816707,"standard_error":0.0013647379468285767}}