{"mean":{"confidence_interval":{"confidence_level":0.95,"lower_bound":3493277513.0225,"upper_bound":3519919956.2},"point_estimate":3503080707.1,"standard_error":7690073.608556098},"median":{"confidence_interval":{"confidence_level":0.95,"lower_bound":3491950488.5,"upper_bound":3498948189.0},"point_estimate":3497044446.0,"standard_error":2678929.5016077952},"median_abs_dev":{"confidence_interval":{"confidence_level":0.95,"lower_bound":422597.3312973976,"upper_bound":9304220.703417063},"point_estimate":5577820.57107389,"standard_error":2952982.918723417},"slope":null,"std_dev":{"confidence_interval":{"confidence_level":0.95,"lower_bound":2714372.028027993,"upper_bound":39425716.49577336},"point_estimate":25637809.273409225,"standard_error":13002406.507325554}}