{"mean":{"confidence_interval":{"confidence_level":0.95,"lower_bound":-0.09377235236127265,"upper_bound":-0.08689264054423293},"point_estimate":-0.09053855582463177,"standard_error":0.0017619906583094963},"median":{"confidence_interval":{"confidence_level":0.95,"lower_bound":-0.09345142521485061,"upper_bound":-0.08708918663045828},"point_estimate":-0.09246771420738953,"standard_error":0.001512036949993042}}