{"mean":{"confidence_interval":{"confidence_level":0.95,"lower_bound":3143015777.0,"upper_bound":3153592723.4},"point_estimate":3148075912.1,"standard_error":2704790.4825411416},"median":{"confidence_interval":{"confidence_level":0.95,"lower_bound":3141019468.5,"upper_bound":3154197681.0},"point_estimate":3147962754.0,"standard_error":3367146.024756026},"median_abs_dev":{"confidence_interval":{"confidence_level":0.95,"lower_bound":1843893.2786643505,"upper_bound":15701996.155133843},"point_estimate":9640974.754938483,"standard_error":3216825.430340021},"slope":null,"std_dev":{"confidence_interval":{"confidence_level":0.95,"lower_bound":4754456.079401096,"upper_bound":11781392.538457366},"point_estimate":9000559.8676443,"standard_error":1868931.836716837}}