{"mean":{"confidence_interval":{"confidence_level":0.95,"lower_bound":3425381994.8,"upper_bound":3447479463.975},"point_estimate":3435446465.7,"standard_error":5676171.484420498},"median":{"confidence_interval":{"confidence_level":0.95,"lower_bound":3422460664.5,"upper_bound":3449582428.0},"point_estimate":3427442677.0,"standard_error":6796844.785790424},"median_abs_dev":{"confidence_interval":{"confidence_level":0.95,"lower_bound":1461789.4591480494,"upper_bound":30847700.04374385},"point_estimate":8402662.037622929,"standard_error":7411076.121476154},"slope":null,"std_dev":{"confidence_interval":{"confidence_level":0.95,"lower_bound":3475478.422265593,"upper_bound":24788725.08926037},"point_estimate":18881321.635904897,"standard_error":4834369.93625274}}