{"mean":{"confidence_interval":{"confidence_level":0.95,"lower_bound":-0.09510069044101813,"upper_bound":-0.09183204743780886},"point_estimate":-0.09351780502145568,"standard_error":0.000837438149080823},"median":{"confidence_interval":{"confidence_level":0.95,"lower_bound":-0.0960196325539201,"upper_bound":-0.09183490381456927},"point_estimate":-0.0951024043492037,"standard_error":0.001160552853036824}}