{"mean":{"confidence_interval":{"confidence_level":0.95,"lower_bound":2103749427.8,"upper_bound":2111463726.5},"point_estimate":2107592572.6,"standard_error":1979343.1276764143},"median":{"confidence_interval":{"confidence_level":0.95,"lower_bound":2102438796.0,"upper_bound":2112642921.0},"point_estimate":2107801094.5,"standard_error":2348953.2388001382},"median_abs_dev":{"confidence_interval":{"confidence_level":0.95,"lower_bound":1263740.0481641293,"upper_bound":12196656.126666069},"point_estimate":6285205.3422153,"standard_error":2923855.000436351},"slope":null,"std_dev":{"confidence_interval":{"confidence_level":0.95,"lower_bound":3682165.4531840794,"upper_bound":8247235.481758544},"point_estimate":6560211.107196767,"standard_error":1184636.7062042078}}