{"mean":{"confidence_interval":{"confidence_level":0.95,"lower_bound":1718128307.65,"upper_bound":1723855240.95},"point_estimate":1720712616.7,"standard_error":1472060.5488373016},"median":{"confidence_interval":{"confidence_level":0.95,"lower_bound":1717250928.75,"upper_bound":1723714430.5},"point_estimate":1718864256.75,"standard_error":1517301.9270236217},"median_abs_dev":{"confidence_interval":{"confidence_level":0.95,"lower_bound":659199.9013468623,"upper_bound":7404766.620089114},"point_estimate":3428694.428278506,"standard_error":1718098.1846636652},"slope":null,"std_dev":{"confidence_interval":{"confidence_level":0.95,"lower_bound":1674190.7358399197,"upper_bound":6592176.718891585},"point_estimate":4896602.191894459,"standard_error":1321594.770476122}}