{"mean":{"confidence_interval":{"confidence_level":0.95,"lower_bound":9487116172.87,"upper_bound":9719718660.852499},"point_estimate":9587927556.9,"standard_error":60702592.30192834},"median":{"confidence_interval":{"confidence_level":0.95,"lower_bound":9467469523.0,"upper_bound":9679245199.0},"point_estimate":9522675911.5,"standard_error":48300590.204624414},"median_abs_dev":{"confidence_interval":{"confidence_level":0.95,"lower_bound":11691319.33863759,"upper_bound":250099118.68335307},"point_estimate":85340988.98959458,"standard_error":56093825.02990787},"slope":null,"std_dev":{"confidence_interval":{"confidence_level":0.95,"lower_bound":42469043.59164573,"upper_bound":279417741.48819786},"point_estimate":201845454.74625364,"standard_error":65008001.311288044}}