{"mean":{"confidence_interval":{"confidence_level":0.95,"lower_bound":2671886456.6975,"upper_bound":2677106223.35},"point_estimate":2674366372.9,"standard_error":1332316.4219034424},"median":{"confidence_interval":{"confidence_level":0.95,"lower_bound":2670909191.5,"upper_bound":2676452783.0},"point_estimate":2674455897.0,"standard_error":1314232.0016135406},"median_abs_dev":{"confidence_interval":{"confidence_level":0.95,"lower_bound":751171.8787640333,"upper_bound":7326229.963633418},"point_estimate":3152777.013427019,"standard_error":1633791.4820900126},"slope":null,"std_dev":{"confidence_interval":{"confidence_level":0.95,"lower_bound":1920222.5267632415,"upper_bound":6087007.602010894},"point_estimate":4446543.411279983,"standard_error":1106636.435457205}}