{"mean":{"confidence_interval":{"confidence_level":0.95,"lower_bound":1820801483.5625,"upper_bound":1823568212.6799998},"point_estimate":1822290205.2,"standard_error":710968.9456492729},"median":{"confidence_interval":{"confidence_level":0.95,"lower_bound":1821242596.0,"upper_bound":1823442645.0},"point_estimate":1823074806.0,"standard_error":620501.2438941087},"median_abs_dev":{"confidence_interval":{"confidence_level":0.95,"lower_bound":101134.8159044981,"upper_bound":3759515.1147052646},"point_estimate":583315.9868940711,"standard_error":1059972.611898809},"slope":null,"std_dev":{"confidence_interval":{"confidence_level":0.95,"lower_bound":806763.9368285238,"upper_bound":3177693.843238615},"point_estimate":2372028.719660196,"standard_error":621750.9181518703}}