{"mean":{"confidence_interval":{"confidence_level":0.95,"lower_bound":0.504146608888113,"upper_bound":0.5229206107849205},"point_estimate":0.5130829644876054,"standard_error":0.004807032928253306},"median":{"confidence_interval":{"confidence_level":0.95,"lower_bound":0.5018275538804235,"upper_bound":0.5266520839867426},"point_estimate":0.504552891501109,"standard_error":0.007965448788127584}}