{"mean":{"confidence_interval":{"confidence_level":0.95,"lower_bound":1960295348.75,"upper_bound":1965316837.5575},"point_estimate":1962663797.15,"standard_error":1290394.8733046486},"median":{"confidence_interval":{"confidence_level":0.95,"lower_bound":1959707819.0,"upper_bound":1966581561.25},"point_estimate":1961222280.25,"standard_error":1569728.5868672233},"median_abs_dev":{"confidence_interval":{"confidence_level":0.95,"lower_bound":486353.57796549797,"upper_bound":7466656.644040346},"point_estimate":3666379.296308756,"standard_error":1696058.702316928},"slope":null,"std_dev":{"confidence_interval":{"confidence_level":0.95,"lower_bound":1891987.1559936835,"upper_bound":5408532.324558064},"point_estimate":4313957.30246618,"standard_error":882754.2513311311}}