{"mean":{"confidence_interval":{"confidence_level":0.95,"lower_bound":1815125337.71875,"upper_bound":1833142339.35},"point_estimate":1825620509.6,"standard_error":4791691.791498467},"median":{"confidence_interval":{"confidence_level":0.95,"lower_bound":1820703117.75,"upper_bound":1833911744.5},"point_estimate":1830903504.5,"standard_error":2833841.924296553},"median_abs_dev":{"confidence_interval":{"confidence_level":0.95,"lower_bound":683291.780269146,"upper_bound":15123093.127061427},"point_estimate":3720634.6716955304,"standard_error":3780831.378159023},"slope":null,"std_dev":{"confidence_interval":{"confidence_level":0.95,"lower_bound":2294941.70528148,"upper_bound":23074972.20940494},"point_estimate":15962338.521347232,"standard_error":5999696.865503613}}