{"mean":{"confidence_interval":{"confidence_level":0.95,"lower_bound":-0.08134529238761164,"upper_bound":-0.06417568350139796},"point_estimate":-0.07254079830465399,"standard_error":0.0043944722731865445},"median":{"confidence_interval":{"confidence_level":0.95,"lower_bound":-0.08230257984478095,"upper_bound":-0.05536887276310831},"point_estimate":-0.06964520363533888,"standard_error":0.006806608408309692}}