{"mean":{"confidence_interval":{"confidence_level":0.95,"lower_bound":2495704926.875,"upper_bound":2500850053.9},"point_estimate":2498138305.7,"standard_error":1319498.6560789172},"median":{"confidence_interval":{"confidence_level":0.95,"lower_bound":2494680937.0,"upper_bound":2501466639.5},"point_estimate":2497346145.5,"standard_error":1534048.4804878521},"median_abs_dev":{"confidence_interval":{"confidence_level":0.95,"lower_bound":949662.3632401228,"upper_bound":7298865.615919232},"point_estimate":3782603.273445368,"standard_error":1627386.8104540943},"slope":null,"std_dev":{"confidence_interval":{"confidence_level":0.95,"lower_bound":2101515.384193857,"upper_bound":5674726.728598454},"point_estimate":4395587.435740479,"standard_error":926181.8323675497}}