{"mean":{"confidence_interval":{"confidence_level":0.95,"lower_bound":2152630371.5375,"upper_bound":2167579863.7},"point_estimate":2160507306.8,"standard_error":3830966.396043991},"median":{"confidence_interval":{"confidence_level":0.95,"lower_bound":2148844671.0,"upper_bound":2169542928.5},"point_estimate":2165226700.0,"standard_error":5155804.2157576},"median_abs_dev":{"confidence_interval":{"confidence_level":0.95,"lower_bound":1794928.1906336546,"upper_bound":20397305.022275448},"point_estimate":8983518.020510674,"standard_error":5212927.701429085},"slope":null,"std_dev":{"confidence_interval":{"confidence_level":0.95,"lower_bound":6075524.558248639,"upper_bound":16012855.266071556},"point_estimate":12761249.548531339,"standard_error":2485507.288657867}}