{"mean":{"confidence_interval":{"confidence_level":0.95,"lower_bound":3996638163.2475,"upper_bound":4011226536.485},"point_estimate":4002978633.4,"standard_error":3778759.7380693723},"median":{"confidence_interval":{"confidence_level":0.95,"lower_bound":3996819275.0,"upper_bound":4006521017.0},"point_estimate":3999969429.0,"standard_error":2529697.5330667743},"median_abs_dev":{"confidence_interval":{"confidence_level":0.95,"lower_bound":1091910.417714715,"upper_bound":15220332.04088509},"point_estimate":5706846.798983216,"standard_error":3455322.847097709},"slope":null,"std_dev":{"confidence_interval":{"confidence_level":0.95,"lower_bound":3324735.33586494,"upper_bound":18330505.51876947},"point_estimate":12605216.370094143,"standard_error":4398200.2107633045}}