{"mean":{"confidence_interval":{"confidence_level":0.95,"lower_bound":-0.050887708949973194,"upper_bound":-0.034616598549037716},"point_estimate":-0.04234876219832884,"standard_error":0.004149152078061025},"median":{"confidence_interval":{"confidence_level":0.95,"lower_bound":-0.04802758852741573,"upper_bound":-0.02853116863297378},"point_estimate":-0.04547131093558221,"standard_error":0.006188254239344961}}