{"mean":{"confidence_interval":{"confidence_level":0.95,"lower_bound":773601992.0666667,"upper_bound":774767736.3999999},"point_estimate":774102597.9666668,"standard_error":303530.5870941646},"median":{"confidence_interval":{"confidence_level":0.95,"lower_bound":773440647.3333334,"upper_bound":774459260.0},"point_estimate":773891830.8333333,"standard_error":231280.7639891035},"median_abs_dev":{"confidence_interval":{"confidence_level":0.95,"lower_bound":72821.8513070948,"upper_bound":1203290.740737319},"point_estimate":536940.8774672466,"standard_error":298854.4521136047},"slope":null,"std_dev":{"confidence_interval":{"confidence_level":0.95,"lower_bound":283196.2987606581,"upper_bound":1447576.2335725618},"point_estimate":1011100.0624109025,"standard_error":338178.799134075}}