{"mean":{"confidence_interval":{"confidence_level":0.95,"lower_bound":1574312789.95,"upper_bound":1580643418.0},"point_estimate":1577066706.2,"standard_error":1629366.4583869854},"median":{"confidence_interval":{"confidence_level":0.95,"lower_bound":1573355519.0,"upper_bound":1578545582.0},"point_estimate":1576750893.75,"standard_error":1627437.5986974475},"median_abs_dev":{"confidence_interval":{"confidence_level":0.95,"lower_bound":422418.3073505759,"upper_bound":7282039.9594679475},"point_estimate":3025364.966239035,"standard_error":1661338.2813711169},"slope":null,"std_dev":{"confidence_interval":{"confidence_level":0.95,"lower_bound":2029764.4256399774,"upper_bound":7844515.5111515485},"point_estimate":5425749.470225925,"standard_error":1801947.548804017}}