{"mean":{"confidence_interval":{"confidence_level":0.95,"lower_bound":-0.08400367743792539,"upper_bound":-0.07427152545522467},"point_estimate":-0.07900394956720835,"standard_error":0.0024864409215180436},"median":{"confidence_interval":{"confidence_level":0.95,"lower_bound":-0.08672948722347618,"upper_bound":-0.07217565782638002},"point_estimate":-0.07809659870035135,"standard_error":0.004279497273703133}}