{"mean":{"confidence_interval":{"confidence_level":0.95,"lower_bound":959578673.1291666,"upper_bound":962125515.9666666},"point_estimate":960678543.1333332,"standard_error":660954.2890869838},"median":{"confidence_interval":{"confidence_level":0.95,"lower_bound":959313118.3333334,"upper_bound":961646258.3333333},"point_estimate":959999691.5,"standard_error":521783.78358735004},"median_abs_dev":{"confidence_interval":{"confidence_level":0.95,"lower_bound":144371.8789368868,"upper_bound":2667523.0304419403},"point_estimate":1070352.4256974163,"standard_error":611985.9512738317},"slope":null,"std_dev":{"confidence_interval":{"confidence_level":0.95,"lower_bound":498030.5594781535,"upper_bound":3076651.785863957},"point_estimate":2200991.0381403603,"standard_error":712996.2483262416}}