{"mean":{"confidence_interval":{"confidence_level":0.95,"lower_bound":907079225.9633332,"upper_bound":907682153.3616667},"point_estimate":907353323.0,"standard_error":154519.0900974477},"median":{"confidence_interval":{"confidence_level":0.95,"lower_bound":907103439.5,"upper_bound":907504001.8333333},"point_estimate":907267968.8333334,"standard_error":117885.20121929738},"median_abs_dev":{"confidence_interval":{"confidence_level":0.95,"lower_bound":65106.89524412155,"upper_bound":667631.8180471659},"point_estimate":294004.5167802586,"standard_error":148202.88491858265},"slope":null,"std_dev":{"confidence_interval":{"confidence_level":0.95,"lower_bound":154334.99405693938,"upper_bound":745420.4821906864},"point_estimate":516301.32282477984,"standard_error":166102.83633742307}}