{"mean":{"confidence_interval":{"confidence_level":0.95,"lower_bound":-0.1014416510808836,"upper_bound":-0.08797693989868878},"point_estimate":-0.09458582011126371,"standard_error":0.0036681390107511785},"median":{"confidence_interval":{"confidence_level":0.95,"lower_bound":-0.10723689381326773,"upper_bound":-0.08015222512815046},"point_estimate":-0.09437676024889996,"standard_error":0.007061261966025481}}