{"mean":{"confidence_interval":{"confidence_level":0.95,"lower_bound":-0.07822498562629834,"upper_bound":-0.0750927849397052},"point_estimate":-0.07665078497300382,"standard_error":0.0007939349532516365},"median":{"confidence_interval":{"confidence_level":0.95,"lower_bound":-0.07879638853762683,"upper_bound":-0.07486513604198353},"point_estimate":-0.07634044539447038,"standard_error":0.00098028914436492}}