{"mean":{"confidence_interval":{"confidence_level":0.95,"lower_bound":-0.09462759342719398,"upper_bound":-0.0910008115510638},"point_estimate":-0.09271815007738826,"standard_error":0.0009283881726147594},"median":{"confidence_interval":{"confidence_level":0.95,"lower_bound":-0.09514111594057806,"upper_bound":-0.08989756207753885},"point_estimate":-0.09274505643639086,"standard_error":0.001334418901922843}}