{"mean":{"confidence_interval":{"confidence_level":0.95,"lower_bound":1362195203.7125,"upper_bound":1364856321.05},"point_estimate":1363508649.4,"standard_error":680637.5440802049},"median":{"confidence_interval":{"confidence_level":0.95,"lower_bound":1361744001.5,"upper_bound":1364901046.0},"point_estimate":1363573778.75,"standard_error":876475.0812575977},"median_abs_dev":{"confidence_interval":{"confidence_level":0.95,"lower_bound":623420.3161820769,"upper_bound":3851266.1847263575},"point_estimate":2295018.428005278,"standard_error":831131.4664517086},"slope":null,"std_dev":{"confidence_interval":{"confidence_level":0.95,"lower_bound":1174423.1150058561,"upper_bound":2979831.0080918856},"point_estimate":2264474.367625592,"standard_error":468986.1000845847}}