{"mean":{"confidence_interval":{"confidence_level":0.95,"lower_bound":44372086858.01,"upper_bound":44844107633.3},"point_estimate":44603503168.6,"standard_error":120895891.08520329},"median":{"confidence_interval":{"confidence_level":0.95,"lower_bound":44189286484.0,"upper_bound":44927136800.0},"point_estimate":44630018671.0,"standard_error":189322640.30612817},"median_abs_dev":{"confidence_interval":{"confidence_level":0.95,"lower_bound":83120637.6321137,"upper_bound":698492328.4959823},"point_estimate":513506253.3988416,"standard_error":163452026.2183109},"slope":null,"std_dev":{"confidence_interval":{"confidence_level":0.95,"lower_bound":244553856.18997362,"upper_bound":495559625.4321949},"point_estimate":403450437.69385505,"standard_error":65025483.26063461}}