{"mean":{"confidence_interval":{"confidence_level":0.95,"lower_bound":1404810878.05,"upper_bound":1406881599.65},"point_estimate":1405822752.25,"standard_error":528569.3197201453},"median":{"confidence_interval":{"confidence_level":0.95,"lower_bound":1404109787.5,"upper_bound":1406979296.5},"point_estimate":1405992358.0,"standard_error":661530.2041753983},"median_abs_dev":{"confidence_interval":{"confidence_level":0.95,"lower_bound":246889.21931684017,"upper_bound":3205743.6387866735},"point_estimate":1637640.2713760734,"standard_error":729655.7488213822},"slope":null,"std_dev":{"confidence_interval":{"confidence_level":0.95,"lower_bound":979692.5492624602,"upper_bound":2289815.103343473},"point_estimate":1766781.4767641479,"standard_error":347381.37524677644}}