{"mean":{"confidence_interval":{"confidence_level":0.95,"lower_bound":-0.07997607882221372,"upper_bound":-0.07683647180911429},"point_estimate":-0.07830798989906362,"standard_error":0.0008031384514083502},"median":{"confidence_interval":{"confidence_level":0.95,"lower_bound":-0.07969932896771059,"upper_bound":-0.07621433509879982},"point_estimate":-0.07821318213678385,"standard_error":0.0008326683417987055}}