{"mean":{"confidence_interval":{"confidence_level":0.95,"lower_bound":-0.12830064462140978,"upper_bound":-0.12425351888349864},"point_estimate":-0.1263514167305405,"standard_error":0.0010434657749327839},"median":{"confidence_interval":{"confidence_level":0.95,"lower_bound":-0.12934274130679424,"upper_bound":-0.12383675678626704},"point_estimate":-0.12696196588511177,"standard_error":0.0014727402844669714}}