{"mean":{"confidence_interval":{"confidence_level":0.95,"lower_bound":1498221346.55,"upper_bound":1500655679.1612499},"point_estimate":1499407613.05,"standard_error":624750.0220137864},"median":{"confidence_interval":{"confidence_level":0.95,"lower_bound":1497701625.75,"upper_bound":1501300995.0},"point_estimate":1499063019.75,"standard_error":929553.51290369},"median_abs_dev":{"confidence_interval":{"confidence_level":0.95,"lower_bound":460305.037727952,"upper_bound":3446707.276658714},"point_estimate":2323977.6826411486,"standard_error":755520.0451348736},"slope":null,"std_dev":{"confidence_interval":{"confidence_level":0.95,"lower_bound":1200769.6875234623,"upper_bound":2540006.823536581},"point_estimate":2078539.607048907,"standard_error":338707.64431239705}}