{"mean":{"confidence_interval":{"confidence_level":0.95,"lower_bound":0.020333484205675212,"upper_bound":0.03427707662635084},"point_estimate":0.02730623830741785,"standard_error":0.0035606525197193384},"median":{"confidence_interval":{"confidence_level":0.95,"lower_bound":0.01956690723994514,"upper_bound":0.035052055107912095},"point_estimate":0.02712824915868861,"standard_error":0.0035103413481756586}}