{"mean":{"confidence_interval":{"confidence_level":0.95,"lower_bound":-0.09120767316586677,"upper_bound":-0.08762453372608167},"point_estimate":-0.08954967232420041,"standard_error":0.0009262347383147531},"median":{"confidence_interval":{"confidence_level":0.95,"lower_bound":-0.09189738645366263,"upper_bound":-0.08779724313093717},"point_estimate":-0.09002588056784311,"standard_error":0.001103961318813118}}