{"mean":{"confidence_interval":{"confidence_level":0.95,"lower_bound":950387999.3,"upper_bound":951542715.4683332},"point_estimate":951012009.2666667,"standard_error":296997.6280881114},"median":{"confidence_interval":{"confidence_level":0.95,"lower_bound":950649858.8333333,"upper_bound":951818878.3333334},"point_estimate":950987550.0,"standard_error":277440.35832027026},"median_abs_dev":{"confidence_interval":{"confidence_level":0.95,"lower_bound":67635.22239920532,"upper_bound":1536026.4521300204},"point_estimate":646978.9533138864,"standard_error":394278.38655740395},"slope":null,"std_dev":{"confidence_interval":{"confidence_level":0.95,"lower_bound":437654.36814607604,"upper_bound":1380053.173673326},"point_estimate":991739.0219860311,"standard_error":273458.62412892526}}