{"mean":{"confidence_interval":{"confidence_level":0.95,"lower_bound":-0.07362917012651606,"upper_bound":-0.04879853744004103},"point_estimate":-0.05946832818884584,"standard_error":0.006209967929338748},"median":{"confidence_interval":{"confidence_level":0.95,"lower_bound":-0.07650289603052574,"upper_bound":-0.04563924444077072},"point_estimate":-0.04753400499615679,"standard_error":0.006210951478187694}}