{"mean":{"confidence_interval":{"confidence_level":0.95,"lower_bound":-0.08978361638784378,"upper_bound":-0.08674893104631612},"point_estimate":-0.08820619458569778,"standard_error":0.0007748069160767652},"median":{"confidence_interval":{"confidence_level":0.95,"lower_bound":-0.09062884371537205,"upper_bound":-0.08563536407645223},"point_estimate":-0.0872822155632148,"standard_error":0.0013946068825779468}}