{"mean":{"confidence_interval":{"confidence_level":0.95,"lower_bound":1872919457.55,"upper_bound":1901517943.33},"point_estimate":1887325513.85,"standard_error":7292736.338534024},"median":{"confidence_interval":{"confidence_level":0.95,"lower_bound":1873492920.5,"upper_bound":1911350736.5},"point_estimate":1879382480.5,"standard_error":13042806.214915792},"median_abs_dev":{"confidence_interval":{"confidence_level":0.95,"lower_bound":583762.6201361418,"upper_bound":48348668.92223954},"point_estimate":26438339.121575654,"standard_error":13754430.946210638},"slope":null,"std_dev":{"confidence_interval":{"confidence_level":0.95,"lower_bound":15364016.79812836,"upper_bound":30481277.305231005},"point_estimate":24220043.24472944,"standard_error":4185142.7524091513}}