{"mean":{"confidence_interval":{"confidence_level":0.95,"lower_bound":43802497398.4,"upper_bound":44063747491.1425},"point_estimate":43931454913.7,"standard_error":67141923.31847137},"median":{"confidence_interval":{"confidence_level":0.95,"lower_bound":43775043440.5,"upper_bound":44186527065.0},"point_estimate":43877538182.5,"standard_error":103683372.1314514},"median_abs_dev":{"confidence_interval":{"confidence_level":0.95,"lower_bound":41425013.77725899,"upper_bound":387901700.1775682},"point_estimate":201501912.63192594,"standard_error":94017008.04998676},"slope":null,"std_dev":{"confidence_interval":{"confidence_level":0.95,"lower_bound":130778791.02963914,"upper_bound":273411029.4419063},"point_estimate":222899888.6231388,"standard_error":35990578.5392392}}