{"mean":{"confidence_interval":{"confidence_level":0.95,"lower_bound":3216934760.7,"upper_bound":3223976882.1},"point_estimate":3220299937.8,"standard_error":1801046.3645104603},"median":{"confidence_interval":{"confidence_level":0.95,"lower_bound":3215080131.5,"upper_bound":3224904298.0},"point_estimate":3219013544.5,"standard_error":2737583.3797468906},"median_abs_dev":{"confidence_interval":{"confidence_level":0.95,"lower_bound":1268182.6589852571,"upper_bound":10287826.45175457},"point_estimate":7432311.474350095,"standard_error":2262147.331134447},"slope":null,"std_dev":{"confidence_interval":{"confidence_level":0.95,"lower_bound":3352149.8852733052,"upper_bound":7655317.466334235},"point_estimate":5996777.83440985,"standard_error":1152309.049455895}}