{"mean":{"confidence_interval":{"confidence_level":0.95,"lower_bound":-0.09410036748588843,"upper_bound":-0.09129273731218465},"point_estimate":-0.09259505017250325,"standard_error":0.0007191716538391672},"median":{"confidence_interval":{"confidence_level":0.95,"lower_bound":-0.09448671143926302,"upper_bound":-0.09044711166591124},"point_estimate":-0.09197119791287778,"standard_error":0.0011149663384090716}}