{"mean":{"confidence_interval":{"confidence_level":0.95,"lower_bound":-0.00680310158322111,"upper_bound":-0.002686058258839902},"point_estimate":-0.00460526435536468,"standard_error":0.0010557006533391553},"median":{"confidence_interval":{"confidence_level":0.95,"lower_bound":-0.0062758683617074595,"upper_bound":-0.002058915525164906},"point_estimate":-0.004254602974811061,"standard_error":0.001014348138120096}}