{"mean":{"confidence_interval":{"confidence_level":0.95,"lower_bound":0.10044604978979355,"upper_bound":0.1477901932527349},"point_estimate":0.1254147724228427,"standard_error":0.012198945026746535},"median":{"confidence_interval":{"confidence_level":0.95,"lower_bound":0.08460256610153127,"upper_bound":0.15852773540791953},"point_estimate":0.13756492208774662,"standard_error":0.018692843030264583}}