{"mean":{"confidence_interval":{"confidence_level":0.95,"lower_bound":1313658610.65,"upper_bound":1314707796.5425},"point_estimate":1314179666.35,"standard_error":268756.8591276464},"median":{"confidence_interval":{"confidence_level":0.95,"lower_bound":1313169424.0,"upper_bound":1314863159.0},"point_estimate":1314197409.0,"standard_error":390244.90283958765},"median_abs_dev":{"confidence_interval":{"confidence_level":0.95,"lower_bound":164097.13028669357,"upper_bound":1580109.8326474428},"point_estimate":1171606.0966998339,"standard_error":384788.8538426548},"slope":null,"std_dev":{"confidence_interval":{"confidence_level":0.95,"lower_bound":534041.4215073817,"upper_bound":1104605.1383790814},"point_estimate":894800.6317088198,"standard_error":146883.47907516678}}