{"mean":{"confidence_interval":{"confidence_level":0.95,"lower_bound":1615990275.5037498,"upper_bound":1625743055.1512501},"point_estimate":1619693005.65,"standard_error":2735701.114064663},"median":{"confidence_interval":{"confidence_level":0.95,"lower_bound":1615531210.5,"upper_bound":1619773267.0},"point_estimate":1616600858.75,"standard_error":1224949.7565583258},"median_abs_dev":{"confidence_interval":{"confidence_level":0.95,"lower_bound":386554.5846372843,"upper_bound":4896339.416022599},"point_estimate":1751702.9884010553,"standard_error":1327728.0683605731},"slope":null,"std_dev":{"confidence_interval":{"confidence_level":0.95,"lower_bound":1287569.2125613028,"upper_bound":14013218.093840597},"point_estimate":9146591.495490307,"standard_error":4363315.266090789}}