{"mean":{"confidence_interval":{"confidence_level":0.95,"lower_bound":1794742897.85,"upper_bound":1822962159.6499999},"point_estimate":1808051769.5,"standard_error":7304708.267597707},"median":{"confidence_interval":{"confidence_level":0.95,"lower_bound":1788961297.0,"upper_bound":1836962704.0},"point_estimate":1793399423.75,"standard_error":13366705.699596794},"median_abs_dev":{"confidence_interval":{"confidence_level":0.95,"lower_bound":426766.4024233818,"upper_bound":38150626.50099099},"point_estimate":7310756.067708135,"standard_error":11625158.452650035},"slope":null,"std_dev":{"confidence_interval":{"confidence_level":0.95,"lower_bound":11163392.138646748,"upper_bound":27803231.16416175},"point_estimate":24407322.606304474,"standard_error":4024837.651841956}}