{"mean":{"confidence_interval":{"confidence_level":0.95,"lower_bound":1842802204.1,"upper_bound":1872578350.305},"point_estimate":1857666199.05,"standard_error":7687302.125504491},"median":{"confidence_interval":{"confidence_level":0.95,"lower_bound":1833345276.75,"upper_bound":1882360947.25},"point_estimate":1857731692.0,"standard_error":19650273.672461186},"median_abs_dev":{"confidence_interval":{"confidence_level":0.95,"lower_bound":1502569.4833740592,"upper_bound":37657868.0911392},"point_estimate":35583232.96012133,"standard_error":13371666.519317137},"slope":null,"std_dev":{"confidence_interval":{"confidence_level":0.95,"lower_bound":19241012.144051205,"upper_bound":26676215.910009854},"point_estimate":25669501.276598085,"standard_error":2253784.8482745118}}