{"mean":{"confidence_interval":{"confidence_level":0.95,"lower_bound":-0.10060594708659235,"upper_bound":-0.09435321537314523},"point_estimate":-0.09732620366681843,"standard_error":0.0016039533772256548},"median":{"confidence_interval":{"confidence_level":0.95,"lower_bound":-0.10052860126447938,"upper_bound":-0.09434316068612947},"point_estimate":-0.09884967174571646,"standard_error":0.0015591481330910553}}