{"mean":{"confidence_interval":{"confidence_level":0.95,"lower_bound":-0.08610066734447465,"upper_bound":-0.082603986976189},"point_estimate":-0.08436582549229599,"standard_error":0.0008898862609242409},"median":{"confidence_interval":{"confidence_level":0.95,"lower_bound":-0.08687711663315412,"upper_bound":-0.08195101088241397},"point_estimate":-0.08394782874052664,"standard_error":0.0012917707932868707}}