{"mean":{"confidence_interval":{"confidence_level":0.95,"lower_bound":2257059719.055,"upper_bound":2264876689.4},"point_estimate":2260848018.6,"standard_error":1997497.0218705544},"median":{"confidence_interval":{"confidence_level":0.95,"lower_bound":2255779451.0,"upper_bound":2266604417.5},"point_estimate":2260010224.0,"standard_error":2720831.9579420723},"median_abs_dev":{"confidence_interval":{"confidence_level":0.95,"lower_bound":1466484.8532646894,"upper_bound":11863761.282876134},"point_estimate":6267577.969828248,"standard_error":2681797.6088662483},"slope":null,"std_dev":{"confidence_interval":{"confidence_level":0.95,"lower_bound":3458272.16576856,"upper_bound":8308189.387399454},"point_estimate":6667392.768492897,"standard_error":1217519.207950869}}