{"mean":{"confidence_interval":{"confidence_level":0.95,"lower_bound":-0.06320837106636236,"upper_bound":-0.05593846491192347},"point_estimate":-0.059437202614638474,"standard_error":0.0019976277424345714},"median":{"confidence_interval":{"confidence_level":0.95,"lower_bound":-0.06796177114695545,"upper_bound":-0.05434624198892257},"point_estimate":-0.05580519285024921,"standard_error":0.0031223405173880082}}