{"mean":{"confidence_interval":{"confidence_level":0.95,"lower_bound":1214285720.23125,"upper_bound":1216370698.42375},"point_estimate":1215408333.8,"standard_error":528826.8941377909},"median":{"confidence_interval":{"confidence_level":0.95,"lower_bound":1214995720.5,"upper_bound":1216188949.5},"point_estimate":1215578544.25,"standard_error":327205.6326098022},"median_abs_dev":{"confidence_interval":{"confidence_level":0.95,"lower_bound":222211.71340495348,"upper_bound":2401019.878323376},"point_estimate":799567.6484048367,"standard_error":499074.911300718},"slope":null,"std_dev":{"confidence_interval":{"confidence_level":0.95,"lower_bound":424715.2345069656,"upper_bound":2599853.7869709753},"point_estimate":1763615.6153399313,"standard_error":579558.571699563}}