{"mean":{"confidence_interval":{"confidence_level":0.95,"lower_bound":2701296817.025,"upper_bound":2723453706.0},"point_estimate":2709941893.7,"standard_error":6089528.59652749},"median":{"confidence_interval":{"confidence_level":0.95,"lower_bound":2701343431.5,"upper_bound":2709372107.0},"point_estimate":2704312968.5,"standard_error":2762085.276614628},"median_abs_dev":{"confidence_interval":{"confidence_level":0.95,"lower_bound":1290080.66059649,"upper_bound":12327230.930247903},"point_estimate":5958849.505609274,"standard_error":3139709.6862648474},"slope":null,"std_dev":{"confidence_interval":{"confidence_level":0.95,"lower_bound":3138305.9519077362,"upper_bound":30988414.604431987},"point_estimate":20291466.93663451,"standard_error":9315120.778383132}}