{"mean":{"confidence_interval":{"confidence_level":0.95,"lower_bound":-0.09232003330147955,"upper_bound":-0.08857306568946763},"point_estimate":-0.09037806735019427,"standard_error":0.0009574138539525796},"median":{"confidence_interval":{"confidence_level":0.95,"lower_bound":-0.0933344105138052,"upper_bound":-0.08680792629318712},"point_estimate":-0.08980274348233475,"standard_error":0.0018753033463313855}}