{"mean":{"confidence_interval":{"confidence_level":0.95,"lower_bound":1978092673.9,"upper_bound":1980341244.35},"point_estimate":1979204642.1,"standard_error":571104.7193593729},"median":{"confidence_interval":{"confidence_level":0.95,"lower_bound":1978213491.0,"upper_bound":1980768977.5},"point_estimate":1978912215.5,"standard_error":624374.1196919713},"median_abs_dev":{"confidence_interval":{"confidence_level":0.95,"lower_bound":276374.7969433665,"upper_bound":3402235.5784982443},"point_estimate":1226288.0902290344,"standard_error":790721.6534362215},"slope":null,"std_dev":{"confidence_interval":{"confidence_level":0.95,"lower_bound":891338.4258370005,"upper_bound":2548134.4477447253},"point_estimate":1907675.851862371,"standard_error":428355.29391475226}}