{"mean":{"confidence_interval":{"confidence_level":0.95,"lower_bound":-0.035828202018620914,"upper_bound":-0.027178637773937638},"point_estimate":-0.0314631618570651,"standard_error":0.002214679845058847},"median":{"confidence_interval":{"confidence_level":0.95,"lower_bound":-0.037098927341774,"upper_bound":-0.02446199619831213},"point_estimate":-0.030710769373490376,"standard_error":0.004583002413424628}}