{"mean":{"confidence_interval":{"confidence_level":0.95,"lower_bound":2.326386877527524,"upper_bound":2.4034487712246446},"point_estimate":2.364169633867606,"standard_error":0.019758424079278598},"median":{"confidence_interval":{"confidence_level":0.95,"lower_bound":2.2939344392226237,"upper_bound":2.4128696041920397},"point_estimate":2.3524804708251175,"standard_error":0.02880973124386823}}