{"mean":{"confidence_interval":{"confidence_level":0.95,"lower_bound":-0.09849972348594857,"upper_bound":-0.09470218214006414},"point_estimate":-0.09662960074437998,"standard_error":0.000962450936795022},"median":{"confidence_interval":{"confidence_level":0.95,"lower_bound":-0.09823616378422428,"upper_bound":-0.09492217461959696},"point_estimate":-0.09626699360941071,"standard_error":0.0007760880141963304}}