{"mean":{"confidence_interval":{"confidence_level":0.95,"lower_bound":-0.10386561775210441,"upper_bound":-0.08372560571581707},"point_estimate":-0.09399435877624018,"standard_error":0.005166549045522407},"median":{"confidence_interval":{"confidence_level":0.95,"lower_bound":-0.11409026066175465,"upper_bound":-0.07493412235380059},"point_estimate":-0.09708320032255768,"standard_error":0.011280684126987258}}