{"mean":{"confidence_interval":{"confidence_level":0.95,"lower_bound":-0.09278503759975118,"upper_bound":-0.09149284579414749},"point_estimate":-0.09207659616271235,"standard_error":0.0003310349153708718},"median":{"confidence_interval":{"confidence_level":0.95,"lower_bound":-0.09279343154373776,"upper_bound":-0.09119885582451948},"point_estimate":-0.09152008967448899,"standard_error":0.00040814521574166385}}