{"mean":{"confidence_interval":{"confidence_level":0.95,"lower_bound":-0.10054660535741801,"upper_bound":-0.0959541767282661},"point_estimate":-0.0984843483996709,"standard_error":0.001189030934290642},"median":{"confidence_interval":{"confidence_level":0.95,"lower_bound":-0.10184781363392281,"upper_bound":-0.0969196958366415},"point_estimate":-0.10005520479668006,"standard_error":0.0014467398836651665}}