{"mean":{"confidence_interval":{"confidence_level":0.95,"lower_bound":1482775909.75375,"upper_bound":1489397563.15},"point_estimate":1486331651.85,"standard_error":1702059.416758078},"median":{"confidence_interval":{"confidence_level":0.95,"lower_bound":1482642503.0,"upper_bound":1490377254.75},"point_estimate":1487726074.5,"standard_error":1536063.1315999895},"median_abs_dev":{"confidence_interval":{"confidence_level":0.95,"lower_bound":691788.9313682914,"upper_bound":9185893.658217788},"point_estimate":3021954.615649581,"standard_error":2270812.316686911},"slope":null,"std_dev":{"confidence_interval":{"confidence_level":0.95,"lower_bound":2098401.759371553,"upper_bound":7385720.709954985},"point_estimate":5673718.223830976,"standard_error":1380498.989544394}}