{"mean":{"confidence_interval":{"confidence_level":0.95,"lower_bound":-0.09445307593086542,"upper_bound":-0.09151435472493982},"point_estimate":-0.09295734049465865,"standard_error":0.0007504662340038513},"median":{"confidence_interval":{"confidence_level":0.95,"lower_bound":-0.09484023355963156,"upper_bound":-0.09127476749114971},"point_estimate":-0.09335860608692903,"standard_error":0.0009584503420640055}}