{"mean":{"confidence_interval":{"confidence_level":0.95,"lower_bound":2117177674.0,"upper_bound":2136070741.45},"point_estimate":2124915040.5,"standard_error":5032586.718765061},"median":{"confidence_interval":{"confidence_level":0.95,"lower_bound":2114639182.0,"upper_bound":2128463447.0},"point_estimate":2120698349.5,"standard_error":3415304.5381277166},"median_abs_dev":{"confidence_interval":{"confidence_level":0.95,"lower_bound":692409.7701072693,"upper_bound":15090053.757297993},"point_estimate":7060473.177051544,"standard_error":4005761.359357664},"slope":null,"std_dev":{"confidence_interval":{"confidence_level":0.95,"lower_bound":3840831.180562897,"upper_bound":25024162.2462716},"point_estimate":16790421.065995436,"standard_error":6674976.389021367}}