{"mean":{"confidence_interval":{"confidence_level":0.95,"lower_bound":2867288175.9975,"upper_bound":2872456592.9100003},"point_estimate":2869914683.7,"standard_error":1324931.3034980476},"median":{"confidence_interval":{"confidence_level":0.95,"lower_bound":2866033286.0,"upper_bound":2872478305.0},"point_estimate":2871396651.5,"standard_error":1668078.8775208567},"median_abs_dev":{"confidence_interval":{"confidence_level":0.95,"lower_bound":105981.43521845341,"upper_bound":8402532.310125232},"point_estimate":2193336.162060499,"standard_error":2205073.3643801003},"slope":null,"std_dev":{"confidence_interval":{"confidence_level":0.95,"lower_bound":2275749.001151182,"upper_bound":5682772.527763039},"point_estimate":4419048.088438758,"standard_error":848962.224332503}}