{"mean":{"confidence_interval":{"confidence_level":0.95,"lower_bound":-0.09301630747434181,"upper_bound":-0.09020026672496789},"point_estimate":-0.09170273249275318,"standard_error":0.0007201872487228673},"median":{"confidence_interval":{"confidence_level":0.95,"lower_bound":-0.0933696127798973,"upper_bound":-0.09080163372712513},"point_estimate":-0.09182639012248717,"standard_error":0.000637354864635533}}