{"mean":{"confidence_interval":{"confidence_level":0.95,"lower_bound":-0.09125891057867071,"upper_bound":-0.08658533513506164},"point_estimate":-0.08910392581447046,"standard_error":0.0011856744569356545},"median":{"confidence_interval":{"confidence_level":0.95,"lower_bound":-0.09228967514152109,"upper_bound":-0.08623234498335075},"point_estimate":-0.08919519992997194,"standard_error":0.0015183427350306353}}