{"mean":{"confidence_interval":{"confidence_level":0.95,"lower_bound":-0.07549381477826894,"upper_bound":-0.07012375666239101},"point_estimate":-0.07262771293024961,"standard_error":0.001375627974724378},"median":{"confidence_interval":{"confidence_level":0.95,"lower_bound":-0.0750496329671182,"upper_bound":-0.06874715360752015},"point_estimate":-0.0710582561704699,"standard_error":0.001494745309003452}}