{"mean":{"confidence_interval":{"confidence_level":0.95,"lower_bound":-0.04705311276675639,"upper_bound":-0.030067701543269945},"point_estimate":-0.03768239719212341,"standard_error":0.004380855288076954},"median":{"confidence_interval":{"confidence_level":0.95,"lower_bound":-0.041809497490163494,"upper_bound":-0.026412163915238707},"point_estimate":-0.039642679657814206,"standard_error":0.004212971167017597}}