{"mean":{"confidence_interval":{"confidence_level":0.95,"lower_bound":1150900460.15,"upper_bound":1154373571.1087499},"point_estimate":1152783174.55,"standard_error":896415.2100765522},"median":{"confidence_interval":{"confidence_level":0.95,"lower_bound":1150541303.0,"upper_bound":1155217632.0},"point_estimate":1153948875.25,"standard_error":1151370.2901055426},"median_abs_dev":{"confidence_interval":{"confidence_level":0.95,"lower_bound":142248.0544745922,"upper_bound":4854291.027519107},"point_estimate":1900524.8911589384,"standard_error":1163372.4104331261},"slope":null,"std_dev":{"confidence_interval":{"confidence_level":0.95,"lower_bound":931401.6840748474,"upper_bound":3859671.161457805},"point_estimate":2989535.414800048,"standard_error":693795.710330776}}