{"mean":{"confidence_interval":{"confidence_level":0.95,"lower_bound":2802416296.3450003,"upper_bound":2815026308.1949997},"point_estimate":2808146308.5,"standard_error":3231841.5136128603},"median":{"confidence_interval":{"confidence_level":0.95,"lower_bound":2802052676.5,"upper_bound":2813674966.5},"point_estimate":2804965334.5,"standard_error":3183621.169756719},"median_abs_dev":{"confidence_interval":{"confidence_level":0.95,"lower_bound":1149040.183800459,"upper_bound":16241801.168650389},"point_estimate":6527067.8063213825,"standard_error":3816562.3391167712},"slope":null,"std_dev":{"confidence_interval":{"confidence_level":0.95,"lower_bound":4129950.912433567,"upper_bound":14817859.514863033},"point_estimate":10755153.423653118,"standard_error":2950350.783176577}}