{"mean":{"confidence_interval":{"confidence_level":0.95,"lower_bound":-0.08791184294769304,"upper_bound":-0.08425077366143569},"point_estimate":-0.08626844320824256,"standard_error":0.0009547855253480979},"median":{"confidence_interval":{"confidence_level":0.95,"lower_bound":-0.08865498678867767,"upper_bound":-0.08513144985639465},"point_estimate":-0.08705273377414802,"standard_error":0.0008898957821296249}}