{"mean":{"confidence_interval":{"confidence_level":0.95,"lower_bound":-0.08198534810377707,"upper_bound":-0.07890486899039598},"point_estimate":-0.08043602390257953,"standard_error":0.0007858079376282997},"median":{"confidence_interval":{"confidence_level":0.95,"lower_bound":-0.08243449088817423,"upper_bound":-0.07829048428305763},"point_estimate":-0.07922050824746696,"standard_error":0.0011275781916521778}}