{"mean":{"confidence_interval":{"confidence_level":0.95,"lower_bound":875125026.3625,"upper_bound":879081442.2333332},"point_estimate":877138597.1666666,"standard_error":1014668.4843541803},"median":{"confidence_interval":{"confidence_level":0.95,"lower_bound":873162866.6666666,"upper_bound":880701131.6666666},"point_estimate":877491884.5,"standard_error":1742330.7272089124},"median_abs_dev":{"confidence_interval":{"confidence_level":0.95,"lower_bound":440709.39650382067,"upper_bound":5834515.212416679},"point_estimate":5004429.231953591,"standard_error":1513490.5293119831},"slope":null,"std_dev":{"confidence_interval":{"confidence_level":0.95,"lower_bound":2043401.475847513,"upper_bound":3959586.8091189708},"point_estimate":3385689.2333364463,"standard_error":476676.04661275586}}