{"mean":{"confidence_interval":{"confidence_level":0.95,"lower_bound":1908282030.2,"upper_bound":1923999977.0825},"point_estimate":1917123042.65,"standard_error":4023719.53074447},"median":{"confidence_interval":{"confidence_level":0.95,"lower_bound":1908167471.5,"upper_bound":1924693911.5},"point_estimate":1921716328.0,"standard_error":3248479.1740563107},"median_abs_dev":{"confidence_interval":{"confidence_level":0.95,"lower_bound":90520.88269293308,"upper_bound":19791034.310638905},"point_estimate":3479935.3072687984,"standard_error":4037840.21275556},"slope":null,"std_dev":{"confidence_interval":{"confidence_level":0.95,"lower_bound":2233742.530272125,"upper_bound":17149466.73486135},"point_estimate":13411635.898797682,"standard_error":3965723.7525993767}}