{"mean":{"confidence_interval":{"confidence_level":0.95,"lower_bound":-0.09639367472940989,"upper_bound":-0.09307966233997293},"point_estimate":-0.09477368868890856,"standard_error":0.0008463738580001824},"median":{"confidence_interval":{"confidence_level":0.95,"lower_bound":-0.09688565018305939,"upper_bound":-0.09292948708409486},"point_estimate":-0.0955329867252599,"standard_error":0.0010758380919636621}}