{"mean":{"confidence_interval":{"confidence_level":0.95,"lower_bound":3642902720.0,"upper_bound":3688637918.6299996},"point_estimate":3662750184.7,"standard_error":11732424.965854004},"median":{"confidence_interval":{"confidence_level":0.95,"lower_bound":3638964101.0,"upper_bound":3687651311.0},"point_estimate":3647098201.0,"standard_error":10283459.01653222},"median_abs_dev":{"confidence_interval":{"confidence_level":0.95,"lower_bound":2417616.4730787277,"upper_bound":50369732.897758484},"point_estimate":12823572.042936087,"standard_error":10588447.874006135},"slope":null,"std_dev":{"confidence_interval":{"confidence_level":0.95,"lower_bound":5553698.709180893,"upper_bound":50546286.16482907},"point_estimate":39259586.5684745,"standard_error":12020370.063394455}}