{"mean":{"confidence_interval":{"confidence_level":0.95,"lower_bound":2002983671.0525,"upper_bound":2012028759.0},"point_estimate":2007356209.6,"standard_error":2315994.5168939824},"median":{"confidence_interval":{"confidence_level":0.95,"lower_bound":2000997512.5,"upper_bound":2015285065.5},"point_estimate":2004096433.0,"standard_error":3985769.858646158},"median_abs_dev":{"confidence_interval":{"confidence_level":0.95,"lower_bound":893116.7415440083,"upper_bound":12914426.510623097},"point_estimate":7824754.204782844,"standard_error":3063914.0317050265},"slope":null,"std_dev":{"confidence_interval":{"confidence_level":0.95,"lower_bound":4486950.577611139,"upper_bound":9148634.547088359},"point_estimate":7761001.979550023,"standard_error":1165179.5759760605}}