{"mean":{"confidence_interval":{"confidence_level":0.95,"lower_bound":-0.0966886405397132,"upper_bound":-0.09211740137863801},"point_estimate":-0.09475240906942839,"standard_error":0.0012003376914333421},"median":{"confidence_interval":{"confidence_level":0.95,"lower_bound":-0.09714967718024337,"upper_bound":-0.09399351356495289},"point_estimate":-0.09575868628552131,"standard_error":0.0007822069068653868}}