{"mean":{"confidence_interval":{"confidence_level":0.95,"lower_bound":-0.08045088865803993,"upper_bound":-0.07777369310955762},"point_estimate":-0.07917118621572161,"standard_error":0.0006897233816847559},"median":{"confidence_interval":{"confidence_level":0.95,"lower_bound":-0.08093403838053992,"upper_bound":-0.07795414317606009},"point_estimate":-0.0797249260052445,"standard_error":0.0007228863141372301}}