{"mean":{"confidence_interval":{"confidence_level":0.95,"lower_bound":-0.043411696306993014,"upper_bound":-0.018230493375239656},"point_estimate":-0.02914289687565108,"standard_error":0.006568334619617363},"median":{"confidence_interval":{"confidence_level":0.95,"lower_bound":-0.033998837370425083,"upper_bound":-0.018528793285316092},"point_estimate":-0.02401292418501144,"standard_error":0.0039051539674764425}}