{"mean":{"confidence_interval":{"confidence_level":0.95,"lower_bound":-0.0742972104026932,"upper_bound":-0.0713072439459776},"point_estimate":-0.07283709373270641,"standard_error":0.0007600297335792035},"median":{"confidence_interval":{"confidence_level":0.95,"lower_bound":-0.07518933126505811,"upper_bound":-0.07069668505534032},"point_estimate":-0.07266960881489415,"standard_error":0.0011712767514978676}}