{"mean":{"confidence_interval":{"confidence_level":0.95,"lower_bound":-0.09323700874694636,"upper_bound":-0.08802383364067289},"point_estimate":-0.0909061222430182,"standard_error":0.0013518338361357804},"median":{"confidence_interval":{"confidence_level":0.95,"lower_bound":-0.0944873685808787,"upper_bound":-0.08956241741758353},"point_estimate":-0.09202086403303866,"standard_error":0.0013124136211574787}}