{"mean":{"confidence_interval":{"confidence_level":0.95,"lower_bound":-0.09313326952908087,"upper_bound":-0.08988750342252949},"point_estimate":-0.09162201497470834,"standard_error":0.0008184624483129359},"median":{"confidence_interval":{"confidence_level":0.95,"lower_bound":-0.09372762754569175,"upper_bound":-0.08977939743545871},"point_estimate":-0.09221536650844597,"standard_error":0.0010652647677327327}}