{"mean":{"confidence_interval":{"confidence_level":0.95,"lower_bound":1570341987.2,"upper_bound":1589945090.4},"point_estimate":1580037319.9,"standard_error":5045030.318113998},"median":{"confidence_interval":{"confidence_level":0.95,"lower_bound":1563545355.25,"upper_bound":1597818493.5},"point_estimate":1577002347.75,"standard_error":10779576.31601517},"median_abs_dev":{"confidence_interval":{"confidence_level":0.95,"lower_bound":985911.1912965775,"upper_bound":24507319.7435081},"point_estimate":22239143.046726286,"standard_error":7644672.462098522},"slope":null,"std_dev":{"confidence_interval":{"confidence_level":0.95,"lower_bound":11264747.365643308,"upper_bound":18770382.44545612},"point_estimate":16815427.024739664,"standard_error":1941706.004132968}}