{"mean":{"confidence_interval":{"confidence_level":0.95,"lower_bound":914162878.8333333,"upper_bound":915133921.0666668},"point_estimate":914645374.6333332,"standard_error":248946.20013579293},"median":{"confidence_interval":{"confidence_level":0.95,"lower_bound":913940277.0,"upper_bound":915511113.0},"point_estimate":914529225.8333333,"standard_error":488047.88346389367},"median_abs_dev":{"confidence_interval":{"confidence_level":0.95,"lower_bound":105826.00932115386,"upper_bound":1312824.4854927063},"point_estimate":1021096.9951719046,"standard_error":337486.9528491804},"slope":null,"std_dev":{"confidence_interval":{"confidence_level":0.95,"lower_bound":549244.1322702132,"upper_bound":964400.9652672642},"point_estimate":827472.4321530476,"standard_error":106614.7886247974}}