{"mean":{"confidence_interval":{"confidence_level":0.95,"lower_bound":-0.08556181627269235,"upper_bound":-0.08009583126425388},"point_estimate":-0.08303455613599997,"standard_error":0.0013903610111509186},"median":{"confidence_interval":{"confidence_level":0.95,"lower_bound":-0.08731152404785558,"upper_bound":-0.0800882162990949},"point_estimate":-0.08269146430415919,"standard_error":0.0018878377687994846}}