{"mean":{"confidence_interval":{"confidence_level":0.95,"lower_bound":3143909475.7175,"upper_bound":3151234260.4399996},"point_estimate":3147671507.6,"standard_error":1871041.9520598815},"median":{"confidence_interval":{"confidence_level":0.95,"lower_bound":3142595240.5,"upper_bound":3153365445.5},"point_estimate":3147644878.5,"standard_error":3068229.1246844116},"median_abs_dev":{"confidence_interval":{"confidence_level":0.95,"lower_bound":983994.189530611,"upper_bound":11162942.947018147},"point_estimate":7425220.939975977,"standard_error":2565681.4831839073},"slope":null,"std_dev":{"confidence_interval":{"confidence_level":0.95,"lower_bound":3756787.993045809,"upper_bound":7668961.262782519},"point_estimate":6254938.941051414,"standard_error":1018933.442183567}}