{"mean":{"confidence_interval":{"confidence_level":0.95,"lower_bound":-0.10111022698203272,"upper_bound":-0.09091674216131054},"point_estimate":-0.09634430404830407,"standard_error":0.0026810367718770227},"median":{"confidence_interval":{"confidence_level":0.95,"lower_bound":-0.1020434655134077,"upper_bound":-0.09386143567796768},"point_estimate":-0.10062440117848093,"standard_error":0.002190733796968204}}