{"mean":{"confidence_interval":{"confidence_level":0.95,"lower_bound":-0.09234822161496851,"upper_bound":-0.08938531667367793},"point_estimate":-0.09079079266039203,"standard_error":0.0007567524510092499},"median":{"confidence_interval":{"confidence_level":0.95,"lower_bound":-0.0924046536819163,"upper_bound":-0.08881627166204831},"point_estimate":-0.08981116288265345,"standard_error":0.0009415246412114399}}