{"mean":{"confidence_interval":{"confidence_level":0.95,"lower_bound":-0.1336541342675358,"upper_bound":-0.11201627466678983},"point_estimate":-0.12192757785355568,"standard_error":0.005505662833124064},"median":{"confidence_interval":{"confidence_level":0.95,"lower_bound":-0.13910925043871336,"upper_bound":-0.10223451286890539},"point_estimate":-0.12414178987901514,"standard_error":0.011942322744930565}}