{"mean":{"confidence_interval":{"confidence_level":0.95,"lower_bound":2135560288.49,"upper_bound":2144388183.6125},"point_estimate":2139929762.8,"standard_error":2261854.552524434},"median":{"confidence_interval":{"confidence_level":0.95,"lower_bound":2133928021.0,"upper_bound":2147195901.0},"point_estimate":2139534812.0,"standard_error":3609461.940889917},"median_abs_dev":{"confidence_interval":{"confidence_level":0.95,"lower_bound":1285965.704369545,"upper_bound":12413673.180413246},"point_estimate":8955611.041206121,"standard_error":2784223.3200055636},"slope":null,"std_dev":{"confidence_interval":{"confidence_level":0.95,"lower_bound":4524822.352763139,"upper_bound":9297674.040069386},"point_estimate":7515921.494994828,"standard_error":1220674.444528914}}