{"mean":{"confidence_interval":{"confidence_level":0.95,"lower_bound":942642598.5891668,"upper_bound":943670398.2416668},"point_estimate":943079086.1666666,"standard_error":269060.5130974723},"median":{"confidence_interval":{"confidence_level":0.95,"lower_bound":942556834.3333334,"upper_bound":943378124.1666667},"point_estimate":942837901.5,"standard_error":193320.90270563465},"median_abs_dev":{"confidence_interval":{"confidence_level":0.95,"lower_bound":127318.51983967389,"upper_bound":1004625.062364222},"point_estimate":401758.6473673582,"standard_error":241223.6139523804},"slope":null,"std_dev":{"confidence_interval":{"confidence_level":0.95,"lower_bound":250369.67312362912,"upper_bound":1300362.6597069046},"point_estimate":894743.0394645622,"standard_error":314999.5670012451}}