{"mean":{"confidence_interval":{"confidence_level":0.95,"lower_bound":14690804624.682499,"upper_bound":14812010722.7175},"point_estimate":14745235732.0,"standard_error":31029616.214312233},"median":{"confidence_interval":{"confidence_level":0.95,"lower_bound":14656936360.0,"upper_bound":14803481643.5},"point_estimate":14726208945.0,"standard_error":29215685.68876599},"median_abs_dev":{"confidence_interval":{"confidence_level":0.95,"lower_bound":13034522.297590971,"upper_bound":156411738.99683654},"point_estimate":73729303.06074321,"standard_error":40672602.55391018},"slope":null,"std_dev":{"confidence_interval":{"confidence_level":0.95,"lower_bound":39173496.990213744,"upper_bound":140349787.1689594},"point_estimate":103350669.88756664,"standard_error":27981547.6474572}}