{"mean":{"confidence_interval":{"confidence_level":0.95,"lower_bound":866604993.4666667,"upper_bound":869460871.6333334},"point_estimate":867848559.0666666,"standard_error":738791.3040032904},"median":{"confidence_interval":{"confidence_level":0.95,"lower_bound":865780289.0,"upper_bound":868830092.6666667},"point_estimate":867583407.3333333,"standard_error":596480.0686197128},"median_abs_dev":{"confidence_interval":{"confidence_level":0.95,"lower_bound":73267.86679932372,"upper_bound":3109753.44479084},"point_estimate":1635166.4297698454,"standard_error":1026801.8013361001},"slope":null,"std_dev":{"confidence_interval":{"confidence_level":0.95,"lower_bound":846280.2991882731,"upper_bound":3479449.0088843056},"point_estimate":2461069.4149601883,"standard_error":767201.3585793455}}