{"mean":{"confidence_interval":{"confidence_level":0.95,"lower_bound":2984761703.5975,"upper_bound":2991059931.6},"point_estimate":2987971265.0,"standard_error":1608894.9723551176},"median":{"confidence_interval":{"confidence_level":0.95,"lower_bound":2983689410.5,"upper_bound":2992859006.0},"point_estimate":2987762428.0,"standard_error":1968998.0937196803},"median_abs_dev":{"confidence_interval":{"confidence_level":0.95,"lower_bound":880315.2320712805,"upper_bound":9887490.359061956},"point_estimate":5252117.819756269,"standard_error":2523911.1390944268},"slope":null,"std_dev":{"confidence_interval":{"confidence_level":0.95,"lower_bound":2993373.6650876217,"upper_bound":6735086.616455908},"point_estimate":5359981.537054147,"standard_error":971760.9279770385}}