{"mean":{"confidence_interval":{"confidence_level":0.95,"lower_bound":2278612208.7,"upper_bound":2310608823.9674997},"point_estimate":2293181225.1,"standard_error":8228308.742872959},"median":{"confidence_interval":{"confidence_level":0.95,"lower_bound":2274248292.0,"upper_bound":2317418311.0},"point_estimate":2279924133.5,"standard_error":10543623.552262692},"median_abs_dev":{"confidence_interval":{"confidence_level":0.95,"lower_bound":2290167.731541395,"upper_bound":43384709.97466743},"point_estimate":9117711.850628257,"standard_error":10722676.78348663},"slope":null,"std_dev":{"confidence_interval":{"confidence_level":0.95,"lower_bound":5058575.823380249,"upper_bound":35798257.06779318},"point_estimate":27369672.12652563,"standard_error":6868855.101993513}}