{"mean":{"confidence_interval":{"confidence_level":0.95,"lower_bound":2143406757.055,"upper_bound":2155984640.3},"point_estimate":2149839312.4,"standard_error":3230228.3990627225},"median":{"confidence_interval":{"confidence_level":0.95,"lower_bound":2138374411.0,"upper_bound":2158333925.0},"point_estimate":2154559560.5,"standard_error":6258519.8207262205},"median_abs_dev":{"confidence_interval":{"confidence_level":0.95,"lower_bound":1274351.016175747,"upper_bound":16528492.266860604},"point_estimate":10643117.450746894,"standard_error":4316990.548175634},"slope":null,"std_dev":{"confidence_interval":{"confidence_level":0.95,"lower_bound":6872158.282688345,"upper_bound":12268827.669360787},"point_estimate":10750343.825461742,"standard_error":1375975.6744864166}}