{"mean":{"confidence_interval":{"confidence_level":0.95,"lower_bound":-0.08022849764499629,"upper_bound":-0.07018185314674308},"point_estimate":-0.07520535421173014,"standard_error":0.00255150754085314},"median":{"confidence_interval":{"confidence_level":0.95,"lower_bound":-0.08183174608343213,"upper_bound":-0.06699281909940735},"point_estimate":-0.08003456418125832,"standard_error":0.0046061355049664575}}