{"mean":{"confidence_interval":{"confidence_level":0.95,"lower_bound":-0.09505171738157558,"upper_bound":-0.09184431462508948},"point_estimate":-0.09347976887442977,"standard_error":0.0008199726740120148},"median":{"confidence_interval":{"confidence_level":0.95,"lower_bound":-0.09646666007344307,"upper_bound":-0.09225184853951973},"point_estimate":-0.09312555049103233,"standard_error":0.0009856946207190205}}