{"mean":{"confidence_interval":{"confidence_level":0.95,"lower_bound":2165121759.225,"upper_bound":2169472869.45},"point_estimate":2167282129.7,"standard_error":1117328.9442489704},"median":{"confidence_interval":{"confidence_level":0.95,"lower_bound":2163740265.0,"upper_bound":2170894521.0},"point_estimate":2167092894.0,"standard_error":1946590.5345212047},"median_abs_dev":{"confidence_interval":{"confidence_level":0.95,"lower_bound":1017685.5326324701,"upper_bound":5988293.199786544},"point_estimate":5303449.878644943,"standard_error":1419237.7476629429},"slope":null,"std_dev":{"confidence_interval":{"confidence_level":0.95,"lower_bound":2384022.8436368015,"upper_bound":4354694.637610796},"point_estimate":3720404.0011799214,"standard_error":502719.21132683737}}