{"mean":{"confidence_interval":{"confidence_level":0.95,"lower_bound":-0.0882775971011279,"upper_bound":-0.08298120408778026},"point_estimate":-0.085771894692655,"standard_error":0.0013659076367935688},"median":{"confidence_interval":{"confidence_level":0.95,"lower_bound":-0.0893760421971066,"upper_bound":-0.08195281558552359},"point_estimate":-0.08692480698547023,"standard_error":0.0017777828897930761}}