{"mean":{"confidence_interval":{"confidence_level":0.95,"lower_bound":1004402833.1,"upper_bound":1006596120.8},"point_estimate":1005440237.25,"standard_error":559672.8009670659},"median":{"confidence_interval":{"confidence_level":0.95,"lower_bound":1003959613.5,"upper_bound":1006063021.0},"point_estimate":1005524341.25,"standard_error":463312.34670690534},"median_abs_dev":{"confidence_interval":{"confidence_level":0.95,"lower_bound":200582.8036889434,"upper_bound":3166304.9968868494},"point_estimate":933160.6548830867,"standard_error":739907.3464190247},"slope":null,"std_dev":{"confidence_interval":{"confidence_level":0.95,"lower_bound":569656.4501955524,"upper_bound":2581749.0789228366},"point_estimate":1860025.4616606766,"standard_error":507461.83977804496}}