{"mean":{"confidence_interval":{"confidence_level":0.95,"lower_bound":2546511658.4,"upper_bound":2553875838.495},"point_estimate":2549966049.4,"standard_error":1892084.0205839975},"median":{"confidence_interval":{"confidence_level":0.95,"lower_bound":2545649512.0,"upper_bound":2555071890.5},"point_estimate":2548541247.0,"standard_error":1959804.8932099745},"median_abs_dev":{"confidence_interval":{"confidence_level":0.95,"lower_bound":974479.6041995287,"upper_bound":10313789.74249363},"point_estimate":4113653.02156806,"standard_error":2394570.92027875},"slope":null,"std_dev":{"confidence_interval":{"confidence_level":0.95,"lower_bound":2522753.90912595,"upper_bound":8082415.658319414},"point_estimate":6298863.158696041,"standard_error":1407272.5614570132}}