{"mean":{"confidence_interval":{"confidence_level":0.95,"lower_bound":662874.1807142857,"upper_bound":664564.2082860331},"point_estimate":663667.7151346372,"standard_error":432.1702506394825},"median":{"confidence_interval":{"confidence_level":0.95,"lower_bound":662952.2232142857,"upper_bound":664608.7831632653},"point_estimate":663175.7983630953,"standard_error":419.643764843098},"median_abs_dev":{"confidence_interval":{"confidence_level":0.95,"lower_bound":76.02553510867877,"upper_bound":2433.787873458288},"point_estimate":856.6727397909767,"standard_error":605.4406897426869},"slope":{"confidence_interval":{"confidence_level":0.95,"lower_bound":662917.4804904051,"upper_bound":664120.5418036047},"point_estimate":663354.6579777366,"standard_error":314.9162947014527},"std_dev":{"confidence_interval":{"confidence_level":0.95,"lower_bound":531.1251832664248,"upper_bound":1933.043612176399},"point_estimate":1440.8189066836974,"standard_error":358.61137950994527}}