{"mean":{"confidence_interval":{"confidence_level":0.95,"lower_bound":3225157200.4674997,"upper_bound":3229166675.4},"point_estimate":3227160660.2,"standard_error":1028341.4392057622},"median":{"confidence_interval":{"confidence_level":0.95,"lower_bound":3223788291.0,"upper_bound":3230206078.5},"point_estimate":3227203284.0,"standard_error":1555703.217102315},"median_abs_dev":{"confidence_interval":{"confidence_level":0.95,"lower_bound":1036208.3954036236,"upper_bound":5909759.137880802},"point_estimate":4139488.067409396,"standard_error":1271533.0256279116},"slope":null,"std_dev":{"confidence_interval":{"confidence_level":0.95,"lower_bound":2094348.99786842,"upper_bound":4171288.0619632527},"point_estimate":3437506.316998763,"standard_error":533017.8154878416}}