{"mean":{"confidence_interval":{"confidence_level":0.95,"lower_bound":1129389390.7475,"upper_bound":1131482712.95},"point_estimate":1130557104.9,"standard_error":540124.6959674879},"median":{"confidence_interval":{"confidence_level":0.95,"lower_bound":1130079799.75,"upper_bound":1131516944.5},"point_estimate":1130848325.0,"standard_error":345867.63002316037},"median_abs_dev":{"confidence_interval":{"confidence_level":0.95,"lower_bound":235626.27796679735,"upper_bound":2259987.185177207},"point_estimate":845288.8076931238,"standard_error":506204.2312861944},"slope":null,"std_dev":{"confidence_interval":{"confidence_level":0.95,"lower_bound":468044.746061136,"upper_bound":2588817.879170371},"point_estimate":1792333.7716431613,"standard_error":603679.4153772361}}