{"mean":{"confidence_interval":{"confidence_level":0.95,"lower_bound":-0.13682152452179408,"upper_bound":-0.11626736081175441},"point_estimate":-0.12616985962787797,"standard_error":0.005190079712293022},"median":{"confidence_interval":{"confidence_level":0.95,"lower_bound":-0.1387622243750649,"upper_bound":-0.113784560874579},"point_estimate":-0.12091239108282026,"standard_error":0.005236608182342304}}