{"mean":{"confidence_interval":{"confidence_level":0.95,"lower_bound":2559205325.185,"upper_bound":2563042273.5699997},"point_estimate":2561002260.2,"standard_error":984909.9498362987},"median":{"confidence_interval":{"confidence_level":0.95,"lower_bound":2558356321.0,"upper_bound":2563404288.0},"point_estimate":2560168699.0,"standard_error":1277110.0743295306},"median_abs_dev":{"confidence_interval":{"confidence_level":0.95,"lower_bound":650083.0234587193,"upper_bound":5455116.8907523155},"point_estimate":2701321.6149419546,"standard_error":1250512.703431993},"slope":null,"std_dev":{"confidence_interval":{"confidence_level":0.95,"lower_bound":1450460.994728385,"upper_bound":4117631.7114766496},"point_estimate":3283807.223366087,"standard_error":671749.5956305132}}