{"mean":{"confidence_interval":{"confidence_level":0.95,"lower_bound":1504870288.6,"upper_bound":1507388626.1},"point_estimate":1506146330.25,"standard_error":645767.1007487376},"median":{"confidence_interval":{"confidence_level":0.95,"lower_bound":1504292969.25,"upper_bound":1507776969.5},"point_estimate":1505904770.25,"standard_error":798524.3006819424},"median_abs_dev":{"confidence_interval":{"confidence_level":0.95,"lower_bound":278440.4293566942,"upper_bound":3858171.023453772},"point_estimate":2323576.268698275,"standard_error":1016926.434594981},"slope":null,"std_dev":{"confidence_interval":{"confidence_level":0.95,"lower_bound":1135339.1006156902,"upper_bound":2742877.5565233817},"point_estimate":2153286.2771445448,"standard_error":404445.39501532225}}