{"mean":{"confidence_interval":{"confidence_level":0.95,"lower_bound":927918825.7333332,"upper_bound":929743493.9408333},"point_estimate":928852952.1333334,"standard_error":468526.74642652244},"median":{"confidence_interval":{"confidence_level":0.95,"lower_bound":927404111.3333334,"upper_bound":930275304.0},"point_estimate":929170729.5,"standard_error":662685.6951141765},"median_abs_dev":{"confidence_interval":{"confidence_level":0.95,"lower_bound":143199.88365769386,"upper_bound":2690497.1525340388},"point_estimate":1920234.08100906,"standard_error":679922.2721975858},"slope":null,"std_dev":{"confidence_interval":{"confidence_level":0.95,"lower_bound":872009.1891101485,"upper_bound":1882849.5798758154},"point_estimate":1559032.5721015567,"standard_error":249637.2468688425}}