{"mean":{"confidence_interval":{"confidence_level":0.95,"lower_bound":-0.08727410701532401,"upper_bound":-0.08500406311204174},"point_estimate":-0.08603234409127769,"standard_error":0.000583342468936835},"median":{"confidence_interval":{"confidence_level":0.95,"lower_bound":-0.08680290649377574,"upper_bound":-0.08491151726666835},"point_estimate":-0.08560513077938958,"standard_error":0.0005492670534225572}}