{"mean":{"confidence_interval":{"confidence_level":0.95,"lower_bound":2948004451.5,"upper_bound":2958014458.6},"point_estimate":2952760018.9,"standard_error":2578032.9109556996},"median":{"confidence_interval":{"confidence_level":0.95,"lower_bound":2945670482.0,"upper_bound":2958439096.5},"point_estimate":2951830024.0,"standard_error":3738359.492671656},"median_abs_dev":{"confidence_interval":{"confidence_level":0.95,"lower_bound":1573401.809066534,"upper_bound":15082620.742329955},"point_estimate":8343489.248773456,"standard_error":3245645.351203075},"slope":null,"std_dev":{"confidence_interval":{"confidence_level":0.95,"lower_bound":4530744.656731449,"upper_bound":11225284.203123823},"point_estimate":8592777.503449114,"standard_error":1830898.1539896661}}