{"mean":{"confidence_interval":{"confidence_level":0.95,"lower_bound":-0.07661709553176353,"upper_bound":-0.07337155109176739},"point_estimate":-0.07492092446035126,"standard_error":0.0008316309481675697},"median":{"confidence_interval":{"confidence_level":0.95,"lower_bound":-0.07588225279056138,"upper_bound":-0.07298569489057805},"point_estimate":-0.07488216972949302,"standard_error":0.0007228547077574865}}