{"mean":{"confidence_interval":{"confidence_level":0.95,"lower_bound":-0.09940216860851026,"upper_bound":-0.09550858050708233},"point_estimate":-0.09725749129751238,"standard_error":0.0010001956796781128},"median":{"confidence_interval":{"confidence_level":0.95,"lower_bound":-0.09791745326536383,"upper_bound":-0.09606453625621869},"point_estimate":-0.09726155863599406,"standard_error":0.0005385755421304957}}