{"mean":{"confidence_interval":{"confidence_level":0.95,"lower_bound":-0.04012095557931294,"upper_bound":-0.03697279370719573},"point_estimate":-0.03845473630604135,"standard_error":0.0008048640459987935},"median":{"confidence_interval":{"confidence_level":0.95,"lower_bound":-0.04037836237150527,"upper_bound":-0.03593460707926821},"point_estimate":-0.03844801183266289,"standard_error":0.001113907193400058}}