{"mean":{"confidence_interval":{"confidence_level":0.95,"lower_bound":-0.09395715730236742,"upper_bound":-0.09016437110083154},"point_estimate":-0.09233077129654277,"standard_error":0.0009694867262763009},"median":{"confidence_interval":{"confidence_level":0.95,"lower_bound":-0.09446706883660905,"upper_bound":-0.09172412997803736},"point_estimate":-0.09330072543356349,"standard_error":0.0007009420620417728}}