{"mean":{"confidence_interval":{"confidence_level":0.95,"lower_bound":1562403990.05,"upper_bound":1565204020.6},"point_estimate":1563561411.45,"standard_error":743714.9604690643},"median":{"confidence_interval":{"confidence_level":0.95,"lower_bound":1561783356.0,"upper_bound":1564062769.5},"point_estimate":1562922722.25,"standard_error":598258.9371116627},"median_abs_dev":{"confidence_interval":{"confidence_level":0.95,"lower_bound":130067.01309084892,"upper_bound":2610093.1614115834},"point_estimate":1689729.19755131,"standard_error":578883.417788527},"slope":null,"std_dev":{"confidence_interval":{"confidence_level":0.95,"lower_bound":727407.3341447897,"upper_bound":3704929.094162277},"point_estimate":2486293.804041173,"standard_error":965693.0309552156}}