{"mean":{"confidence_interval":{"confidence_level":0.95,"lower_bound":3.6357500729156293,"upper_bound":3.717778681775895},"point_estimate":3.676447453922285,"standard_error":0.020904011127324422},"median":{"confidence_interval":{"confidence_level":0.95,"lower_bound":3.615407591549067,"upper_bound":3.7343326829750794},"point_estimate":3.6917060575536267,"standard_error":0.03065103512218619}}