{"mean":{"confidence_interval":{"confidence_level":0.95,"lower_bound":1679365199.21125,"upper_bound":1681072887.0774999},"point_estimate":1680243912.35,"standard_error":437563.1392739424},"median":{"confidence_interval":{"confidence_level":0.95,"lower_bound":1679177130.5,"upper_bound":1681085692.0},"point_estimate":1680444652.0,"standard_error":382879.48581030534},"median_abs_dev":{"confidence_interval":{"confidence_level":0.95,"lower_bound":179092.14642047882,"upper_bound":2642663.288283348},"point_estimate":851809.6530273557,"standard_error":639442.4351174922},"slope":null,"std_dev":{"confidence_interval":{"confidence_level":0.95,"lower_bound":511568.6448634221,"upper_bound":1931820.9730777303},"point_estimate":1457296.1134751893,"standard_error":332352.64866500214}}