{"mean":{"confidence_interval":{"confidence_level":0.95,"lower_bound":2839557100.4,"upper_bound":2845347123.4},"point_estimate":2842203650.3,"standard_error":1493718.132059858},"median":{"confidence_interval":{"confidence_level":0.95,"lower_bound":2838465720.5,"upper_bound":2844325708.0},"point_estimate":2841579211.0,"standard_error":1371765.7496946456},"median_abs_dev":{"confidence_interval":{"confidence_level":0.95,"lower_bound":283960.1490586996,"upper_bound":7141778.959608078},"point_estimate":3780674.410879612,"standard_error":1819286.247668158},"slope":null,"std_dev":{"confidence_interval":{"confidence_level":0.95,"lower_bound":2014740.2575787073,"upper_bound":6837582.750370328},"point_estimate":4972422.201901494,"standard_error":1360396.3740356325}}