{"mean":{"confidence_interval":{"confidence_level":0.95,"lower_bound":1813366125.85,"upper_bound":1818390103.14875},"point_estimate":1815733117.25,"standard_error":1286796.0099859273},"median":{"confidence_interval":{"confidence_level":0.95,"lower_bound":1812862975.5,"upper_bound":1819371621.0},"point_estimate":1814235848.0,"standard_error":1700165.8215639335},"median_abs_dev":{"confidence_interval":{"confidence_level":0.95,"lower_bound":448380.85678964853,"upper_bound":6607913.241586089},"point_estimate":2131516.190958023,"standard_error":1777848.5250281065},"slope":null,"std_dev":{"confidence_interval":{"confidence_level":0.95,"lower_bound":1878759.387409872,"upper_bound":5365148.849031274},"point_estimate":4286364.301370674,"standard_error":856235.3521388274}}