{"mean":{"confidence_interval":{"confidence_level":0.95,"lower_bound":1168853287.27125,"upper_bound":1169744140.5},"point_estimate":1169270672.85,"standard_error":227509.36031420692},"median":{"confidence_interval":{"confidence_level":0.95,"lower_bound":1168689783.25,"upper_bound":1169690639.0},"point_estimate":1169203323.75,"standard_error":230255.90354820283},"median_abs_dev":{"confidence_interval":{"confidence_level":0.95,"lower_bound":154558.82335603237,"upper_bound":1202088.722808659},"point_estimate":505429.82117682695,"standard_error":282773.79455122806},"slope":null,"std_dev":{"confidence_interval":{"confidence_level":0.95,"lower_bound":346807.5644698966,"upper_bound":1018360.8081602501},"point_estimate":754657.780646008,"standard_error":183759.75063158356}}