{"mean":{"confidence_interval":{"confidence_level":0.95,"lower_bound":0.028835903692986393,"upper_bound":0.03477847910234332},"point_estimate":0.03192979788188399,"standard_error":0.0015235178811617333},"median":{"confidence_interval":{"confidence_level":0.95,"lower_bound":0.02771255762288516,"upper_bound":0.036521882220746704},"point_estimate":0.03344921675862644,"standard_error":0.002267775982799519}}