{"mean":{"confidence_interval":{"confidence_level":0.95,"lower_bound":4012181820.9,"upper_bound":4019148921.7},"point_estimate":4015632280.5,"standard_error":1788730.977834097},"median":{"confidence_interval":{"confidence_level":0.95,"lower_bound":4010612221.0,"upper_bound":4020974221.0},"point_estimate":4014694736.5,"standard_error":2923413.754255524},"median_abs_dev":{"confidence_interval":{"confidence_level":0.95,"lower_bound":1603746.1827278137,"upper_bound":9776398.401734233},"point_estimate":6612017.819613218,"standard_error":2222098.202738041},"slope":null,"std_dev":{"confidence_interval":{"confidence_level":0.95,"lower_bound":3630637.6628920357,"upper_bound":7329450.366882212},"point_estimate":5957657.910002,"standard_error":945257.5293312642}}