{"mean":{"confidence_interval":{"confidence_level":0.95,"lower_bound":2832494535.835,"upper_bound":2840643931.4},"point_estimate":2836123490.1,"standard_error":2106814.09760336},"median":{"confidence_interval":{"confidence_level":0.95,"lower_bound":2831312227.0,"upper_bound":2839206208.5},"point_estimate":2834216875.0,"standard_error":2173810.691405167},"median_abs_dev":{"confidence_interval":{"confidence_level":0.95,"lower_bound":1217048.5271930695,"upper_bound":9328820.002180338},"point_estimate":4976210.412454605,"standard_error":2070100.6798426143},"slope":null,"std_dev":{"confidence_interval":{"confidence_level":0.95,"lower_bound":2720450.7041663476,"upper_bound":9899460.270220045},"point_estimate":7023997.96194085,"standard_error":2121197.0021771095}}