{"mean":{"confidence_interval":{"confidence_level":0.95,"lower_bound":-0.08991584580788146,"upper_bound":-0.0863188068932742},"point_estimate":-0.08824380462023518,"standard_error":0.000913477998262564},"median":{"confidence_interval":{"confidence_level":0.95,"lower_bound":-0.09056803847696504,"upper_bound":-0.0860135898109381},"point_estimate":-0.08860000158115544,"standard_error":0.0011252302677161794}}