{"mean":{"confidence_interval":{"confidence_level":0.95,"lower_bound":2412966787.1,"upper_bound":2418551899.105},"point_estimate":2415849593.7,"standard_error":1420535.0494367913},"median":{"confidence_interval":{"confidence_level":0.95,"lower_bound":2413565807.0,"upper_bound":2418711443.5},"point_estimate":2416003883.0,"standard_error":1020724.636022189},"median_abs_dev":{"confidence_interval":{"confidence_level":0.95,"lower_bound":422057.6649069786,"upper_bound":7776340.643942356},"point_estimate":2446393.738567829,"standard_error":1981073.5429470297},"slope":null,"std_dev":{"confidence_interval":{"confidence_level":0.95,"lower_bound":1530777.9805043335,"upper_bound":6649608.337922348},"point_estimate":4738110.306313995,"standard_error":1246032.5534245803}}