{"mean":{"confidence_interval":{"confidence_level":0.95,"lower_bound":-0.08331390904713591,"upper_bound":-0.0780957239231671},"point_estimate":-0.08084848725747185,"standard_error":0.0013264192835491001},"median":{"confidence_interval":{"confidence_level":0.95,"lower_bound":-0.08459375764958699,"upper_bound":-0.07821864040321413},"point_estimate":-0.08012542264088696,"standard_error":0.001709007323820152}}