{"mean":{"confidence_interval":{"confidence_level":0.95,"lower_bound":1919349933.0825,"upper_bound":1921689885.2625},"point_estimate":1920407554.05,"standard_error":601881.6071967529},"median":{"confidence_interval":{"confidence_level":0.95,"lower_bound":1919033515.75,"upper_bound":1921201608.75},"point_estimate":1920103192.0,"standard_error":557306.0077243433},"median_abs_dev":{"confidence_interval":{"confidence_level":0.95,"lower_bound":202119.14791166782,"upper_bound":2788658.9848414063},"point_estimate":1167532.2826221585,"standard_error":649624.1430817981},"slope":null,"std_dev":{"confidence_interval":{"confidence_level":0.95,"lower_bound":770543.8297478765,"upper_bound":2827713.366122386},"point_estimate":2005195.9259241484,"standard_error":591194.917018054}}