{"mean":{"confidence_interval":{"confidence_level":0.95,"lower_bound":-0.08057080307472464,"upper_bound":-0.07131915156457587},"point_estimate":-0.07599896086891356,"standard_error":0.0024637009561980314},"median":{"confidence_interval":{"confidence_level":0.95,"lower_bound":-0.08046124682254097,"upper_bound":-0.0753674787618489},"point_estimate":-0.0780106522258035,"standard_error":0.0016808163434048696}}