{"mean":{"confidence_interval":{"confidence_level":0.95,"lower_bound":1666307140.95,"upper_bound":1674970304.45},"point_estimate":1670463012.8,"standard_error":2226374.7924271626},"median":{"confidence_interval":{"confidence_level":0.95,"lower_bound":1663641371.5,"upper_bound":1676904507.75},"point_estimate":1669293584.0,"standard_error":3178439.7576442384},"median_abs_dev":{"confidence_interval":{"confidence_level":0.95,"lower_bound":1763135.316798091,"upper_bound":12855732.601565123},"point_estimate":7673697.28256464,"standard_error":2947092.7419618196},"slope":null,"std_dev":{"confidence_interval":{"confidence_level":0.95,"lower_bound":3858434.2776224553,"upper_bound":9183582.7126832},"point_estimate":7408206.175803493,"standard_error":1354785.702545152}}