{"mean":{"confidence_interval":{"confidence_level":0.95,"lower_bound":-0.11705187191340065,"upper_bound":-0.11561717749068309},"point_estimate":-0.1164454038203403,"standard_error":0.0003690582538369159},"median":{"confidence_interval":{"confidence_level":0.95,"lower_bound":-0.11720603868851331,"upper_bound":-0.11585909853230847},"point_estimate":-0.11685234273641076,"standard_error":0.0003114559601036655}}