{"mean":{"confidence_interval":{"confidence_level":0.95,"lower_bound":-0.09098277192300001,"upper_bound":-0.08831615376729123},"point_estimate":-0.08969584203815961,"standard_error":0.0006817316287115006},"median":{"confidence_interval":{"confidence_level":0.95,"lower_bound":-0.09184357834090207,"upper_bound":-0.08796249041071935},"point_estimate":-0.09021096589678379,"standard_error":0.0009335678703321884}}