{"mean":{"confidence_interval":{"confidence_level":0.95,"lower_bound":3604964985.33,"upper_bound":3610247071.5},"point_estimate":3607608723.3,"standard_error":1347314.690947178},"median":{"confidence_interval":{"confidence_level":0.95,"lower_bound":3604090579.0,"upper_bound":3611135249.0},"point_estimate":3607585598.5,"standard_error":2000579.3863560252},"median_abs_dev":{"confidence_interval":{"confidence_level":0.95,"lower_bound":1384116.046527028,"upper_bound":7452343.623894453},"point_estimate":5222213.778287172,"standard_error":1543753.1491711242},"slope":null,"std_dev":{"confidence_interval":{"confidence_level":0.95,"lower_bound":2658971.2839251054,"upper_bound":5597787.981421216},"point_estimate":4488027.984657381,"standard_error":751059.3622625981}}