{"mean":{"confidence_interval":{"confidence_level":0.95,"lower_bound":1112766466.7,"upper_bound":1118137356.95},"point_estimate":1114971411.2,"standard_error":1427324.757536219},"median":{"confidence_interval":{"confidence_level":0.95,"lower_bound":1111926551.5,"upper_bound":1116152148.0},"point_estimate":1113332207.0,"standard_error":1004608.2028337246},"median_abs_dev":{"confidence_interval":{"confidence_level":0.95,"lower_bound":102569.97267901897,"upper_bound":4524552.26842314},"point_estimate":2088007.4414804578,"standard_error":1150641.4236046695},"slope":null,"std_dev":{"confidence_interval":{"confidence_level":0.95,"lower_bound":956704.8203821757,"upper_bound":7013278.390174627},"point_estimate":4750206.2383556925,"standard_error":1845814.3136288838}}