{"mean":{"confidence_interval":{"confidence_level":0.95,"lower_bound":1358047789.96875,"upper_bound":1360535004.46875},"point_estimate":1359276883.25,"standard_error":633951.5233733718},"median":{"confidence_interval":{"confidence_level":0.95,"lower_bound":1357486478.5,"upper_bound":1360541985.5},"point_estimate":1359647099.0,"standard_error":778249.3794746415},"median_abs_dev":{"confidence_interval":{"confidence_level":0.95,"lower_bound":218336.19707375765,"upper_bound":3801847.421103716},"point_estimate":1916429.4823765755,"standard_error":874167.2243290071},"slope":null,"std_dev":{"confidence_interval":{"confidence_level":0.95,"lower_bound":1080816.3986753009,"upper_bound":2792903.058195153},"point_estimate":2111380.5752434595,"standard_error":443210.9781061494}}