{"mean":{"confidence_interval":{"confidence_level":0.95,"lower_bound":1406446499.85,"upper_bound":1408457240.8},"point_estimate":1407394796.4,"standard_error":515644.1098563276},"median":{"confidence_interval":{"confidence_level":0.95,"lower_bound":1406246143.0,"upper_bound":1408535282.5},"point_estimate":1407085614.0,"standard_error":605114.6550221567},"median_abs_dev":{"confidence_interval":{"confidence_level":0.95,"lower_bound":286812.3007580638,"upper_bound":2817401.7798811197},"point_estimate":1319263.4171783924,"standard_error":639331.8250574804},"slope":null,"std_dev":{"confidence_interval":{"confidence_level":0.95,"lower_bound":786045.2769388288,"upper_bound":2291617.8708987148},"point_estimate":1718823.3884294191,"standard_error":395835.7809839379}}