{"mean":{"confidence_interval":{"confidence_level":0.95,"lower_bound":1525964360.4812498,"upper_bound":1528443948.5475},"point_estimate":1527107112.2,"standard_error":633646.8028300112},"median":{"confidence_interval":{"confidence_level":0.95,"lower_bound":1525193609.5,"upper_bound":1528263993.25},"point_estimate":1526870900.25,"standard_error":770440.6191462937},"median_abs_dev":{"confidence_interval":{"confidence_level":0.95,"lower_bound":251512.33668476343,"upper_bound":3475413.747999072},"point_estimate":2038611.2875074148,"standard_error":766360.2042570388},"slope":null,"std_dev":{"confidence_interval":{"confidence_level":0.95,"lower_bound":999436.8280632043,"upper_bound":2858393.448346748},"point_estimate":2109187.5327936662,"standard_error":530190.0685121602}}