{"mean":{"confidence_interval":{"confidence_level":0.95,"lower_bound":-0.09569981328704841,"upper_bound":-0.08775941035903481},"point_estimate":-0.09134425478094643,"standard_error":0.0020309368799437855},"median":{"confidence_interval":{"confidence_level":0.95,"lower_bound":-0.09348432921231198,"upper_bound":-0.08751197253854526},"point_estimate":-0.09004829428367689,"standard_error":0.001552712835028343}}