{"mean":{"confidence_interval":{"confidence_level":0.95,"lower_bound":-0.0625541394186887,"upper_bound":-0.030060322697667605},"point_estimate":-0.04747224842494646,"standard_error":0.008239820174274954},"median":{"confidence_interval":{"confidence_level":0.95,"lower_bound":-0.06492746402844973,"upper_bound":-0.023590056748804322},"point_estimate":-0.06051161912228742,"standard_error":0.010432226536002247}}