{"mean":{"confidence_interval":{"confidence_level":0.95,"lower_bound":2925004807.2025,"upper_bound":2936525910.525},"point_estimate":2930867044.0,"standard_error":2940963.0085144993},"median":{"confidence_interval":{"confidence_level":0.95,"lower_bound":2922128795.5,"upper_bound":2937178344.0},"point_estimate":2931531883.5,"standard_error":3367034.405543545},"median_abs_dev":{"confidence_interval":{"confidence_level":0.95,"lower_bound":1186632.9887330532,"upper_bound":16402002.026206255},"point_estimate":6882368.442213535,"standard_error":4260855.396002733},"slope":null,"std_dev":{"confidence_interval":{"confidence_level":0.95,"lower_bound":4220274.51105674,"upper_bound":12886692.475055909},"point_estimate":9854170.049384136,"standard_error":2051683.6316617213}}