{"mean":{"confidence_interval":{"confidence_level":0.95,"lower_bound":1719643573.51875,"upper_bound":1723251256.9},"point_estimate":1721145610.0,"standard_error":944870.8221119232},"median":{"confidence_interval":{"confidence_level":0.95,"lower_bound":1719132057.0,"upper_bound":1721923831.0},"point_estimate":1720336666.5,"standard_error":813329.6927871379},"median_abs_dev":{"confidence_interval":{"confidence_level":0.95,"lower_bound":316896.4781239629,"upper_bound":3302884.701012075},"point_estimate":1852234.0154662728,"standard_error":779676.0222612303},"slope":null,"std_dev":{"confidence_interval":{"confidence_level":0.95,"lower_bound":930514.669081779,"upper_bound":4647818.062889117},"point_estimate":3148942.4562180927,"standard_error":1163352.9237275976}}