{"mean":{"confidence_interval":{"confidence_level":0.95,"lower_bound":1585828499.8,"upper_bound":1587474470.61},"point_estimate":1586687128.35,"standard_error":422663.61611385393},"median":{"confidence_interval":{"confidence_level":0.95,"lower_bound":1585505262.75,"upper_bound":1587833249.25},"point_estimate":1587233823.25,"standard_error":608489.9298539609},"median_abs_dev":{"confidence_interval":{"confidence_level":0.95,"lower_bound":104443.60839575529,"upper_bound":2352406.490805146},"point_estimate":1498540.888595581,"standard_error":583103.8105539627},"slope":null,"std_dev":{"confidence_interval":{"confidence_level":0.95,"lower_bound":739802.1488378122,"upper_bound":1724178.1908217273},"point_estimate":1411343.628139552,"standard_error":245924.5192299439}}