{"mean":{"confidence_interval":{"confidence_level":0.95,"lower_bound":3584504942.8,"upper_bound":3647099275.3},"point_estimate":3613220674.1,"standard_error":16104840.066879196},"median":{"confidence_interval":{"confidence_level":0.95,"lower_bound":3578452153.0,"upper_bound":3641378709.0},"point_estimate":3606743497.0,"standard_error":14606273.483179998},"median_abs_dev":{"confidence_interval":{"confidence_level":0.95,"lower_bound":3153232.1716189384,"upper_bound":78787039.42185044},"point_estimate":44946282.85984397,"standard_error":19126820.179569285},"slope":null,"std_dev":{"confidence_interval":{"confidence_level":0.95,"lower_bound":21932051.715263385,"upper_bound":74210515.04756173},"point_estimate":53573172.687028825,"standard_error":14778058.319996532}}