{"mean":{"confidence_interval":{"confidence_level":0.95,"lower_bound":1321181226.5162501,"upper_bound":1323329915.1},"point_estimate":1322253107.0,"standard_error":546482.4404144161},"median":{"confidence_interval":{"confidence_level":0.95,"lower_bound":1321087035.25,"upper_bound":1323361285.5},"point_estimate":1322302810.25,"standard_error":646635.5687817966},"median_abs_dev":{"confidence_interval":{"confidence_level":0.95,"lower_bound":414942.29698330164,"upper_bound":3216061.7933034897},"point_estimate":1613559.8826035857,"standard_error":658354.8926795649},"slope":null,"std_dev":{"confidence_interval":{"confidence_level":0.95,"lower_bound":884950.4644655793,"upper_bound":2419248.6117492463},"point_estimate":1818628.625658646,"standard_error":397069.51356589474}}