{"mean":{"confidence_interval":{"confidence_level":0.95,"lower_bound":-0.08832214607059136,"upper_bound":-0.08479221254841925},"point_estimate":-0.08653485720513332,"standard_error":0.0009029204615497096},"median":{"confidence_interval":{"confidence_level":0.95,"lower_bound":-0.08925871656304518,"upper_bound":-0.08340361015363684},"point_estimate":-0.08663101320459088,"standard_error":0.0016305018895807748}}