{"mean":{"confidence_interval":{"confidence_level":0.95,"lower_bound":-0.0626132666398425,"upper_bound":-0.039016994136840184},"point_estimate":-0.04908346022785748,"standard_error":0.006151513939103285},"median":{"confidence_interval":{"confidence_level":0.95,"lower_bound":-0.055886883143498434,"upper_bound":-0.039817267871995465},"point_estimate":-0.04269823569976805,"standard_error":0.004439703099276577}}