{"mean":{"confidence_interval":{"confidence_level":0.95,"lower_bound":1209383725.4,"upper_bound":1211626825.52},"point_estimate":1210459217.0,"standard_error":576657.4784519449},"median":{"confidence_interval":{"confidence_level":0.95,"lower_bound":1208806289.0,"upper_bound":1212170914.0},"point_estimate":1209626081.75,"standard_error":1075558.1759021175},"median_abs_dev":{"confidence_interval":{"confidence_level":0.95,"lower_bound":225732.5176924467,"upper_bound":2813233.4500551224},"point_estimate":1555096.517841518,"standard_error":765953.7850695584},"slope":null,"std_dev":{"confidence_interval":{"confidence_level":0.95,"lower_bound":1089263.4452863464,"upper_bound":2310178.829290425},"point_estimate":1923417.3357427458,"standard_error":304927.95261933096}}