{"mean":{"confidence_interval":{"confidence_level":0.95,"lower_bound":2533608517.6825004,"upper_bound":2536386722.7},"point_estimate":2534986427.1,"standard_error":710291.4600644993},"median":{"confidence_interval":{"confidence_level":0.95,"lower_bound":2533079771.0,"upper_bound":2536848395.0},"point_estimate":2534997508.5,"standard_error":753325.797619889},"median_abs_dev":{"confidence_interval":{"confidence_level":0.95,"lower_bound":339477.58767306805,"upper_bound":4830441.924342513},"point_estimate":1695123.2669055462,"standard_error":1197028.380919559},"slope":null,"std_dev":{"confidence_interval":{"confidence_level":0.95,"lower_bound":1277438.9893346922,"upper_bound":3018363.8945489605},"point_estimate":2377726.4265452996,"standard_error":450264.84947186895}}