{"mean":{"confidence_interval":{"confidence_level":0.95,"lower_bound":-0.08718002759744523,"upper_bound":-0.08052299630495881},"point_estimate":-0.08394338635821408,"standard_error":0.0017118596446795504},"median":{"confidence_interval":{"confidence_level":0.95,"lower_bound":-0.08889771230455834,"upper_bound":-0.07884944658102377},"point_estimate":-0.08608561047177976,"standard_error":0.0022493548672836874}}