{"mean":{"confidence_interval":{"confidence_level":0.95,"lower_bound":-0.09642788853857065,"upper_bound":-0.0897965453308851},"point_estimate":-0.09265489938170457,"standard_error":0.0017252711192766543},"median":{"confidence_interval":{"confidence_level":0.95,"lower_bound":-0.09413985197447772,"upper_bound":-0.08927357163521199},"point_estimate":-0.09045942926449324,"standard_error":0.0011892460774213546}}