{"mean":{"confidence_interval":{"confidence_level":0.95,"lower_bound":75679808.0243492,"upper_bound":78110043.29206347},"point_estimate":76769833.73239683,"standard_error":625057.8463596504},"median":{"confidence_interval":{"confidence_level":0.95,"lower_bound":75446315.77142857,"upper_bound":78321864.54166666},"point_estimate":75648988.48888889,"standard_error":696559.7502986887},"median_abs_dev":{"confidence_interval":{"confidence_level":0.95,"lower_bound":40509.34265415512,"upper_bound":2817535.8196267416},"point_estimate":650537.9110173151,"standard_error":782245.9022254252},"slope":{"confidence_interval":{"confidence_level":0.95,"lower_bound":75641101.81706537,"upper_bound":77750676.38066778},"point_estimate":76507124.02701299,"standard_error":532504.1047348669},"std_dev":{"confidence_interval":{"confidence_level":0.95,"lower_bound":575328.1132769271,"upper_bound":2699375.5608597426},"point_estimate":2077185.1645825475,"standard_error":560034.2540308255}}