{"mean":{"confidence_interval":{"confidence_level":0.95,"lower_bound":-0.08026442333660498,"upper_bound":-0.07239017967697461},"point_estimate":-0.07570318998361703,"standard_error":0.002050155241477617},"median":{"confidence_interval":{"confidence_level":0.95,"lower_bound":-0.0781245176601949,"upper_bound":-0.07145370170906595},"point_estimate":-0.07296806616584606,"standard_error":0.0015095976475782088}}