{"mean":{"confidence_interval":{"confidence_level":0.95,"lower_bound":3749940746.72,"upper_bound":3757849220.7},"point_estimate":3753697146.4,"standard_error":2016300.1057220907},"median":{"confidence_interval":{"confidence_level":0.95,"lower_bound":3747961505.0,"upper_bound":3756303909.0},"point_estimate":3755157842.5,"standard_error":2453787.7116684294},"median_abs_dev":{"confidence_interval":{"confidence_level":0.95,"lower_bound":407144.1917717457,"upper_bound":11643541.813185811},"point_estimate":4888550.947710872,"standard_error":3021218.717293591},"slope":null,"std_dev":{"confidence_interval":{"confidence_level":0.95,"lower_bound":3300429.603458475,"upper_bound":9157814.257277766},"point_estimate":6745213.1287076,"standard_error":1631059.3377650708}}