{"mean":{"confidence_interval":{"confidence_level":0.95,"lower_bound":2328728642.0925,"upper_bound":2333775670.5},"point_estimate":2330984197.5,"standard_error":1304728.5474624562},"median":{"confidence_interval":{"confidence_level":0.95,"lower_bound":2328125305.0,"upper_bound":2332963709.0},"point_estimate":2330050374.0,"standard_error":1078148.3220623583},"median_abs_dev":{"confidence_interval":{"confidence_level":0.95,"lower_bound":491898.5018670559,"upper_bound":5687828.747820854},"point_estimate":2851014.545184374,"standard_error":1531567.1565625235},"slope":null,"std_dev":{"confidence_interval":{"confidence_level":0.95,"lower_bound":1605886.3792914734,"upper_bound":6161802.939756327},"point_estimate":4335710.194995798,"standard_error":1319339.700486072}}