{"mean":{"confidence_interval":{"confidence_level":0.95,"lower_bound":-0.06846228916010164,"upper_bound":-0.060966344122686915},"point_estimate":-0.06504565925857897,"standard_error":0.0019216810689142076},"median":{"confidence_interval":{"confidence_level":0.95,"lower_bound":-0.06932519168053208,"upper_bound":-0.06399681313270922},"point_estimate":-0.06649695713883597,"standard_error":0.001334207079676014}}