{"mean":{"confidence_interval":{"confidence_level":0.95,"lower_bound":2078504701.4475,"upper_bound":2082437456.7025},"point_estimate":2080424650.8,"standard_error":1004342.8788903458},"median":{"confidence_interval":{"confidence_level":0.95,"lower_bound":2078612367.0,"upper_bound":2082561201.0},"point_estimate":2079577944.5,"standard_error":1006250.8874297389},"median_abs_dev":{"confidence_interval":{"confidence_level":0.95,"lower_bound":125497.63997197151,"upper_bound":5842590.6873732805},"point_estimate":2119011.201480031,"standard_error":1570298.1864071868},"slope":null,"std_dev":{"confidence_interval":{"confidence_level":0.95,"lower_bound":1574121.3950663458,"upper_bound":4425553.318227587},"point_estimate":3352999.698171998,"standard_error":726129.755511461}}