{"mean":{"confidence_interval":{"confidence_level":0.95,"lower_bound":-0.06377007000945599,"upper_bound":-0.029860143076874037},"point_estimate":-0.05080313729045538,"standard_error":0.008874622835910777},"median":{"confidence_interval":{"confidence_level":0.95,"lower_bound":-0.06554910368785838,"upper_bound":-0.046080922468239804},"point_estimate":-0.06125932996354577,"standard_error":0.004061843680377976}}