{"mean":{"confidence_interval":{"confidence_level":0.95,"lower_bound":-0.09630873200762562,"upper_bound":-0.09149406347610657},"point_estimate":-0.09364854687961122,"standard_error":0.0012447022131991483},"median":{"confidence_interval":{"confidence_level":0.95,"lower_bound":-0.09492006628069238,"upper_bound":-0.09061867583788019},"point_estimate":-0.09291460898960124,"standard_error":0.0013882931882981124}}