{"mean":{"confidence_interval":{"confidence_level":0.95,"lower_bound":-0.07837373758117595,"upper_bound":-0.06002157641867856},"point_estimate":-0.06874197500679236,"standard_error":0.004729928609132477},"median":{"confidence_interval":{"confidence_level":0.95,"lower_bound":-0.08481918582838444,"upper_bound":-0.05346640769862865},"point_estimate":-0.06743525314410648,"standard_error":0.008490000321876846}}