{"mean":{"confidence_interval":{"confidence_level":0.95,"lower_bound":3203447773.9,"upper_bound":3209821340.005},"point_estimate":3206413655.2,"standard_error":1636056.3739646985},"median":{"confidence_interval":{"confidence_level":0.95,"lower_bound":3202076215.0,"upper_bound":3209750149.0},"point_estimate":3205366646.5,"standard_error":1928574.783111332},"median_abs_dev":{"confidence_interval":{"confidence_level":0.95,"lower_bound":1331770.630556345,"upper_bound":8757256.214627624},"point_estimate":4991381.857985258,"standard_error":1931640.5186670094},"slope":null,"std_dev":{"confidence_interval":{"confidence_level":0.95,"lower_bound":2407803.6683675023,"upper_bound":7112871.689759888},"point_estimate":5441954.541255513,"standard_error":1241123.2431407468}}