{"mean":{"confidence_interval":{"confidence_level":0.95,"lower_bound":2066179325.1,"upper_bound":2076220665.7},"point_estimate":2070880767.8,"standard_error":2593946.342056213},"median":{"confidence_interval":{"confidence_level":0.95,"lower_bound":2064364413.0,"upper_bound":2082221986.0},"point_estimate":2066616730.5,"standard_error":4336813.282128942},"median_abs_dev":{"confidence_interval":{"confidence_level":0.95,"lower_bound":887909.1091364622,"upper_bound":13352041.838353872},"point_estimate":4330876.156711578,"standard_error":3242493.4353149654},"slope":null,"std_dev":{"confidence_interval":{"confidence_level":0.95,"lower_bound":2415798.6694191564,"upper_bound":9868256.89959346},"point_estimate":8650469.754359981,"standard_error":1560279.1106902908}}