{"mean":{"confidence_interval":{"confidence_level":0.95,"lower_bound":-0.08331348785853418,"upper_bound":-0.07694550132350185},"point_estimate":-0.08057480624596758,"standard_error":0.0016460412610902217},"median":{"confidence_interval":{"confidence_level":0.95,"lower_bound":-0.08404694927343426,"upper_bound":-0.0799084043320647},"point_estimate":-0.0828374774683005,"standard_error":0.00109390997415931}}