{"mean":{"confidence_interval":{"confidence_level":0.95,"lower_bound":-0.12482568620719249,"upper_bound":-0.09962672329047738},"point_estimate":-0.11261524995777983,"standard_error":0.0064784080430391675},"median":{"confidence_interval":{"confidence_level":0.95,"lower_bound":-0.13060244130131027,"upper_bound":-0.09543549558954112},"point_estimate":-0.12338807588335232,"standard_error":0.008233245419389065}}