{"mean":{"confidence_interval":{"confidence_level":0.95,"lower_bound":-0.07653276671568802,"upper_bound":-0.0669581304424137},"point_estimate":-0.07233974257297049,"standard_error":0.0024405284764999154},"median":{"confidence_interval":{"confidence_level":0.95,"lower_bound":-0.07715344802709756,"upper_bound":-0.06967117838146075},"point_estimate":-0.07324896897753197,"standard_error":0.00195726350197251}}