{"mean":{"confidence_interval":{"confidence_level":0.95,"lower_bound":-0.13804266546715235,"upper_bound":-0.13538132274873865},"point_estimate":-0.13678340805436473,"standard_error":0.0006815878722193253},"median":{"confidence_interval":{"confidence_level":0.95,"lower_bound":-0.13807589527891373,"upper_bound":-0.13530085707800843},"point_estimate":-0.13706185417529226,"standard_error":0.0005495799840935575}}