{"mean":{"confidence_interval":{"confidence_level":0.95,"lower_bound":-0.09818367615228828,"upper_bound":-0.08929989280548857},"point_estimate":-0.09326366588861534,"standard_error":0.002294758822369547},"median":{"confidence_interval":{"confidence_level":0.95,"lower_bound":-0.09667959797603187,"upper_bound":-0.08815525499778865},"point_estimate":-0.09115936138226854,"standard_error":0.001849224952227433}}