{"mean":{"confidence_interval":{"confidence_level":0.95,"lower_bound":-0.08141264765985368,"upper_bound":-0.06377410041379558},"point_estimate":-0.07317842087458537,"standard_error":0.004350119209572681},"median":{"confidence_interval":{"confidence_level":0.95,"lower_bound":-0.08361556591038888,"upper_bound":-0.06439688559651047},"point_estimate":-0.07471105742437811,"standard_error":0.004617850430414048}}