{"mean":{"confidence_interval":{"confidence_level":0.95,"lower_bound":1300222300.75,"upper_bound":1304477065.8},"point_estimate":1302112311.55,"standard_error":1099013.6879830533},"median":{"confidence_interval":{"confidence_level":0.95,"lower_bound":1299203189.0,"upper_bound":1303467891.25},"point_estimate":1301469389.75,"standard_error":995262.8843272608},"median_abs_dev":{"confidence_interval":{"confidence_level":0.95,"lower_bound":581536.12562567,"upper_bound":4865255.96627444},"point_estimate":2949312.7766892314,"standard_error":1212457.2177656628},"slope":null,"std_dev":{"confidence_interval":{"confidence_level":0.95,"lower_bound":1418350.9321813942,"upper_bound":5145690.003870043},"point_estimate":3652334.8993051723,"standard_error":1093574.764333363}}