{"mean":{"confidence_interval":{"confidence_level":0.95,"lower_bound":-0.09717607758329704,"upper_bound":-0.08611310919260956},"point_estimate":-0.09174930634918677,"standard_error":0.002795664424180946},"median":{"confidence_interval":{"confidence_level":0.95,"lower_bound":-0.09843675295777188,"upper_bound":-0.08549843545812741},"point_estimate":-0.09731216994139935,"standard_error":0.003718997764694641}}