{"mean":{"confidence_interval":{"confidence_level":0.95,"lower_bound":3780758868.22,"upper_bound":3787126201.5225},"point_estimate":3783702786.2,"standard_error":1631306.9225303256},"median":{"confidence_interval":{"confidence_level":0.95,"lower_bound":3780191703.5,"upper_bound":3785676036.5},"point_estimate":3783367806.0,"standard_error":1313912.3542755232},"median_abs_dev":{"confidence_interval":{"confidence_level":0.95,"lower_bound":756243.1119740009,"upper_bound":8039178.932476044},"point_estimate":3287004.943343997,"standard_error":1852586.4598229467},"slope":null,"std_dev":{"confidence_interval":{"confidence_level":0.95,"lower_bound":2067716.2234849923,"upper_bound":7608799.677785513},"point_estimate":5436914.386302048,"standard_error":1524518.421618994}}