{"mean":{"confidence_interval":{"confidence_level":0.95,"lower_bound":1800958202.5325,"upper_bound":1804272897.55},"point_estimate":1802471744.35,"standard_error":853296.0095711171},"median":{"confidence_interval":{"confidence_level":0.95,"lower_bound":1800205227.5,"upper_bound":1803784671.75},"point_estimate":1802490870.0,"standard_error":881360.4355139898},"median_abs_dev":{"confidence_interval":{"confidence_level":0.95,"lower_bound":180986.16788685322,"upper_bound":4165634.8298951983},"point_estimate":2841191.5790587664,"standard_error":1094567.9379513178},"slope":null,"std_dev":{"confidence_interval":{"confidence_level":0.95,"lower_bound":1230734.3752595005,"upper_bound":3916551.1862654425},"point_estimate":2859091.139513123,"standard_error":766169.2119600166}}