{"mean":{"confidence_interval":{"confidence_level":0.95,"lower_bound":-0.07523660556798133,"upper_bound":-0.07136993322861582},"point_estimate":-0.07338274607022688,"standard_error":0.0010079950799448002},"median":{"confidence_interval":{"confidence_level":0.95,"lower_bound":-0.07598625622970079,"upper_bound":-0.0699145183450095},"point_estimate":-0.07330700714792648,"standard_error":0.0016301521538390378}}