{"mean":{"confidence_interval":{"confidence_level":0.95,"lower_bound":-0.013680179961146807,"upper_bound":-0.003925103913513557},"point_estimate":-0.007954132058507035,"standard_error":0.0025819162211284277},"median":{"confidence_interval":{"confidence_level":0.95,"lower_bound":-0.011657788126917867,"upper_bound":-0.003097374651200635},"point_estimate":-0.004923759673040373,"standard_error":0.0019480396418197331}}