{"mean":{"confidence_interval":{"confidence_level":0.95,"lower_bound":-0.08273150000138044,"upper_bound":-0.05387835726250308},"point_estimate":-0.06889151650313985,"standard_error":0.007312466629442868},"median":{"confidence_interval":{"confidence_level":0.95,"lower_bound":-0.0862601725009079,"upper_bound":-0.05802625970869191},"point_estimate":-0.07950797684313138,"standard_error":0.006882358480855204}}