{"mean":{"confidence_interval":{"confidence_level":0.95,"lower_bound":3410551237.585,"upper_bound":3421915446.375},"point_estimate":3415874838.1,"standard_error":2925312.5394273438},"median":{"confidence_interval":{"confidence_level":0.95,"lower_bound":3407796075.0,"upper_bound":3424193288.0},"point_estimate":3413309420.5,"standard_error":3900414.5916295364},"median_abs_dev":{"confidence_interval":{"confidence_level":0.95,"lower_bound":1667118.4360027313,"upper_bound":16010159.00746286},"point_estimate":8401244.672048092,"standard_error":3820366.2277701274},"slope":null,"std_dev":{"confidence_interval":{"confidence_level":0.95,"lower_bound":4187787.84508309,"upper_bound":12156577.192117376},"point_estimate":9780721.432218274,"standard_error":2053477.7233059867}}