{"mean":{"confidence_interval":{"confidence_level":0.95,"lower_bound":3153914975.9824996,"upper_bound":3159854608.3},"point_estimate":3156739415.6,"standard_error":1514189.3272237382},"median":{"confidence_interval":{"confidence_level":0.95,"lower_bound":3153530257.5,"upper_bound":3159879507.0},"point_estimate":3155950097.5,"standard_error":1372770.1557428},"median_abs_dev":{"confidence_interval":{"confidence_level":0.95,"lower_bound":385441.8933570385,"upper_bound":8310737.132754922},"point_estimate":3160824.5660841465,"standard_error":2023640.7085600111},"slope":null,"std_dev":{"confidence_interval":{"confidence_level":0.95,"lower_bound":2209895.277047085,"upper_bound":6762583.977548993},"point_estimate":5026684.577381734,"standard_error":1195319.108239872}}