{"mean":{"confidence_interval":{"confidence_level":0.95,"lower_bound":-0.08697818731494424,"upper_bound":-0.07640643918699465},"point_estimate":-0.08130822775372559,"standard_error":0.0027062956000650264},"median":{"confidence_interval":{"confidence_level":0.95,"lower_bound":-0.08664834020180501,"upper_bound":-0.07388146156128639},"point_estimate":-0.07890303122948328,"standard_error":0.0029246767815846253}}