{"mean":{"confidence_interval":{"confidence_level":0.95,"lower_bound":1951416445.11375,"upper_bound":1958570689.71625},"point_estimate":1954321299.15,"standard_error":1912158.569847957},"median":{"confidence_interval":{"confidence_level":0.95,"lower_bound":1950920058.0,"upper_bound":1955663592.5},"point_estimate":1952308950.25,"standard_error":1186777.1158026706},"median_abs_dev":{"confidence_interval":{"confidence_level":0.95,"lower_bound":266039.22187685966,"upper_bound":5482909.339208901},"point_estimate":2621503.250809014,"standard_error":1422355.7756020746},"slope":null,"std_dev":{"confidence_interval":{"confidence_level":0.95,"lower_bound":1518160.3557472865,"upper_bound":9564003.904384617},"point_estimate":6388336.42996636,"standard_error":2578510.5094957184}}