{"mean":{"confidence_interval":{"confidence_level":0.95,"lower_bound":1545808322.9,"upper_bound":1547270475.4},"point_estimate":1546423256.7,"standard_error":383896.19260660355},"median":{"confidence_interval":{"confidence_level":0.95,"lower_bound":1545502012.5,"upper_bound":1546754299.5},"point_estimate":1546143975.25,"standard_error":346309.80201159866},"median_abs_dev":{"confidence_interval":{"confidence_level":0.95,"lower_bound":65122.46254384518,"upper_bound":1436119.3525537848},"point_estimate":823394.5125818253,"standard_error":340318.97508888785},"slope":null,"std_dev":{"confidence_interval":{"confidence_level":0.95,"lower_bound":403414.565677105,"upper_bound":1881819.6960305497},"point_estimate":1276819.6522396577,"standard_error":465858.4324722875}}