{"mean":{"confidence_interval":{"confidence_level":0.95,"lower_bound":-0.09014322550802044,"upper_bound":-0.08276915669740052},"point_estimate":-0.08722298294396147,"standard_error":0.002036596034853483},"median":{"confidence_interval":{"confidence_level":0.95,"lower_bound":-0.09033326958563681,"upper_bound":-0.08710325762595017},"point_estimate":-0.08905443528229973,"standard_error":0.0008552822980727292}}