{"mean":{"confidence_interval":{"confidence_level":0.95,"lower_bound":2472945891.895,"upper_bound":2477242941.8050003},"point_estimate":2475153088.5,"standard_error":1099439.2310656393},"median":{"confidence_interval":{"confidence_level":0.95,"lower_bound":2473439594.0,"upper_bound":2477870913.0},"point_estimate":2474573401.5,"standard_error":1269643.6620512279},"median_abs_dev":{"confidence_interval":{"confidence_level":0.95,"lower_bound":607856.3523083925,"upper_bound":6506278.789490461},"point_estimate":2614540.590682626,"standard_error":1511774.0016306469},"slope":null,"std_dev":{"confidence_interval":{"confidence_level":0.95,"lower_bound":1780885.8504159634,"upper_bound":4933115.2866671765},"point_estimate":3663387.0038333605,"standard_error":834647.8486679263}}