{"mean":{"confidence_interval":{"confidence_level":0.95,"lower_bound":1339284390.95,"upper_bound":1347199041.49375},"point_estimate":1343056327.4,"standard_error":2028471.2476767958},"median":{"confidence_interval":{"confidence_level":0.95,"lower_bound":1337494317.0,"upper_bound":1348932367.0},"point_estimate":1339959992.5,"standard_error":3771146.016958396},"median_abs_dev":{"confidence_interval":{"confidence_level":0.95,"lower_bound":357994.5200443268,"upper_bound":10780928.45415026},"point_estimate":4851099.36042577,"standard_error":3125483.146947879},"slope":null,"std_dev":{"confidence_interval":{"confidence_level":0.95,"lower_bound":3739913.0010285727,"upper_bound":8331645.563857722},"point_estimate":6746598.691137729,"standard_error":1177836.8119188778}}