{"mean":{"confidence_interval":{"confidence_level":0.95,"lower_bound":2921371776.045,"upper_bound":2930440652.1524997},"point_estimate":2925540412.9,"standard_error":2331099.596837204},"median":{"confidence_interval":{"confidence_level":0.95,"lower_bound":2920147539.0,"upper_bound":2932049685.5},"point_estimate":2921390069.0,"standard_error":3209384.9575786632},"median_abs_dev":{"confidence_interval":{"confidence_level":0.95,"lower_bound":96090.2694940567,"upper_bound":12224026.40478015},"point_estimate":3939133.9547663927,"standard_error":3471858.0814070175},"slope":null,"std_dev":{"confidence_interval":{"confidence_level":0.95,"lower_bound":3090790.511758451,"upper_bound":9848549.846460141},"point_estimate":7748226.751169435,"standard_error":1733823.7293354815}}