{"mean":{"confidence_interval":{"confidence_level":0.95,"lower_bound":-0.09477688801560759,"upper_bound":-0.09086588724185969},"point_estimate":-0.0926324986848941,"standard_error":0.0010027327479808059},"median":{"confidence_interval":{"confidence_level":0.95,"lower_bound":-0.09356963734674384,"upper_bound":-0.09064646528948228},"point_estimate":-0.09181369314404397,"standard_error":0.0007412673861065284}}