{"mean":{"confidence_interval":{"confidence_level":0.95,"lower_bound":-0.08694747779116443,"upper_bound":-0.08164029229457306},"point_estimate":-0.08433706835211285,"standard_error":0.001359741688428489},"median":{"confidence_interval":{"confidence_level":0.95,"lower_bound":-0.08832265548210473,"upper_bound":-0.08080208697154201},"point_estimate":-0.08315927933451206,"standard_error":0.0019672427280494433}}