{"mean":{"confidence_interval":{"confidence_level":0.95,"lower_bound":-0.10680454855988164,"upper_bound":-0.09482578956601302},"point_estimate":-0.1010845175830688,"standard_error":0.003062638187505315},"median":{"confidence_interval":{"confidence_level":0.95,"lower_bound":-0.11113312919341989,"upper_bound":-0.09322495021157928},"point_estimate":-0.10428462562029006,"standard_error":0.004981608001150261}}