{"mean":{"confidence_interval":{"confidence_level":0.95,"lower_bound":3006680671.3675003,"upper_bound":3014357711.435},"point_estimate":3010443934.3,"standard_error":1965608.3120395655},"median":{"confidence_interval":{"confidence_level":0.95,"lower_bound":3003148040.0,"upper_bound":3015958314.0},"point_estimate":3010480247.0,"standard_error":2776436.780557278},"median_abs_dev":{"confidence_interval":{"confidence_level":0.95,"lower_bound":731206.4462184906,"upper_bound":11265768.668192625},"point_estimate":9312104.428777099,"standard_error":3052213.878727523},"slope":null,"std_dev":{"confidence_interval":{"confidence_level":0.95,"lower_bound":3817386.6443696283,"upper_bound":8086877.137949191},"point_estimate":6545110.387283083,"standard_error":1101033.7270031413}}