{"mean":{"confidence_interval":{"confidence_level":0.95,"lower_bound":2403470785.365,"upper_bound":2410682387.4825},"point_estimate":2406981928.4,"standard_error":1846951.0663852321},"median":{"confidence_interval":{"confidence_level":0.95,"lower_bound":2400474665.0,"upper_bound":2412133876.0},"point_estimate":2405948676.5,"standard_error":2802599.4847412165},"median_abs_dev":{"confidence_interval":{"confidence_level":0.95,"lower_bound":845656.4924865961,"upper_bound":10454080.765002966},"point_estimate":8125612.287041545,"standard_error":2411472.627368464},"slope":null,"std_dev":{"confidence_interval":{"confidence_level":0.95,"lower_bound":3618473.4848723724,"upper_bound":7530056.635137439},"point_estimate":6169591.169572028,"standard_error":997214.4741824883}}