{"mean":{"confidence_interval":{"confidence_level":0.95,"lower_bound":-0.08456110694626323,"upper_bound":-0.07060107500764068},"point_estimate":-0.0774416089288742,"standard_error":0.0035746508492537172},"median":{"confidence_interval":{"confidence_level":0.95,"lower_bound":-0.08604930086438445,"upper_bound":-0.06662006368342244},"point_estimate":-0.07537892214643671,"standard_error":0.005241337168617685}}