{"mean":{"confidence_interval":{"confidence_level":0.95,"lower_bound":3341279798.4,"upper_bound":3368682306.72},"point_estimate":3355118754.2,"standard_error":7000923.701171987},"median":{"confidence_interval":{"confidence_level":0.95,"lower_bound":3341045547.0,"upper_bound":3379167160.0},"point_estimate":3351756236.0,"standard_error":7975512.450630818},"median_abs_dev":{"confidence_interval":{"confidence_level":0.95,"lower_bound":1349501.0436415672,"upper_bound":42361379.44263518},"point_estimate":18390179.710409045,"standard_error":12164866.07972499},"slope":null,"std_dev":{"confidence_interval":{"confidence_level":0.95,"lower_bound":12550824.612389708,"upper_bound":30356347.693424314},"point_estimate":23308922.191857554,"standard_error":4599257.754887394}}