{"mean":{"confidence_interval":{"confidence_level":0.95,"lower_bound":3151113904.1,"upper_bound":3158666914.3224998},"point_estimate":3154785688.9,"standard_error":1934274.9949039542},"median":{"confidence_interval":{"confidence_level":0.95,"lower_bound":3148751251.0,"upper_bound":3158142829.0},"point_estimate":3155967199.5,"standard_error":2506942.189707581},"median_abs_dev":{"confidence_interval":{"confidence_level":0.95,"lower_bound":802824.9205470085,"upper_bound":12294492.89892912},"point_estimate":5373553.8771003485,"standard_error":2880853.1390951104},"slope":null,"std_dev":{"confidence_interval":{"confidence_level":0.95,"lower_bound":3482341.0501256846,"upper_bound":8492218.449514722},"point_estimate":6431595.418797638,"standard_error":1367951.2070087912}}