{"mean":{"confidence_interval":{"confidence_level":0.95,"lower_bound":-0.08907715475021558,"upper_bound":-0.08620657679742116},"point_estimate":-0.08774674570645591,"standard_error":0.0007171796825420519},"median":{"confidence_interval":{"confidence_level":0.95,"lower_bound":-0.08949378278897258,"upper_bound":-0.08586148288853723},"point_estimate":-0.08794661302776563,"standard_error":0.0009469604053796304}}