{"mean":{"confidence_interval":{"confidence_level":0.95,"lower_bound":1272103049.1625,"upper_bound":1276013931.35},"point_estimate":1274063247.6,"standard_error":1005088.392546658},"median":{"confidence_interval":{"confidence_level":0.95,"lower_bound":1271189701.5,"upper_bound":1277096194.5},"point_estimate":1274136416.25,"standard_error":2236501.4904744583},"median_abs_dev":{"confidence_interval":{"confidence_level":0.95,"lower_bound":358114.98129218817,"upper_bound":4716642.368812859},"point_estimate":4204316.233858466,"standard_error":1411038.445367344},"slope":null,"std_dev":{"confidence_interval":{"confidence_level":0.95,"lower_bound":2330267.6203565835,"upper_bound":3788567.7381556462},"point_estimate":3344503.014936132,"standard_error":377432.8008721557}}