{"mean":{"confidence_interval":{"confidence_level":0.95,"lower_bound":3200808233.3,"upper_bound":3210151127.8},"point_estimate":3205517004.7,"standard_error":2388500.2327278624},"median":{"confidence_interval":{"confidence_level":0.95,"lower_bound":3199191376.0,"upper_bound":3213243711.0},"point_estimate":3205489783.0,"standard_error":3326258.446112012},"median_abs_dev":{"confidence_interval":{"confidence_level":0.95,"lower_bound":1847902.2289931774,"upper_bound":13716583.519881964},"point_estimate":9416527.651423216,"standard_error":3256239.828197975},"slope":null,"std_dev":{"confidence_interval":{"confidence_level":0.95,"lower_bound":4638970.120617397,"upper_bound":10087413.145613786},"point_estimate":7982647.196653794,"standard_error":1419804.7068331453}}