{"mean":{"confidence_interval":{"confidence_level":0.95,"lower_bound":-0.0831715539725134,"upper_bound":-0.07516266638962264},"point_estimate":-0.07897120543304625,"standard_error":0.0020447659620383774},"median":{"confidence_interval":{"confidence_level":0.95,"lower_bound":-0.08315876987588522,"upper_bound":-0.07192554868056966},"point_estimate":-0.07959069460198875,"standard_error":0.0023881649863873797}}