{"mean":{"confidence_interval":{"confidence_level":0.95,"lower_bound":3679554513.3475,"upper_bound":3688648248.6699996},"point_estimate":3684397240.3,"standard_error":2324781.801332959},"median":{"confidence_interval":{"confidence_level":0.95,"lower_bound":3679996840.0,"upper_bound":3690529184.5},"point_estimate":3684634539.0,"standard_error":2507748.3595370203},"median_abs_dev":{"confidence_interval":{"confidence_level":0.95,"lower_bound":1530065.411835909,"upper_bound":12516053.380295634},"point_estimate":6346404.845228791,"standard_error":2808548.0306447893},"slope":null,"std_dev":{"confidence_interval":{"confidence_level":0.95,"lower_bound":3601183.4269337035,"upper_bound":10387344.290294658},"point_estimate":7721494.343053236,"standard_error":1862293.2362276546}}