{"mean":{"confidence_interval":{"confidence_level":0.95,"lower_bound":3050876213.325,"upper_bound":3058138366.7575},"point_estimate":3054519494.3,"standard_error":1862782.88882752},"median":{"confidence_interval":{"confidence_level":0.95,"lower_bound":3047993925.0,"upper_bound":3059564682.0},"point_estimate":3055454349.5,"standard_error":2790785.244049789},"median_abs_dev":{"confidence_interval":{"confidence_level":0.95,"lower_bound":1308344.0683722496,"upper_bound":10519013.45475018},"point_estimate":7631102.185320854,"standard_error":2429156.381341088},"slope":null,"std_dev":{"confidence_interval":{"confidence_level":0.95,"lower_bound":3727485.5382258324,"upper_bound":7527666.994361628},"point_estimate":6206773.876769156,"standard_error":965851.042516015}}