{"mean":{"confidence_interval":{"confidence_level":0.95,"lower_bound":-0.0937179959078984,"upper_bound":-0.08884820835303464},"point_estimate":-0.0912517548660281,"standard_error":0.0012493352849687297},"median":{"confidence_interval":{"confidence_level":0.95,"lower_bound":-0.09428971697660637,"upper_bound":-0.08651802221898552},"point_estimate":-0.09160726375313422,"standard_error":0.002007138712962224}}