{"mean":{"confidence_interval":{"confidence_level":0.95,"lower_bound":3015903749.5674996,"upper_bound":3021059435.82},"point_estimate":3018506324.0,"standard_error":1318628.3145728523},"median":{"confidence_interval":{"confidence_level":0.95,"lower_bound":3014515706.0,"upper_bound":3022664755.5},"point_estimate":3018678445.0,"standard_error":2007772.70060701},"median_abs_dev":{"confidence_interval":{"confidence_level":0.95,"lower_bound":1395592.1116232872,"upper_bound":7836664.6716713905},"point_estimate":4498839.166429639,"standard_error":1600621.9468426094},"slope":null,"std_dev":{"confidence_interval":{"confidence_level":0.95,"lower_bound":2644630.969136229,"upper_bound":5382554.893842102},"point_estimate":4411480.724570833,"standard_error":698696.0225327692}}