{"mean":{"confidence_interval":{"confidence_level":0.95,"lower_bound":963579393.3558334,"upper_bound":967797545.1},"point_estimate":965853957.5666668,"standard_error":1081931.1390112762},"median":{"confidence_interval":{"confidence_level":0.95,"lower_bound":963703812.8333334,"upper_bound":967873202.8333333},"point_estimate":966745242.5,"standard_error":896795.368465092},"median_abs_dev":{"confidence_interval":{"confidence_level":0.95,"lower_bound":424171.6053694192,"upper_bound":5884927.812221469},"point_estimate":1790185.8475178184,"standard_error":1410034.4898663773},"slope":null,"std_dev":{"confidence_interval":{"confidence_level":0.95,"lower_bound":1224067.7197111018,"upper_bound":4795450.254151259},"point_estimate":3596120.5904708086,"standard_error":914756.784284966}}