{"mean":{"confidence_interval":{"confidence_level":0.95,"lower_bound":-0.09746066648836077,"upper_bound":-0.09251595317536436},"point_estimate":-0.09507485198988652,"standard_error":0.0012749616499401436},"median":{"confidence_interval":{"confidence_level":0.95,"lower_bound":-0.09857862027097575,"upper_bound":-0.09291018572565612},"point_estimate":-0.09694908440487349,"standard_error":0.0014865965924226712}}