{"mean":{"confidence_interval":{"confidence_level":0.95,"lower_bound":1107497839.3,"upper_bound":1109334671.75},"point_estimate":1108355173.45,"standard_error":470382.5884296983},"median":{"confidence_interval":{"confidence_level":0.95,"lower_bound":1107165086.75,"upper_bound":1109256043.75},"point_estimate":1108057969.5,"standard_error":452247.52353537816},"median_abs_dev":{"confidence_interval":{"confidence_level":0.95,"lower_bound":280433.41437131166,"upper_bound":2545179.3748140335},"point_estimate":1047436.1250042915,"standard_error":614840.9539042396},"slope":null,"std_dev":{"confidence_interval":{"confidence_level":0.95,"lower_bound":690575.3528051375,"upper_bound":2100705.8991430416},"point_estimate":1569565.706856756,"standard_error":384106.2365704038}}