{"mean":{"confidence_interval":{"confidence_level":0.95,"lower_bound":1309171318.0049999,"upper_bound":1316046276.05},"point_estimate":1312555792.7,"standard_error":1767623.6121957256},"median":{"confidence_interval":{"confidence_level":0.95,"lower_bound":1306387583.0,"upper_bound":1317161391.75},"point_estimate":1312154860.5,"standard_error":3578385.800758884},"median_abs_dev":{"confidence_interval":{"confidence_level":0.95,"lower_bound":184009.18923318386,"upper_bound":9403144.22146082},"point_estimate":7501641.926269233,"standard_error":2685664.673894874},"slope":null,"std_dev":{"confidence_interval":{"confidence_level":0.95,"lower_bound":3924274.314311367,"upper_bound":7063998.454087721},"point_estimate":5902271.630368171,"standard_error":834167.9402284746}}