{"mean":{"confidence_interval":{"confidence_level":0.95,"lower_bound":-0.09175339909387287,"upper_bound":-0.08275310175269786},"point_estimate":-0.08655009855470186,"standard_error":0.0023364902635271663},"median":{"confidence_interval":{"confidence_level":0.95,"lower_bound":-0.08806424026111792,"upper_bound":-0.08171863286506842},"point_estimate":-0.08288542924959641,"standard_error":0.0017560013343733058}}