{"mean":{"confidence_interval":{"confidence_level":0.95,"lower_bound":2676237822.0,"upper_bound":2682349429.315},"point_estimate":2679452682.0,"standard_error":1567414.899146218},"median":{"confidence_interval":{"confidence_level":0.95,"lower_bound":2675166232.0,"upper_bound":2683734047.5},"point_estimate":2680351908.5,"standard_error":1956261.341314072},"median_abs_dev":{"confidence_interval":{"confidence_level":0.95,"lower_bound":1232778.9129137993,"upper_bound":9093655.924755335},"point_estimate":3806407.8986227512,"standard_error":2012908.2480735371},"slope":null,"std_dev":{"confidence_interval":{"confidence_level":0.95,"lower_bound":2457094.8787969295,"upper_bound":6663681.608882221},"point_estimate":5245471.437707239,"standard_error":1072040.543553435}}