{"mean":{"confidence_interval":{"confidence_level":0.95,"lower_bound":-0.08938587320002996,"upper_bound":-0.08631525033001097},"point_estimate":-0.08782175814877236,"standard_error":0.0007809182387699248},"median":{"confidence_interval":{"confidence_level":0.95,"lower_bound":-0.0897481963341602,"upper_bound":-0.08570548167524894},"point_estimate":-0.08763284969881024,"standard_error":0.001177596094930944}}