{"mean":{"confidence_interval":{"confidence_level":0.95,"lower_bound":-0.11253660522257619,"upper_bound":-0.11035944565306781},"point_estimate":-0.11133579860909393,"standard_error":0.0005633049089376915},"median":{"confidence_interval":{"confidence_level":0.95,"lower_bound":-0.11281945469282606,"upper_bound":-0.11035632723644606},"point_estimate":-0.11077563768103815,"standard_error":0.000532787073451711}}