{"mean":{"confidence_interval":{"confidence_level":0.95,"lower_bound":3034564656.0125003,"upper_bound":3053518212.06},"point_estimate":3044642451.5,"standard_error":4845274.749515023},"median":{"confidence_interval":{"confidence_level":0.95,"lower_bound":3038042843.0,"upper_bound":3055133270.0},"point_estimate":3046473233.0,"standard_error":3326285.5819215137},"median_abs_dev":{"confidence_interval":{"confidence_level":0.95,"lower_bound":888825.3559201956,"upper_bound":25734344.685924053},"point_estimate":5797501.11567378,"standard_error":6893862.495899997},"slope":null,"std_dev":{"confidence_interval":{"confidence_level":0.95,"lower_bound":6037570.860565,"upper_bound":22355709.42372585},"point_estimate":16114156.286802221,"standard_error":4413216.616820196}}