{"mean":{"confidence_interval":{"confidence_level":0.95,"lower_bound":2217371394.7,"upper_bound":2223373145.4199996},"point_estimate":2220224819.9,"standard_error":1539314.8638549966},"median":{"confidence_interval":{"confidence_level":0.95,"lower_bound":2216612824.5,"upper_bound":2224756708.0},"point_estimate":2219036785.0,"standard_error":2043493.0718831932},"median_abs_dev":{"confidence_interval":{"confidence_level":0.95,"lower_bound":798248.8757282495,"upper_bound":8167312.635201216},"point_estimate":3972399.050375819,"standard_error":2005257.6134668612},"slope":null,"std_dev":{"confidence_interval":{"confidence_level":0.95,"lower_bound":2450861.594957748,"upper_bound":6565593.737869355},"point_estimate":5145375.023337311,"standard_error":1045157.2717685967}}