{"mean":{"confidence_interval":{"confidence_level":0.95,"lower_bound":3445608106.1749997,"upper_bound":3457923455.6025},"point_estimate":3451748933.6,"standard_error":3162043.05315271},"median":{"confidence_interval":{"confidence_level":0.95,"lower_bound":3442362309.0,"upper_bound":3461554647.0},"point_estimate":3450717409.5,"standard_error":5032445.105569923},"median_abs_dev":{"confidence_interval":{"confidence_level":0.95,"lower_bound":2867902.8414845467,"upper_bound":17578893.591812253},"point_estimate":13561416.089236736,"standard_error":3948229.7774099805},"slope":null,"std_dev":{"confidence_interval":{"confidence_level":0.95,"lower_bound":6459620.865963084,"upper_bound":12825167.999531157},"point_estimate":10550070.285718862,"standard_error":1624667.9955141414}}