{"mean":{"confidence_interval":{"confidence_level":0.95,"lower_bound":4.056038182103317,"upper_bound":4.165017885071874},"point_estimate":4.110528036232135,"standard_error":0.027829778450749548},"median":{"confidence_interval":{"confidence_level":0.95,"lower_bound":4.06265772008717,"upper_bound":4.1989274247329735},"point_estimate":4.108568993445887,"standard_error":0.030979373221774673}}