{"mean":{"confidence_interval":{"confidence_level":0.95,"lower_bound":-0.09097446779457402,"upper_bound":-0.08654510539597626},"point_estimate":-0.08879813454136498,"standard_error":0.0011274664221694963},"median":{"confidence_interval":{"confidence_level":0.95,"lower_bound":-0.0905902918732876,"upper_bound":-0.08687397768911242},"point_estimate":-0.0884605061438829,"standard_error":0.0008974043852203282}}