{"mean":{"confidence_interval":{"confidence_level":0.95,"lower_bound":893580936.8908334,"upper_bound":894316055.1333334},"point_estimate":893962850.9,"standard_error":188447.35824624877},"median":{"confidence_interval":{"confidence_level":0.95,"lower_bound":893397527.3333334,"upper_bound":894401755.6666666},"point_estimate":894174377.3333333,"standard_error":256805.92986986696},"median_abs_dev":{"confidence_interval":{"confidence_level":0.95,"lower_bound":54008.893141150475,"upper_bound":1036628.9595960982},"point_estimate":654868.3619737036,"standard_error":256911.76137135367},"slope":null,"std_dev":{"confidence_interval":{"confidence_level":0.95,"lower_bound":324380.93827820686,"upper_bound":787474.9329198392},"point_estimate":628801.3101643902,"standard_error":116526.03436629745}}