{"mean":{"confidence_interval":{"confidence_level":0.95,"lower_bound":2819661368.9,"upper_bound":2824206465.795},"point_estimate":2821878118.4,"standard_error":1163474.0108107792},"median":{"confidence_interval":{"confidence_level":0.95,"lower_bound":2818776897.5,"upper_bound":2823995868.0},"point_estimate":2822238533.5,"standard_error":1266447.5653576106},"median_abs_dev":{"confidence_interval":{"confidence_level":0.95,"lower_bound":741063.5121434927,"upper_bound":6730292.232513428},"point_estimate":3387292.453363538,"standard_error":1509890.4942318902},"slope":null,"std_dev":{"confidence_interval":{"confidence_level":0.95,"lower_bound":1887674.3758038187,"upper_bound":5187192.900285518},"point_estimate":3877779.921859076,"standard_error":860550.7610333076}}