{"mean":{"confidence_interval":{"confidence_level":0.95,"lower_bound":3636815564.5299997,"upper_bound":3646220598.7},"point_estimate":3641243750.5,"standard_error":2412192.8214222463},"median":{"confidence_interval":{"confidence_level":0.95,"lower_bound":3636000760.0,"upper_bound":3650433729.0},"point_estimate":3637841980.0,"standard_error":3573747.2880393323},"median_abs_dev":{"confidence_interval":{"confidence_level":0.95,"lower_bound":386682.08823502064,"upper_bound":12254812.76002565},"point_estimate":2899336.92612648,"standard_error":3213806.8547312245},"slope":null,"std_dev":{"confidence_interval":{"confidence_level":0.95,"lower_bound":2684326.8407120234,"upper_bound":9701511.768291295},"point_estimate":8042944.725339763,"standard_error":1541530.4806454715}}