{"mean":{"confidence_interval":{"confidence_level":0.95,"lower_bound":1630946978.81125,"upper_bound":1646427867.20375},"point_estimate":1637595125.25,"standard_error":4056468.643383291},"median":{"confidence_interval":{"confidence_level":0.95,"lower_bound":1629595580.5,"upper_bound":1644886631.0},"point_estimate":1631877668.25,"standard_error":3842015.645220793},"median_abs_dev":{"confidence_interval":{"confidence_level":0.95,"lower_bound":308384.5010250807,"upper_bound":17748554.54915017},"point_estimate":3656485.9066843987,"standard_error":4206192.133625858},"slope":null,"std_dev":{"confidence_interval":{"confidence_level":0.95,"lower_bound":2660051.8968147445,"upper_bound":19537772.828310713},"point_estimate":13560637.197639978,"standard_error":4617781.131725412}}