{"mean":{"confidence_interval":{"confidence_level":0.95,"lower_bound":3027330472.455,"upper_bound":3034963041.3175},"point_estimate":3031195228.1,"standard_error":1958012.290665304},"median":{"confidence_interval":{"confidence_level":0.95,"lower_bound":3026116829.0,"upper_bound":3036955751.0},"point_estimate":3031452776.5,"standard_error":3319804.2367360545},"median_abs_dev":{"confidence_interval":{"confidence_level":0.95,"lower_bound":751429.1098594666,"upper_bound":10793323.360580206},"point_estimate":6354863.819378614,"standard_error":2596917.1565429764},"slope":null,"std_dev":{"confidence_interval":{"confidence_level":0.95,"lower_bound":4041219.7843761933,"upper_bound":7986427.281729942},"point_estimate":6510514.294780191,"standard_error":1022180.0003861221}}