{"mean":{"confidence_interval":{"confidence_level":0.95,"lower_bound":2879310748.1925,"upper_bound":2892568222.8675003},"point_estimate":2885157251.2,"standard_error":3431001.340473343},"median":{"confidence_interval":{"confidence_level":0.95,"lower_bound":2878455495.0,"upper_bound":2889447889.5},"point_estimate":2881514462.0,"standard_error":3681632.475879796},"median_abs_dev":{"confidence_interval":{"confidence_level":0.95,"lower_bound":777523.6106961966,"upper_bound":15022586.562895775},"point_estimate":8262886.959904432,"standard_error":3826117.75110677},"slope":null,"std_dev":{"confidence_interval":{"confidence_level":0.95,"lower_bound":4330273.538452576,"upper_bound":16299246.538836366},"point_estimate":11401006.729216345,"standard_error":3637665.3865454127}}