{"mean":{"confidence_interval":{"confidence_level":0.95,"lower_bound":800085687.8691666,"upper_bound":802299751.8},"point_estimate":801149009.7333333,"standard_error":569308.6297573285},"median":{"confidence_interval":{"confidence_level":0.95,"lower_bound":799304759.5,"upper_bound":802742263.1666666},"point_estimate":801387724.0,"standard_error":913277.7814680928},"median_abs_dev":{"confidence_interval":{"confidence_level":0.95,"lower_bound":205353.68685418437,"upper_bound":3459488.4003818035},"point_estimate":2938696.001827776,"standard_error":1054927.2180343654},"slope":null,"std_dev":{"confidence_interval":{"confidence_level":0.95,"lower_bound":1115959.9374335327,"upper_bound":2320365.9626147086},"point_estimate":1897553.617209525,"standard_error":316392.61369649635}}