{"mean":{"confidence_interval":{"confidence_level":0.95,"lower_bound":3186727891.5,"upper_bound":3197506660.4},"point_estimate":3191546046.4,"standard_error":2788857.882149128},"median":{"confidence_interval":{"confidence_level":0.95,"lower_bound":3183697689.0,"upper_bound":3195036079.0},"point_estimate":3190455970.5,"standard_error":2701343.0791364317},"median_abs_dev":{"confidence_interval":{"confidence_level":0.95,"lower_bound":993954.2961537838,"upper_bound":13195435.54443419},"point_estimate":7615877.366191149,"standard_error":3035688.92665702},"slope":null,"std_dev":{"confidence_interval":{"confidence_level":0.95,"lower_bound":3767162.2425970524,"upper_bound":13201471.754547622},"point_estimate":9294036.63990394,"standard_error":2847337.9621938406}}