{"mean":{"confidence_interval":{"confidence_level":0.95,"lower_bound":2811657826.6825,"upper_bound":2818092988.7},"point_estimate":2814873815.6,"standard_error":1646539.521530768},"median":{"confidence_interval":{"confidence_level":0.95,"lower_bound":2810961777.5,"upper_bound":2818688124.5},"point_estimate":2814598336.0,"standard_error":2189075.521787783},"median_abs_dev":{"confidence_interval":{"confidence_level":0.95,"lower_bound":1011583.1511408091,"upper_bound":9528082.179942727},"point_estimate":5251976.97275877,"standard_error":2115396.5658998895},"slope":null,"std_dev":{"confidence_interval":{"confidence_level":0.95,"lower_bound":2853624.0223899386,"upper_bound":7208213.18733966},"point_estimate":5478110.514283536,"standard_error":1126297.3043023052}}