{"mean":{"confidence_interval":{"confidence_level":0.95,"lower_bound":-0.09679062774430396,"upper_bound":-0.08978708079577824},"point_estimate":-0.0929929927434272,"standard_error":0.001807067361739669},"median":{"confidence_interval":{"confidence_level":0.95,"lower_bound":-0.09696783874638137,"upper_bound":-0.0880997891152232},"point_estimate":-0.09054514232648692,"standard_error":0.002131417480231069}}