{"mean":{"confidence_interval":{"confidence_level":0.95,"lower_bound":-0.09770057554259254,"upper_bound":-0.09457840418609458},"point_estimate":-0.09615298094273328,"standard_error":0.0007979202516984463},"median":{"confidence_interval":{"confidence_level":0.95,"lower_bound":-0.09898984932023214,"upper_bound":-0.09330971116675313},"point_estimate":-0.09599992820411773,"standard_error":0.0015036693691094062}}