{"mean":{"confidence_interval":{"confidence_level":0.95,"lower_bound":1762460962.15,"upper_bound":1766078937.65},"point_estimate":1764175726.75,"standard_error":929059.1170084777},"median":{"confidence_interval":{"confidence_level":0.95,"lower_bound":1762200964.0,"upper_bound":1766703097.0},"point_estimate":1762946951.25,"standard_error":1206821.1424511648},"median_abs_dev":{"confidence_interval":{"confidence_level":0.95,"lower_bound":301813.24729174376,"upper_bound":5125076.422561705},"point_estimate":1974370.601297915,"standard_error":1326509.1026982698},"slope":null,"std_dev":{"confidence_interval":{"confidence_level":0.95,"lower_bound":1355633.1674978563,"upper_bound":3837112.2139686914},"point_estimate":3094617.34050605,"standard_error":601702.197573736}}