{"mean":{"confidence_interval":{"confidence_level":0.95,"lower_bound":2337683909.6275,"upper_bound":2346795007.8075},"point_estimate":2342394163.8,"standard_error":2339763.313256559},"median":{"confidence_interval":{"confidence_level":0.95,"lower_bound":2334669458.0,"upper_bound":2348003212.5},"point_estimate":2345677031.5,"standard_error":3715988.1454880484},"median_abs_dev":{"confidence_interval":{"confidence_level":0.95,"lower_bound":1043162.530580163,"upper_bound":12225790.698748827},"point_estimate":7915033.423680067,"standard_error":3338584.8255537986},"slope":null,"std_dev":{"confidence_interval":{"confidence_level":0.95,"lower_bound":4283942.378851129,"upper_bound":9420576.328832148},"point_estimate":7781074.900748608,"standard_error":1277811.9931869924}}