{"mean":{"confidence_interval":{"confidence_level":0.95,"lower_bound":-0.1042693503690448,"upper_bound":-0.10274536864063089},"point_estimate":-0.10348874289978849,"standard_error":0.00038611213161564756},"median":{"confidence_interval":{"confidence_level":0.95,"lower_bound":-0.10438984715296307,"upper_bound":-0.10288510575117404},"point_estimate":-0.10349003019476555,"standard_error":0.00037018248634802683}}