{"mean":{"confidence_interval":{"confidence_level":0.95,"lower_bound":1052543521.2,"upper_bound":1055011010.03125},"point_estimate":1053725433.45,"standard_error":628786.1086239981},"median":{"confidence_interval":{"confidence_level":0.95,"lower_bound":1052441585.75,"upper_bound":1054452010.75},"point_estimate":1053983617.0,"standard_error":531789.1848821223},"median_abs_dev":{"confidence_interval":{"confidence_level":0.95,"lower_bound":145548.32201600075,"upper_bound":3462135.211984813},"point_estimate":953108.6668789387,"standard_error":881409.364131804},"slope":null,"std_dev":{"confidence_interval":{"confidence_level":0.95,"lower_bound":841980.3840094018,"upper_bound":2905883.857742479},"point_estimate":2100000.859759605,"standard_error":543873.937325927}}