{"mean":{"confidence_interval":{"confidence_level":0.95,"lower_bound":2201074848.305,"upper_bound":2212322487.7},"point_estimate":2206021298.7,"standard_error":2871374.4071922367},"median":{"confidence_interval":{"confidence_level":0.95,"lower_bound":2199437945.0,"upper_bound":2213223894.0},"point_estimate":2202795986.5,"standard_error":2757274.6351658087},"median_abs_dev":{"confidence_interval":{"confidence_level":0.95,"lower_bound":646072.5905299187,"upper_bound":13951277.61311531},"point_estimate":4504705.073225498,"standard_error":2622529.6726949653},"slope":null,"std_dev":{"confidence_interval":{"confidence_level":0.95,"lower_bound":1989852.951724339,"upper_bound":11958522.683963355},"point_estimate":9512324.455796035,"standard_error":2686781.267385401}}