{"mean":{"confidence_interval":{"confidence_level":0.95,"lower_bound":3576691580.24,"upper_bound":3590851221.5},"point_estimate":3583574097.8,"standard_error":3632374.8621523543},"median":{"confidence_interval":{"confidence_level":0.95,"lower_bound":3572923896.5,"upper_bound":3594323429.0},"point_estimate":3581278954.0,"standard_error":5779288.812447813},"median_abs_dev":{"confidence_interval":{"confidence_level":0.95,"lower_bound":3651883.1750661135,"upper_bound":20308562.518250942},"point_estimate":13644741.914257407,"standard_error":4359786.981109831},"slope":null,"std_dev":{"confidence_interval":{"confidence_level":0.95,"lower_bound":7126747.213759188,"upper_bound":14585518.160072902},"point_estimate":12122008.356598366,"standard_error":1881200.0949744198}}