{"mean":{"confidence_interval":{"confidence_level":0.95,"lower_bound":2965823886.0724998,"upper_bound":2974328648.8700004},"point_estimate":2969730718.4,"standard_error":2184135.7292437213},"median":{"confidence_interval":{"confidence_level":0.95,"lower_bound":2965233786.0,"upper_bound":2973517234.5},"point_estimate":2968034591.5,"standard_error":2312122.4546389794},"median_abs_dev":{"confidence_interval":{"confidence_level":0.95,"lower_bound":1298051.8593549728,"upper_bound":10700466.641628742},"point_estimate":5846062.936511636,"standard_error":2369365.158516055},"slope":null,"std_dev":{"confidence_interval":{"confidence_level":0.95,"lower_bound":3047390.762961286,"upper_bound":10035466.108562805},"point_estimate":7261999.779188837,"standard_error":1976456.9882597846}}