{"mean":{"confidence_interval":{"confidence_level":0.95,"lower_bound":1728989722.3,"upper_bound":1737140455.5925},"point_estimate":1732230365.55,"standard_error":2203711.6787557537},"median":{"confidence_interval":{"confidence_level":0.95,"lower_bound":1727986537.5,"upper_bound":1733307140.0},"point_estimate":1730354995.5,"standard_error":1238264.12479502},"median_abs_dev":{"confidence_interval":{"confidence_level":0.95,"lower_bound":241478.47071290016,"upper_bound":4839721.517577767},"point_estimate":2995270.040023327,"standard_error":1535474.5106625773},"slope":null,"std_dev":{"confidence_interval":{"confidence_level":0.95,"lower_bound":1238029.5441050509,"upper_bound":11034521.638399402},"point_estimate":7339972.633561009,"standard_error":3105674.097853365}}