{"mean":{"confidence_interval":{"confidence_level":0.95,"lower_bound":-0.08755653078812235,"upper_bound":-0.08319821050536974},"point_estimate":-0.08521159054828886,"standard_error":0.001116562130397341},"median":{"confidence_interval":{"confidence_level":0.95,"lower_bound":-0.0873078856157945,"upper_bound":-0.08252512671114931},"point_estimate":-0.08497233306065866,"standard_error":0.0012546942049948165}}