{"mean":{"confidence_interval":{"confidence_level":0.95,"lower_bound":-0.08958368912332645,"upper_bound":-0.07910587974815456},"point_estimate":-0.08470670420348214,"standard_error":0.002693336767424964},"median":{"confidence_interval":{"confidence_level":0.95,"lower_bound":-0.09211287681697644,"upper_bound":-0.07624926338268112},"point_estimate":-0.08535864241511093,"standard_error":0.0038569808228001864}}