{"mean":{"confidence_interval":{"confidence_level":0.95,"lower_bound":4124320593.3,"upper_bound":4133412069.83},"point_estimate":4128928995.5,"standard_error":2342697.9302862873},"median":{"confidence_interval":{"confidence_level":0.95,"lower_bound":4122896290.0,"upper_bound":4135579602.5},"point_estimate":4129873535.0,"standard_error":3170499.4486174295},"median_abs_dev":{"confidence_interval":{"confidence_level":0.95,"lower_bound":1470065.3322011232,"upper_bound":13815613.043823838},"point_estimate":7983740.07166028,"standard_error":3125141.5770475455},"slope":null,"std_dev":{"confidence_interval":{"confidence_level":0.95,"lower_bound":4422774.722891523,"upper_bound":9861775.688772269},"point_estimate":7811292.058436886,"standard_error":1400030.6755271556}}