{"mean":{"confidence_interval":{"confidence_level":0.95,"lower_bound":-0.09304962784292738,"upper_bound":-0.0903171060051833},"point_estimate":-0.0917877829294731,"standard_error":0.0007019041980357553},"median":{"confidence_interval":{"confidence_level":0.95,"lower_bound":-0.09355159589447848,"upper_bound":-0.0906215801785425},"point_estimate":-0.09208689003668469,"standard_error":0.0007679601056728523}}