{"mean":{"confidence_interval":{"confidence_level":0.95,"lower_bound":-0.09617073311205325,"upper_bound":-0.09077415243682951},"point_estimate":-0.09384122830769415,"standard_error":0.001401640277812943},"median":{"confidence_interval":{"confidence_level":0.95,"lower_bound":-0.09657178495650465,"upper_bound":-0.09232423078643881},"point_estimate":-0.09538657165735942,"standard_error":0.0009794352343161436}}