{"mean":{"confidence_interval":{"confidence_level":0.95,"lower_bound":-0.13032396332126,"upper_bound":-0.12760567764507932},"point_estimate":-0.1289105530156489,"standard_error":0.0006891782220380166},"median":{"confidence_interval":{"confidence_level":0.95,"lower_bound":-0.13047583739164537,"upper_bound":-0.12772348766387712},"point_estimate":-0.12877709747023325,"standard_error":0.0007582000676123353}}