{"mean":{"confidence_interval":{"confidence_level":0.95,"lower_bound":-0.0856119972120698,"upper_bound":-0.07941976343316404},"point_estimate":-0.0826846492474822,"standard_error":0.0015922051116595737},"median":{"confidence_interval":{"confidence_level":0.95,"lower_bound":-0.08708351624029731,"upper_bound":-0.0781130860787973},"point_estimate":-0.08557459316409011,"standard_error":0.0022102719676634916}}