{"mean":{"confidence_interval":{"confidence_level":0.95,"lower_bound":767657546.3491666,"upper_bound":774884692.6483335},"point_estimate":770833068.3666666,"standard_error":1871609.6178692495},"median":{"confidence_interval":{"confidence_level":0.95,"lower_bound":767047650.6666666,"upper_bound":774667566.5},"point_estimate":768301969.5,"standard_error":1660876.450785348},"median_abs_dev":{"confidence_interval":{"confidence_level":0.95,"lower_bound":223973.65992361377,"upper_bound":7509804.503974377},"point_estimate":1887227.9461950653,"standard_error":1723412.400513118},"slope":null,"std_dev":{"confidence_interval":{"confidence_level":0.95,"lower_bound":978644.5837955842,"upper_bound":8127579.933133565},"point_estimate":6249208.348249711,"standard_error":1907524.216792932}}