{"mean":{"confidence_interval":{"confidence_level":0.95,"lower_bound":2685199573.5,"upper_bound":2690588397.8},"point_estimate":2687997473.0,"standard_error":1381286.637792207},"median":{"confidence_interval":{"confidence_level":0.95,"lower_bound":2684752290.0,"upper_bound":2691255357.5},"point_estimate":2689054205.5,"standard_error":1701438.047875731},"median_abs_dev":{"confidence_interval":{"confidence_level":0.95,"lower_bound":814432.1957409382,"upper_bound":7499678.593254089},"point_estimate":3468981.4880132675,"standard_error":1812261.366052859},"slope":null,"std_dev":{"confidence_interval":{"confidence_level":0.95,"lower_bound":2234761.336992757,"upper_bound":5838703.27564735},"point_estimate":4607709.268696129,"standard_error":900975.9560267298}}