{"mean":{"confidence_interval":{"confidence_level":0.95,"lower_bound":-0.08627010694925583,"upper_bound":-0.08097720255959752},"point_estimate":-0.08375692573586291,"standard_error":0.0013485558742438342},"median":{"confidence_interval":{"confidence_level":0.95,"lower_bound":-0.08748794881092459,"upper_bound":-0.08108067697234889},"point_estimate":-0.08380816135172486,"standard_error":0.0016641430908796479}}