{"mean":{"confidence_interval":{"confidence_level":0.95,"lower_bound":-0.08841989850924646,"upper_bound":-0.07817837605389348},"point_estimate":-0.08360213220963719,"standard_error":0.0026173537016059463},"median":{"confidence_interval":{"confidence_level":0.95,"lower_bound":-0.08880275357679246,"upper_bound":-0.07170830863682587},"point_estimate":-0.08699241791381629,"standard_error":0.0039787039246585885}}