{"mean":{"confidence_interval":{"confidence_level":0.95,"lower_bound":-0.09761437414031897,"upper_bound":-0.0944192385462946},"point_estimate":-0.09600895159758693,"standard_error":0.0008116527328247214},"median":{"confidence_interval":{"confidence_level":0.95,"lower_bound":-0.09749376427485135,"upper_bound":-0.09418657719134849},"point_estimate":-0.0966353342627958,"standard_error":0.0008199628946200851}}