{"mean":{"confidence_interval":{"confidence_level":0.95,"lower_bound":2767939190.785,"upper_bound":2779221094.6775002},"point_estimate":2772307162.4,"standard_error":3124371.1312741847},"median":{"confidence_interval":{"confidence_level":0.95,"lower_bound":2766936877.0,"upper_bound":2771946396.5},"point_estimate":2769799735.0,"standard_error":1513881.9486644005},"median_abs_dev":{"confidence_interval":{"confidence_level":0.95,"lower_bound":743920.4822927713,"upper_bound":6274052.483913302},"point_estimate":3412183.083021641,"standard_error":1537519.2626842582},"slope":null,"std_dev":{"confidence_interval":{"confidence_level":0.95,"lower_bound":1815638.8026275754,"upper_bound":15865851.229897674},"point_estimate":10391826.082982156,"standard_error":4791849.506265163}}