{"mean":{"confidence_interval":{"confidence_level":0.95,"lower_bound":3263623201.9674997,"upper_bound":3274867418.8},"point_estimate":3268936864.5,"standard_error":2896176.011059808},"median":{"confidence_interval":{"confidence_level":0.95,"lower_bound":3260341482.0,"upper_bound":3274487938.0},"point_estimate":3268756620.5,"standard_error":3627587.602384253},"median_abs_dev":{"confidence_interval":{"confidence_level":0.95,"lower_bound":2268114.056932926,"upper_bound":16485762.253019214},"point_estimate":9863516.717487574,"standard_error":3530324.7954547256},"slope":null,"std_dev":{"confidence_interval":{"confidence_level":0.95,"lower_bound":4923063.432161271,"upper_bound":12805962.11053689},"point_estimate":9617555.470815096,"standard_error":2191450.4463644708}}