{"mean":{"confidence_interval":{"confidence_level":0.95,"lower_bound":-0.09122352752902547,"upper_bound":-0.08890010628747856},"point_estimate":-0.09015034329238181,"standard_error":0.0005974688742650145},"median":{"confidence_interval":{"confidence_level":0.95,"lower_bound":-0.09191547165171765,"upper_bound":-0.0892076840778232},"point_estimate":-0.09082699113690251,"standard_error":0.0006984010970351464}}