{"mean":{"confidence_interval":{"confidence_level":0.95,"lower_bound":-0.15152770474196595,"upper_bound":-0.1391194990311206},"point_estimate":-0.1449639946583514,"standard_error":0.0031892139944122034},"median":{"confidence_interval":{"confidence_level":0.95,"lower_bound":-0.15248754763317718,"upper_bound":-0.13854663368755205},"point_estimate":-0.1432179384791039,"standard_error":0.0032295147854156797}}