{"mean":{"confidence_interval":{"confidence_level":0.95,"lower_bound":2478778048.8,"upper_bound":2493369911.35},"point_estimate":2486428591.4,"standard_error":3739371.6052127853},"median":{"confidence_interval":{"confidence_level":0.95,"lower_bound":2471147826.0,"upper_bound":2497093579.0},"point_estimate":2490713806.0,"standard_error":5599548.256177809},"median_abs_dev":{"confidence_interval":{"confidence_level":0.95,"lower_bound":446576.9032716751,"upper_bound":17948062.467858195},"point_estimate":10618272.040387988,"standard_error":4910919.278221034},"slope":null,"std_dev":{"confidence_interval":{"confidence_level":0.95,"lower_bound":4645588.036271141,"upper_bound":14708707.447694257},"point_estimate":12486722.775612567,"standard_error":2124640.3907759646}}