{"mean":{"confidence_interval":{"confidence_level":0.95,"lower_bound":-0.08465581536269537,"upper_bound":-0.08071106962479495},"point_estimate":-0.08281915334386691,"standard_error":0.0009941004649996184},"median":{"confidence_interval":{"confidence_level":0.95,"lower_bound":-0.08523679555375063,"upper_bound":-0.08109171242460622},"point_estimate":-0.08304635580778708,"standard_error":0.0010142687702684224}}