{"mean":{"confidence_interval":{"confidence_level":0.95,"lower_bound":1967096614.28875,"upper_bound":1970147009.10875},"point_estimate":1968560468.25,"standard_error":779882.66639767},"median":{"confidence_interval":{"confidence_level":0.95,"lower_bound":1966532005.5,"upper_bound":1970869716.25},"point_estimate":1967175093.0,"standard_error":1383808.2514558171},"median_abs_dev":{"confidence_interval":{"confidence_level":0.95,"lower_bound":128978.41406017542,"upper_bound":4098793.6633318663},"point_estimate":1707620.102083683,"standard_error":1109837.052663012},"slope":null,"std_dev":{"confidence_interval":{"confidence_level":0.95,"lower_bound":1380159.6177486905,"upper_bound":3166302.6424344983},"point_estimate":2592856.724261156,"standard_error":446557.3421365057}}