{"mean":{"confidence_interval":{"confidence_level":0.95,"lower_bound":-0.05340868459199788,"upper_bound":-0.038807261674182095},"point_estimate":-0.04575712075195004,"standard_error":0.0037517481933966724},"median":{"confidence_interval":{"confidence_level":0.95,"lower_bound":-0.0545515536859571,"upper_bound":-0.034997293569108634},"point_estimate":-0.042006493904708675,"standard_error":0.004928168889510728}}