{"mean":{"confidence_interval":{"confidence_level":0.95,"lower_bound":-0.09077211384421358,"upper_bound":-0.08819322487973429},"point_estimate":-0.08941946836776016,"standard_error":0.0006541931956759446},"median":{"confidence_interval":{"confidence_level":0.95,"lower_bound":-0.0909214600288405,"upper_bound":-0.08751078065886131},"point_estimate":-0.08908748348730988,"standard_error":0.0008953493973224649}}