{"mean":{"confidence_interval":{"confidence_level":0.95,"lower_bound":3878050705.8224998,"upper_bound":3885603204.3475003},"point_estimate":3881741821.7,"standard_error":1929310.5634834075},"median":{"confidence_interval":{"confidence_level":0.95,"lower_bound":3877539000.5,"upper_bound":3887496206.0},"point_estimate":3881012439.0,"standard_error":2370161.9014988435},"median_abs_dev":{"confidence_interval":{"confidence_level":0.95,"lower_bound":1021932.4402570724,"upper_bound":10611776.028603315},"point_estimate":4933215.013217926,"standard_error":2678632.145175198},"slope":null,"std_dev":{"confidence_interval":{"confidence_level":0.95,"lower_bound":3101022.9400783996,"upper_bound":8288087.526409939},"point_estimate":6456820.799466046,"standard_error":1271143.971022697}}