{"mean":{"confidence_interval":{"confidence_level":0.95,"lower_bound":-0.0923221498830391,"upper_bound":-0.09002591823951851},"point_estimate":-0.0911714228973367,"standard_error":0.0005856938298329768},"median":{"confidence_interval":{"confidence_level":0.95,"lower_bound":-0.09288573210303364,"upper_bound":-0.08976238432884198},"point_estimate":-0.09096785980761435,"standard_error":0.0007652163201259287}}