{"mean":{"confidence_interval":{"confidence_level":0.95,"lower_bound":-0.06451812601086823,"upper_bound":-0.05473429002165537},"point_estimate":-0.058791080219525504,"standard_error":0.0024999048679931924},"median":{"confidence_interval":{"confidence_level":0.95,"lower_bound":-0.06181334478671918,"upper_bound":-0.05429101300620909},"point_estimate":-0.05625427369391056,"standard_error":0.0016113968538950699}}