{"mean":{"confidence_interval":{"confidence_level":0.95,"lower_bound":-0.09910173403474157,"upper_bound":-0.09361998094863386},"point_estimate":-0.09643544697506279,"standard_error":0.0014038510740578055},"median":{"confidence_interval":{"confidence_level":0.95,"lower_bound":-0.10043433537867574,"upper_bound":-0.09414763810221016},"point_estimate":-0.09638637606801859,"standard_error":0.0015114613077154236}}