{"mean":{"confidence_interval":{"confidence_level":0.95,"lower_bound":2575548011.0,"upper_bound":2582414342.3},"point_estimate":2579029660.7,"standard_error":1758160.5412186289},"median":{"confidence_interval":{"confidence_level":0.95,"lower_bound":2573396769.0,"upper_bound":2584380236.5},"point_estimate":2580235767.0,"standard_error":3009516.0321603348},"median_abs_dev":{"confidence_interval":{"confidence_level":0.95,"lower_bound":1585912.7289444208,"upper_bound":9575417.89060235},"point_estimate":7605362.76717782,"standard_error":2131003.055965006},"slope":null,"std_dev":{"confidence_interval":{"confidence_level":0.95,"lower_bound":3689193.760322229,"upper_bound":6978486.56228084},"point_estimate":5869596.9325059,"standard_error":841962.99962967}}