{"mean":{"confidence_interval":{"confidence_level":0.95,"lower_bound":-0.1168998329999042,"upper_bound":-0.11442890102466986},"point_estimate":-0.11571838125972489,"standard_error":0.0006293246328757694},"median":{"confidence_interval":{"confidence_level":0.95,"lower_bound":-0.11689995032056177,"upper_bound":-0.1146286549368769},"point_estimate":-0.11583679243055744,"standard_error":0.0004383585382396322}}