{"mean":{"confidence_interval":{"confidence_level":0.95,"lower_bound":-0.13227096003559827,"upper_bound":-0.12469174700386104},"point_estimate":-0.12935267282630047,"standard_error":0.0020830457310885633},"median":{"confidence_interval":{"confidence_level":0.95,"lower_bound":-0.13244540751224432,"upper_bound":-0.12947840564433866},"point_estimate":-0.13093893028435233,"standard_error":0.0009193833072947929}}