{"mean":{"confidence_interval":{"confidence_level":0.95,"lower_bound":-0.08572769068514235,"upper_bound":-0.07967603099753855},"point_estimate":-0.08311939981622019,"standard_error":0.001498330144591257},"median":{"confidence_interval":{"confidence_level":0.95,"lower_bound":-0.08728291485441109,"upper_bound":-0.08051106068368286},"point_estimate":-0.08314415852685864,"standard_error":0.0014628439867212044}}