{"mean":{"confidence_interval":{"confidence_level":0.95,"lower_bound":2454849136.4100003,"upper_bound":2476796028.2},"point_estimate":2465479928.8,"standard_error":5645770.957949901},"median":{"confidence_interval":{"confidence_level":0.95,"lower_bound":2451367494.0,"upper_bound":2480500803.0},"point_estimate":2453885853.5,"standard_error":10499206.88601172},"median_abs_dev":{"confidence_interval":{"confidence_level":0.95,"lower_bound":341366.42003953457,"upper_bound":32834562.661769986},"point_estimate":6454509.363609552,"standard_error":9434877.500456989},"slope":null,"std_dev":{"confidence_interval":{"confidence_level":0.95,"lower_bound":9369019.52487103,"upper_bound":23810326.81976892},"point_estimate":18836985.423904095,"standard_error":3666548.7813209873}}