{"mean":{"confidence_interval":{"confidence_level":0.95,"lower_bound":-0.0936305927289988,"upper_bound":-0.08733752669010027},"point_estimate":-0.09066921167179953,"standard_error":0.0016063938352454772},"median":{"confidence_interval":{"confidence_level":0.95,"lower_bound":-0.09334141473622937,"upper_bound":-0.08817074928049606},"point_estimate":-0.09053417292900268,"standard_error":0.0011994320864696885}}