{"mean":{"confidence_interval":{"confidence_level":0.95,"lower_bound":-0.08606592649761058,"upper_bound":-0.08170683014626244},"point_estimate":-0.08392420843368498,"standard_error":0.0011140085496465775},"median":{"confidence_interval":{"confidence_level":0.95,"lower_bound":-0.08667607448531833,"upper_bound":-0.0799383168696488},"point_estimate":-0.0834523165521408,"standard_error":0.0015243142057982438}}