{"mean":{"confidence_interval":{"confidence_level":0.95,"lower_bound":-0.0945778139096381,"upper_bound":-0.08899973115634345},"point_estimate":-0.09185173359283638,"standard_error":0.0014294909150656813},"median":{"confidence_interval":{"confidence_level":0.95,"lower_bound":-0.09680148576819436,"upper_bound":-0.08870666895894053},"point_estimate":-0.09232355544795967,"standard_error":0.0019340390523828947}}