{"mean":{"confidence_interval":{"confidence_level":0.95,"lower_bound":-0.08844911392434456,"upper_bound":-0.08536949807564165},"point_estimate":-0.08696544166532694,"standard_error":0.0007898943092409726},"median":{"confidence_interval":{"confidence_level":0.95,"lower_bound":-0.08863958272160799,"upper_bound":-0.08542314928672023},"point_estimate":-0.08650017350282269,"standard_error":0.0007201572479836389}}