{"mean":{"confidence_interval":{"confidence_level":0.95,"lower_bound":784039312.1333332,"upper_bound":787823372.8666666},"point_estimate":785742834.0000001,"standard_error":971181.8200793061},"median":{"confidence_interval":{"confidence_level":0.95,"lower_bound":783553760.0,"upper_bound":786971700.5},"point_estimate":785381017.6666667,"standard_error":746339.7173954711},"median_abs_dev":{"confidence_interval":{"confidence_level":0.95,"lower_bound":443619.6105243248,"upper_bound":4368823.303038059},"point_estimate":1989451.7317801418,"standard_error":1092626.5446030719},"slope":null,"std_dev":{"confidence_interval":{"confidence_level":0.95,"lower_bound":1147011.1247612976,"upper_bound":4581996.359858},"point_estimate":3245350.2339117676,"standard_error":975154.0266168248}}