{"mean":{"confidence_interval":{"confidence_level":0.95,"lower_bound":2554453553.8,"upper_bound":2573613942.2599998},"point_estimate":2562844074.4,"standard_error":4977355.134924322},"median":{"confidence_interval":{"confidence_level":0.95,"lower_bound":2550810666.0,"upper_bound":2571494532.0},"point_estimate":2557642102.5,"standard_error":4998419.192093721},"median_abs_dev":{"confidence_interval":{"confidence_level":0.95,"lower_bound":1130679.6657264233,"upper_bound":20364386.113759875},"point_estimate":9723885.451966524,"standard_error":5651726.52105248},"slope":null,"std_dev":{"confidence_interval":{"confidence_level":0.95,"lower_bound":4985600.493600326,"upper_bound":23205848.348235294},"point_estimate":16623365.525018385,"standard_error":5122860.861739294}}