{"mean":{"confidence_interval":{"confidence_level":0.95,"lower_bound":787113717.2708334,"upper_bound":800469587.8449999},"point_estimate":793577946.6666666,"standard_error":3458065.0676732888},"median":{"confidence_interval":{"confidence_level":0.95,"lower_bound":781686651.6666666,"upper_bound":802952650.8333334},"point_estimate":793891116.3333333,"standard_error":4050018.3363465723},"median_abs_dev":{"confidence_interval":{"confidence_level":0.95,"lower_bound":821370.0223177671,"upper_bound":22283535.17868805},"point_estimate":10480520.958733588,"standard_error":6777285.577614456},"slope":null,"std_dev":{"confidence_interval":{"confidence_level":0.95,"lower_bound":6247163.412797451,"upper_bound":14513805.029987268},"point_estimate":11558033.923319085,"standard_error":2180975.3752582595}}