{"mean":{"confidence_interval":{"confidence_level":0.95,"lower_bound":-0.09606261893711793,"upper_bound":-0.09314068037920249},"point_estimate":-0.09455263630425093,"standard_error":0.0007449019547799272},"median":{"confidence_interval":{"confidence_level":0.95,"lower_bound":-0.09603789682960018,"upper_bound":-0.09301869959302766},"point_estimate":-0.09486462405296436,"standard_error":0.0007289902553277286}}