{"mean":{"confidence_interval":{"confidence_level":0.95,"lower_bound":-0.08974835291574286,"upper_bound":-0.08794341231776022},"point_estimate":-0.08887225505584306,"standard_error":0.0004623607319021781},"median":{"confidence_interval":{"confidence_level":0.95,"lower_bound":-0.0896436738958688,"upper_bound":-0.08782355104914807},"point_estimate":-0.0890337596387869,"standard_error":0.0004426823292911181}}