{"mean":{"confidence_interval":{"confidence_level":0.95,"lower_bound":-0.07462659744129131,"upper_bound":-0.07278151088337718},"point_estimate":-0.073712448875899,"standard_error":0.0004657313201591388},"median":{"confidence_interval":{"confidence_level":0.95,"lower_bound":-0.0744345893266396,"upper_bound":-0.07277591025754426},"point_estimate":-0.07390262587384488,"standard_error":0.00043668477447053963}}