{"mean":{"confidence_interval":{"confidence_level":0.95,"lower_bound":-0.09299990404409335,"upper_bound":-0.09015999190490533},"point_estimate":-0.09159271662839163,"standard_error":0.0007268897186776725},"median":{"confidence_interval":{"confidence_level":0.95,"lower_bound":-0.09347615389487773,"upper_bound":-0.08919155580488802},"point_estimate":-0.09151645465023373,"standard_error":0.001022089350445754}}