{"mean":{"confidence_interval":{"confidence_level":0.95,"lower_bound":-0.1115500019973316,"upper_bound":-0.10969950850751038},"point_estimate":-0.1106995890643655,"standard_error":0.0004671780276104417},"median":{"confidence_interval":{"confidence_level":0.95,"lower_bound":-0.11181091380539632,"upper_bound":-0.10956441648742288},"point_estimate":-0.1110880545736821,"standard_error":0.0004925418714014199}}