{"mean":{"confidence_interval":{"confidence_level":0.95,"lower_bound":-0.09071136212033229,"upper_bound":-0.08799382678727247},"point_estimate":-0.08931519282159972,"standard_error":0.0006944954358656859},"median":{"confidence_interval":{"confidence_level":0.95,"lower_bound":-0.09055849645955072,"upper_bound":-0.08788298119421167},"point_estimate":-0.08896928992627895,"standard_error":0.0006903500623450434}}