{"mean":{"confidence_interval":{"confidence_level":0.95,"lower_bound":-0.0703178688582704,"upper_bound":-0.039966006169713436},"point_estimate":-0.05175741474842954,"standard_error":0.008444887040805845},"median":{"confidence_interval":{"confidence_level":0.95,"lower_bound":-0.051235689283196106,"upper_bound":-0.03793564309012398},"point_estimate":-0.04492689794437987,"standard_error":0.003681614584719752}}