{"mean":{"confidence_interval":{"confidence_level":0.95,"lower_bound":-0.09180857489423343,"upper_bound":-0.08846899002216436},"point_estimate":-0.09028438669353656,"standard_error":0.0008605103749240014},"median":{"confidence_interval":{"confidence_level":0.95,"lower_bound":-0.09231517708928139,"upper_bound":-0.08878184795921884},"point_estimate":-0.0902910238535688,"standard_error":0.0009718306885000792}}