{"mean":{"confidence_interval":{"confidence_level":0.95,"lower_bound":-0.08565882338575519,"upper_bound":-0.08083107405570009},"point_estimate":-0.08315561922179215,"standard_error":0.001235808188666058},"median":{"confidence_interval":{"confidence_level":0.95,"lower_bound":-0.08686829651100858,"upper_bound":-0.07930062160770301},"point_estimate":-0.08179179047556218,"standard_error":0.0021047934424356395}}