{"mean":{"confidence_interval":{"confidence_level":0.95,"lower_bound":1069977252.155,"upper_bound":1074109601.7},"point_estimate":1071806513.0,"standard_error":1071847.7455545098},"median":{"confidence_interval":{"confidence_level":0.95,"lower_bound":1069695728.25,"upper_bound":1073231327.5},"point_estimate":1070992214.5,"standard_error":645296.8511598639},"median_abs_dev":{"confidence_interval":{"confidence_level":0.95,"lower_bound":174312.61475533247,"upper_bound":4978015.477922559},"point_estimate":868104.1680380702,"standard_error":1389586.2727647973},"slope":null,"std_dev":{"confidence_interval":{"confidence_level":0.95,"lower_bound":1126290.0484149386,"upper_bound":5053081.453172248},"point_estimate":3575482.3846503333,"standard_error":1134871.6691308215}}