{"mean":{"confidence_interval":{"confidence_level":0.95,"lower_bound":2125288119.2225,"upper_bound":2129885316.3},"point_estimate":2127542195.5,"standard_error":1178450.9723419843},"median":{"confidence_interval":{"confidence_level":0.95,"lower_bound":2124623187.0,"upper_bound":2130403597.5},"point_estimate":2127049804.0,"standard_error":1257532.4712980578},"median_abs_dev":{"confidence_interval":{"confidence_level":0.95,"lower_bound":549932.6539367437,"upper_bound":7284415.455275774},"point_estimate":3050462.047943473,"standard_error":1730440.339391212},"slope":null,"std_dev":{"confidence_interval":{"confidence_level":0.95,"lower_bound":2036064.659091346,"upper_bound":5018670.98959919},"point_estimate":3916486.291733425,"standard_error":768911.5737386649}}