{"mean":{"confidence_interval":{"confidence_level":0.95,"lower_bound":-0.09002996693274479,"upper_bound":-0.08209499027310103},"point_estimate":-0.08599313278564424,"standard_error":0.0020265333967579967},"median":{"confidence_interval":{"confidence_level":0.95,"lower_bound":-0.09190341244002942,"upper_bound":-0.07820525262478528},"point_estimate":-0.08767825015989639,"standard_error":0.003782218647512832}}