{"mean":{"confidence_interval":{"confidence_level":0.95,"lower_bound":-0.1326488246980747,"upper_bound":-0.1298001186042435},"point_estimate":-0.13122064142315437,"standard_error":0.0007308273609984737},"median":{"confidence_interval":{"confidence_level":0.95,"lower_bound":-0.13295505545331887,"upper_bound":-0.1295142010013578},"point_estimate":-0.13120518258471958,"standard_error":0.0008247416670579649}}