{"mean":{"confidence_interval":{"confidence_level":0.95,"lower_bound":934756237.4233332,"upper_bound":937493112.5925001},"point_estimate":935789812.4333332,"standard_error":770939.5825086221},"median":{"confidence_interval":{"confidence_level":0.95,"lower_bound":934599159.6666667,"upper_bound":935616083.5},"point_estimate":935102639.5,"standard_error":335345.0602610009},"median_abs_dev":{"confidence_interval":{"confidence_level":0.95,"lower_bound":165204.38536709477,"upper_bound":1260195.8929270506},"point_estimate":599169.7990626097,"standard_error":333065.62141589314},"slope":null,"std_dev":{"confidence_interval":{"confidence_level":0.95,"lower_bound":370243.25968978705,"upper_bound":3942249.3346153363},"point_estimate":2569969.746195952,"standard_error":1236084.0465162934}}