{"mean":{"confidence_interval":{"confidence_level":0.95,"lower_bound":-0.09199245846691699,"upper_bound":-0.08955187811953776},"point_estimate":-0.09081241168857679,"standard_error":0.000626030084605336},"median":{"confidence_interval":{"confidence_level":0.95,"lower_bound":-0.09240277897097804,"upper_bound":-0.08951955369765408},"point_estimate":-0.0910576521465235,"standard_error":0.0007457969993590976}}