{"mean":{"confidence_interval":{"confidence_level":0.95,"lower_bound":3561923338.0,"upper_bound":3578806434.955},"point_estimate":3570022058.9,"standard_error":4338459.133080135},"median":{"confidence_interval":{"confidence_level":0.95,"lower_bound":3558594090.5,"upper_bound":3582590729.0},"point_estimate":3565239356.0,"standard_error":6694355.673024704},"median_abs_dev":{"confidence_interval":{"confidence_level":0.95,"lower_bound":3734314.992302656,"upper_bound":23297097.847893834},"point_estimate":14810606.64255917,"standard_error":5388785.220514497},"slope":null,"std_dev":{"confidence_interval":{"confidence_level":0.95,"lower_bound":8001545.87571097,"upper_bound":17564937.20538152},"point_estimate":14451494.499902135,"standard_error":2420143.949247202}}