{"mean":{"confidence_interval":{"confidence_level":0.95,"lower_bound":1571661345.96,"upper_bound":1578503042.99},"point_estimate":1574684806.35,"standard_error":1768640.8577244165},"median":{"confidence_interval":{"confidence_level":0.95,"lower_bound":1570914043.75,"upper_bound":1578656994.25},"point_estimate":1572645263.0,"standard_error":1560266.9057176379},"median_abs_dev":{"confidence_interval":{"confidence_level":0.95,"lower_bound":385278.80735993385,"upper_bound":7662893.205906451},"point_estimate":1850120.1985538006,"standard_error":1646331.5751888822},"slope":null,"std_dev":{"confidence_interval":{"confidence_level":0.95,"lower_bound":1198017.0794960416,"upper_bound":7659290.837636724},"point_estimate":5900298.959920406,"standard_error":1738249.742793206}}