{"mean":{"confidence_interval":{"confidence_level":0.95,"lower_bound":2029863003.7,"upper_bound":2034381180.4},"point_estimate":2032015728.4,"standard_error":1155616.468182268},"median":{"confidence_interval":{"confidence_level":0.95,"lower_bound":2029279477.0,"upper_bound":2034756029.0},"point_estimate":2031213114.0,"standard_error":1248857.6703431942},"median_abs_dev":{"confidence_interval":{"confidence_level":0.95,"lower_bound":223814.03332650661,"upper_bound":6199747.538432479},"point_estimate":3115132.317495346,"standard_error":1737272.890394131},"slope":null,"std_dev":{"confidence_interval":{"confidence_level":0.95,"lower_bound":1758342.7887847156,"upper_bound":4960367.7292211475},"point_estimate":3854063.134329541,"standard_error":802351.1301242108}}