{"mean":{"confidence_interval":{"confidence_level":0.95,"lower_bound":-0.0875027847311382,"upper_bound":-0.08397007155037839},"point_estimate":-0.08574670076810864,"standard_error":0.0009037063060976049},"median":{"confidence_interval":{"confidence_level":0.95,"lower_bound":-0.0878659316192143,"upper_bound":-0.08351256706157084},"point_estimate":-0.0862092880005072,"standard_error":0.0010969665263950933}}