{"mean":{"confidence_interval":{"confidence_level":0.95,"lower_bound":-0.0996692653004633,"upper_bound":-0.09555459835821176},"point_estimate":-0.09770830911791295,"standard_error":0.0010482487536641306},"median":{"confidence_interval":{"confidence_level":0.95,"lower_bound":-0.1008942483985964,"upper_bound":-0.09440585078908648},"point_estimate":-0.09854100289038203,"standard_error":0.0017439221118829595}}