{"mean":{"confidence_interval":{"confidence_level":0.95,"lower_bound":936845000.6224998,"upper_bound":938382905.1},"point_estimate":937502198.2666668,"standard_error":403656.425299751},"median":{"confidence_interval":{"confidence_level":0.95,"lower_bound":936740614.0,"upper_bound":938106172.0},"point_estimate":936914150.3333334,"standard_error":347392.27504671004},"median_abs_dev":{"confidence_interval":{"confidence_level":0.95,"lower_bound":35721.26956576178,"upper_bound":1739780.1665126688},"point_estimate":332140.9417034079,"standard_error":421514.80682954256},"slope":null,"std_dev":{"confidence_interval":{"confidence_level":0.95,"lower_bound":182496.6180010965,"upper_bound":1947591.0497384148},"point_estimate":1349458.196208731,"standard_error":472547.4008489234}}