{"mean":{"confidence_interval":{"confidence_level":0.95,"lower_bound":-0.08799248089285043,"upper_bound":-0.08557558015582079},"point_estimate":-0.08681882865992696,"standard_error":0.0006173202224677261},"median":{"confidence_interval":{"confidence_level":0.95,"lower_bound":-0.08801613894276938,"upper_bound":-0.08599555307286709},"point_estimate":-0.08682160842031372,"standard_error":0.0005457638685160241}}