{"mean":{"confidence_interval":{"confidence_level":0.95,"lower_bound":907254090.3333334,"upper_bound":908582799.8991667},"point_estimate":907748240.8666668,"standard_error":378734.0945869925},"median":{"confidence_interval":{"confidence_level":0.95,"lower_bound":907204129.8333333,"upper_bound":907585862.5},"point_estimate":907418017.5,"standard_error":138044.44580619843},"median_abs_dev":{"confidence_interval":{"confidence_level":0.95,"lower_bound":38959.76210832596,"upper_bound":533330.4500113965},"point_estimate":234001.47194561397,"standard_error":152469.73197246686},"slope":null,"std_dev":{"confidence_interval":{"confidence_level":0.95,"lower_bound":148677.7091175655,"upper_bound":1942527.2089095898},"point_estimate":1263964.338257475,"standard_error":628121.4013513013}}