{"mean":{"confidence_interval":{"confidence_level":0.95,"lower_bound":2131994181.9,"upper_bound":2135723591.1},"point_estimate":2133842524.0,"standard_error":948516.896312645},"median":{"confidence_interval":{"confidence_level":0.95,"lower_bound":2131385037.0,"upper_bound":2135771180.0},"point_estimate":2134252152.0,"standard_error":1227556.1995211504},"median_abs_dev":{"confidence_interval":{"confidence_level":0.95,"lower_bound":524620.965886116,"upper_bound":5452623.157596588},"point_estimate":2825106.8519443274,"standard_error":1268089.8294334058},"slope":null,"std_dev":{"confidence_interval":{"confidence_level":0.95,"lower_bound":1629041.595024609,"upper_bound":4170563.0435050284},"point_estimate":3168867.5108288554,"standard_error":666952.4237841653}}