{"mean":{"confidence_interval":{"confidence_level":0.95,"lower_bound":-0.06910218391307069,"upper_bound":-0.0600143341068331},"point_estimate":-0.06484258316143487,"standard_error":0.002260270586239726},"median":{"confidence_interval":{"confidence_level":0.95,"lower_bound":-0.0699120736151907,"upper_bound":-0.061992861103394144},"point_estimate":-0.06522337148071022,"standard_error":0.0019326949551916111}}