{"mean":{"confidence_interval":{"confidence_level":0.95,"lower_bound":2732318941.875,"upper_bound":2737078417.525},"point_estimate":2734709196.1,"standard_error":1220599.777827325},"median":{"confidence_interval":{"confidence_level":0.95,"lower_bound":2730896835.0,"upper_bound":2737808913.5},"point_estimate":2734971768.0,"standard_error":1687503.2650051357},"median_abs_dev":{"confidence_interval":{"confidence_level":0.95,"lower_bound":1290079.919296503,"upper_bound":6967810.678696632},"point_estimate":4851391.803270578,"standard_error":1493004.4941405768},"slope":null,"std_dev":{"confidence_interval":{"confidence_level":0.95,"lower_bound":2351794.114227763,"upper_bound":5106142.296812532},"point_estimate":4070970.865164406,"standard_error":704237.3429699331}}