{"mean":{"confidence_interval":{"confidence_level":0.95,"lower_bound":-0.09568820086509011,"upper_bound":-0.09099258605876932},"point_estimate":-0.09329791381082198,"standard_error":0.0012312392492463931},"median":{"confidence_interval":{"confidence_level":0.95,"lower_bound":-0.0965659431190865,"upper_bound":-0.09100707352421333},"point_estimate":-0.09386100958062138,"standard_error":0.0017599055788459338}}