{"mean":{"confidence_interval":{"confidence_level":0.95,"lower_bound":-0.1186750656923653,"upper_bound":-0.11588007977111624},"point_estimate":-0.1171358401706295,"standard_error":0.0007227547379531278},"median":{"confidence_interval":{"confidence_level":0.95,"lower_bound":-0.11821284040533775,"upper_bound":-0.11551517745501183},"point_estimate":-0.11659947456187003,"standard_error":0.0006321950093876728}}