{"mean":{"confidence_interval":{"confidence_level":0.95,"lower_bound":-0.035195625398963815,"upper_bound":-0.024817967681121586},"point_estimate":-0.030083940065998682,"standard_error":0.0026571339990341604},"median":{"confidence_interval":{"confidence_level":0.95,"lower_bound":-0.0401915305052416,"upper_bound":-0.021259795753591715},"point_estimate":-0.031382801768134905,"standard_error":0.004458354044169548}}