{"mean":{"confidence_interval":{"confidence_level":0.95,"lower_bound":-0.10179739128106777,"upper_bound":-0.09883555235535549},"point_estimate":-0.10037970478535763,"standard_error":0.0007553642325322759},"median":{"confidence_interval":{"confidence_level":0.95,"lower_bound":-0.10205939087564131,"upper_bound":-0.09881604877305594},"point_estimate":-0.10056765917983235,"standard_error":0.001089293228674311}}