{"mean":{"confidence_interval":{"confidence_level":0.95,"lower_bound":1971177629.7,"upper_bound":1976049282.8075001},"point_estimate":1973489187.0,"standard_error":1243250.1117189552},"median":{"confidence_interval":{"confidence_level":0.95,"lower_bound":1970058033.5,"upper_bound":1976434020.0},"point_estimate":1973140822.25,"standard_error":1585288.8265538164},"median_abs_dev":{"confidence_interval":{"confidence_level":0.95,"lower_bound":917291.2754148245,"upper_bound":6787622.149595618},"point_estimate":4026638.4878128767,"standard_error":1549093.1943373757},"slope":null,"std_dev":{"confidence_interval":{"confidence_level":0.95,"lower_bound":2063570.0106466315,"upper_bound":5282259.762875115},"point_estimate":4130550.702875842,"standard_error":835529.6976148897}}