{"mean":{"confidence_interval":{"confidence_level":0.95,"lower_bound":-0.0776984115430101,"upper_bound":-0.0750821594187961},"point_estimate":-0.07634220219156618,"standard_error":0.0006678450475133099},"median":{"confidence_interval":{"confidence_level":0.95,"lower_bound":-0.07833860744096277,"upper_bound":-0.07430797608589182},"point_estimate":-0.07578481914588486,"standard_error":0.001085113129942302}}