{"mean":{"confidence_interval":{"confidence_level":0.95,"lower_bound":4422924047.5,"upper_bound":4427184743.525001},"point_estimate":4424940681.3,"standard_error":1091575.65583016},"median":{"confidence_interval":{"confidence_level":0.95,"lower_bound":4421950450.5,"upper_bound":4427897511.0},"point_estimate":4423772489.5,"standard_error":1494381.5063421358},"median_abs_dev":{"confidence_interval":{"confidence_level":0.95,"lower_bound":846893.7221646309,"upper_bound":6021158.734703064},"point_estimate":3282066.4028316736,"standard_error":1371790.817365369},"slope":null,"std_dev":{"confidence_interval":{"confidence_level":0.95,"lower_bound":1764179.358853814,"upper_bound":4669232.365101172},"point_estimate":3645673.3029373647,"standard_error":757963.4808099869}}