{"mean":{"confidence_interval":{"confidence_level":0.95,"lower_bound":1824432759.25,"upper_bound":1850060439.8},"point_estimate":1837704478.05,"standard_error":6568668.161935633},"median":{"confidence_interval":{"confidence_level":0.95,"lower_bound":1817168204.5,"upper_bound":1856359862.0},"point_estimate":1842687186.0,"standard_error":11621041.543663658},"median_abs_dev":{"confidence_interval":{"confidence_level":0.95,"lower_bound":1195814.7303700447,"upper_bound":36914457.25258738},"point_estimate":22195569.06284988,"standard_error":10929120.551168175},"slope":null,"std_dev":{"confidence_interval":{"confidence_level":0.95,"lower_bound":12734780.709495435,"upper_bound":26205417.140465382},"point_estimate":21944738.193923112,"standard_error":3457503.657497056}}