{"mean":{"confidence_interval":{"confidence_level":0.95,"lower_bound":-0.08080939888986328,"upper_bound":-0.0779245279515784},"point_estimate":-0.07939761745025686,"standard_error":0.0007367533307698957},"median":{"confidence_interval":{"confidence_level":0.95,"lower_bound":-0.08111219958821358,"upper_bound":-0.07732462142581242},"point_estimate":-0.07959214724382391,"standard_error":0.001051295992184129}}