{"mean":{"confidence_interval":{"confidence_level":0.95,"lower_bound":756113314.3291667,"upper_bound":759795619.3683333},"point_estimate":757800850.5666667,"standard_error":941219.9949007272},"median":{"confidence_interval":{"confidence_level":0.95,"lower_bound":755696514.6666666,"upper_bound":759101620.0},"point_estimate":757477082.6666666,"standard_error":1092761.7129233812},"median_abs_dev":{"confidence_interval":{"confidence_level":0.95,"lower_bound":364858.4637224085,"upper_bound":4661321.498244883},"point_estimate":2524204.5387864406,"standard_error":1134274.038937543},"slope":null,"std_dev":{"confidence_interval":{"confidence_level":0.95,"lower_bound":1354130.1508032433,"upper_bound":4373936.842905242},"point_estimate":3138286.6866551507,"standard_error":859170.2039756812}}