{"mean":{"confidence_interval":{"confidence_level":0.95,"lower_bound":-0.0932899585432957,"upper_bound":-0.09042602221257322},"point_estimate":-0.09188972501229897,"standard_error":0.0007341734676080712},"median":{"confidence_interval":{"confidence_level":0.95,"lower_bound":-0.09419545880225788,"upper_bound":-0.09003000521031368},"point_estimate":-0.09195536455061404,"standard_error":0.0010819679603668497}}