{"mean":{"confidence_interval":{"confidence_level":0.95,"lower_bound":-0.10023902818521335,"upper_bound":-0.09841384199216091},"point_estimate":-0.09934396916648558,"standard_error":0.0004659008698423617},"median":{"confidence_interval":{"confidence_level":0.95,"lower_bound":-0.10099389774070167,"upper_bound":-0.09813199869693856},"point_estimate":-0.09906460900476421,"standard_error":0.0007683729611892422}}