{"mean":{"confidence_interval":{"confidence_level":0.95,"lower_bound":2308310111.23,"upper_bound":2310533902.15},"point_estimate":2309399866.8,"standard_error":566741.5681295788},"median":{"confidence_interval":{"confidence_level":0.95,"lower_bound":2308352889.0,"upper_bound":2311213676.0},"point_estimate":2308784925.0,"standard_error":768958.3258069911},"median_abs_dev":{"confidence_interval":{"confidence_level":0.95,"lower_bound":172309.99284088612,"upper_bound":3388367.3383444548},"point_estimate":1190504.057264328,"standard_error":907375.5287540179},"slope":null,"std_dev":{"confidence_interval":{"confidence_level":0.95,"lower_bound":967915.6833372194,"upper_bound":2440996.7788135693},"point_estimate":1891525.452145249,"standard_error":371697.603722377}}