{"mean":{"confidence_interval":{"confidence_level":0.95,"lower_bound":1491704843.4,"upper_bound":1505148632.69875},"point_estimate":1497979298.9,"standard_error":3478792.818901007},"median":{"confidence_interval":{"confidence_level":0.95,"lower_bound":1490805115.75,"upper_bound":1505707310.5},"point_estimate":1492142532.75,"standard_error":4107646.710524023},"median_abs_dev":{"confidence_interval":{"confidence_level":0.95,"lower_bound":526277.7713567019,"upper_bound":19012293.114714324},"point_estimate":2317480.188256502,"standard_error":4309053.600305347},"slope":null,"std_dev":{"confidence_interval":{"confidence_level":0.95,"lower_bound":1752951.9516670143,"upper_bound":14259116.994202912},"point_estimate":11607017.933631122,"standard_error":2873551.816391165}}