{"mean":{"confidence_interval":{"confidence_level":0.95,"lower_bound":2710799999.8,"upper_bound":2720347202.0},"point_estimate":2715679592.6,"standard_error":2447091.682804226},"median":{"confidence_interval":{"confidence_level":0.95,"lower_bound":2709090077.5,"upper_bound":2721165007.5},"point_estimate":2716743879.0,"standard_error":2813287.932385205},"median_abs_dev":{"confidence_interval":{"confidence_level":0.95,"lower_bound":1929773.6234396696,"upper_bound":15098102.792555094},"point_estimate":6937786.546629667,"standard_error":3401813.4462707993},"slope":null,"std_dev":{"confidence_interval":{"confidence_level":0.95,"lower_bound":4167057.6571656996,"upper_bound":10298365.820961075},"point_estimate":8141332.803841317,"standard_error":1547700.5843593953}}