{"mean":{"confidence_interval":{"confidence_level":0.95,"lower_bound":-0.09461458845992372,"upper_bound":-0.09149302698170193},"point_estimate":-0.09314435633977158,"standard_error":0.0007882699090741204},"median":{"confidence_interval":{"confidence_level":0.95,"lower_bound":-0.09500642814781513,"upper_bound":-0.0919472811612777},"point_estimate":-0.0932472999017131,"standard_error":0.0007514564819324121}}