{"mean":{"confidence_interval":{"confidence_level":0.95,"lower_bound":3458056491.2,"upper_bound":3463424705.2},"point_estimate":3460867639.5,"standard_error":1372465.7290166402},"median":{"confidence_interval":{"confidence_level":0.95,"lower_bound":3457873007.0,"upper_bound":3464599234.0},"point_estimate":3461464408.0,"standard_error":1790244.4077794745},"median_abs_dev":{"confidence_interval":{"confidence_level":0.95,"lower_bound":1329973.7193882465,"upper_bound":7727883.346402645},"point_estimate":4478900.420683622,"standard_error":1632801.933147738},"slope":null,"std_dev":{"confidence_interval":{"confidence_level":0.95,"lower_bound":2418474.0448621335,"upper_bound":6004346.941855149},"point_estimate":4582105.183397068,"standard_error":958025.3852074621}}