{"mean":{"confidence_interval":{"confidence_level":0.95,"lower_bound":-0.09309240694507862,"upper_bound":-0.08468253315220775},"point_estimate":-0.08940357412169031,"standard_error":0.0021693624404394434},"median":{"confidence_interval":{"confidence_level":0.95,"lower_bound":-0.09423912247884614,"upper_bound":-0.08287938332519962},"point_estimate":-0.09221106845828608,"standard_error":0.002421932919367059}}