{"mean":{"confidence_interval":{"confidence_level":0.95,"lower_bound":1874662080.37625,"upper_bound":1882367537.05},"point_estimate":1877938616.5,"standard_error":2020274.0386313915},"median":{"confidence_interval":{"confidence_level":0.95,"lower_bound":1873582629.0,"upper_bound":1879909766.5},"point_estimate":1875972517.5,"standard_error":1755335.1440179267},"median_abs_dev":{"confidence_interval":{"confidence_level":0.95,"lower_bound":884603.6524951458,"upper_bound":7578863.1458982825},"point_estimate":4243830.859006941,"standard_error":1651211.1549424804},"slope":null,"std_dev":{"confidence_interval":{"confidence_level":0.95,"lower_bound":2187104.3925862904,"upper_bound":9875431.645482183},"point_estimate":6732460.972340616,"standard_error":2393847.5737587004}}