{"mean":{"confidence_interval":{"confidence_level":0.95,"lower_bound":-0.09282471433439962,"upper_bound":-0.08992558300696085},"point_estimate":-0.09150215044358834,"standard_error":0.0007446930815189254},"median":{"confidence_interval":{"confidence_level":0.95,"lower_bound":-0.09381283870613744,"upper_bound":-0.08958833099981711},"point_estimate":-0.09232892890418354,"standard_error":0.0010722289925989932}}