{"mean":{"confidence_interval":{"confidence_level":0.95,"lower_bound":317131874.99650794,"upper_bound":318088725.42037797},"point_estimate":317542463.8040079,"standard_error":244546.02640686173},"median":{"confidence_interval":{"confidence_level":0.95,"lower_bound":317120598.4166666,"upper_bound":318083116.475},"point_estimate":317231360.8714286,"standard_error":199550.03228652646},"median_abs_dev":{"confidence_interval":{"confidence_level":0.95,"lower_bound":22692.601067108124,"upper_bound":1228192.4528302164},"point_estimate":120212.27402414376,"standard_error":224178.57207211538},"slope":{"confidence_interval":{"confidence_level":0.95,"lower_bound":317203490.45386904,"upper_bound":318642793.3708634},"point_estimate":317999733.44285715,"standard_error":383418.37858586083},"std_dev":{"confidence_interval":{"confidence_level":0.95,"lower_bound":88424.41048720569,"upper_bound":1038532.108715542},"point_estimate":814154.5092089823,"standard_error":252983.38513744622}}