{"mean":{"confidence_interval":{"confidence_level":0.95,"lower_bound":-0.09588067737247394,"upper_bound":-0.08715148472390491},"point_estimate":-0.09201259907966353,"standard_error":0.0022158398792456414},"median":{"confidence_interval":{"confidence_level":0.95,"lower_bound":-0.09720010998252715,"upper_bound":-0.08695217554115442},"point_estimate":-0.09438687483602892,"standard_error":0.0020353121595460956}}