{"mean":{"confidence_interval":{"confidence_level":0.95,"lower_bound":3289441532.3,"upper_bound":3296802654.1},"point_estimate":3292738211.3,"standard_error":1885901.931203827},"median":{"confidence_interval":{"confidence_level":0.95,"lower_bound":3289494562.0,"upper_bound":3294168716.0},"point_estimate":3292041990.0,"standard_error":1150770.311211181},"median_abs_dev":{"confidence_interval":{"confidence_level":0.95,"lower_bound":371938.3727967739,"upper_bound":8283308.291941881},"point_estimate":3464950.2986848354,"standard_error":1894966.3280892018},"slope":null,"std_dev":{"confidence_interval":{"confidence_level":0.95,"lower_bound":1739461.710226471,"upper_bound":9105335.712452965},"point_estimate":6291952.859629248,"standard_error":2070230.628004122}}