{"mean":{"confidence_interval":{"confidence_level":0.95,"lower_bound":-0.09995827028992645,"upper_bound":-0.0928794668757958},"point_estimate":-0.09604676887305119,"standard_error":0.0017963796572850715},"median":{"confidence_interval":{"confidence_level":0.95,"lower_bound":-0.09620185847409268,"upper_bound":-0.09376085546365664},"point_estimate":-0.0947305412250572,"standard_error":0.000931147863206685}}