{"mean":{"confidence_interval":{"confidence_level":0.95,"lower_bound":1115128591.3575,"upper_bound":1116443642.4237502},"point_estimate":1115853715.3,"standard_error":340733.8040282906},"median":{"confidence_interval":{"confidence_level":0.95,"lower_bound":1115189059.25,"upper_bound":1116611625.75},"point_estimate":1116256996.5,"standard_error":376434.72793449636},"median_abs_dev":{"confidence_interval":{"confidence_level":0.95,"lower_bound":58006.72397017479,"upper_bound":1673420.2271908522},"point_estimate":713653.5744801164,"standard_error":411768.1830359467},"slope":null,"std_dev":{"confidence_interval":{"confidence_level":0.95,"lower_bound":407490.8711531673,"upper_bound":1542248.6493231554},"point_estimate":1133746.6119897973,"standard_error":310734.1108064771}}