{"mean":{"confidence_interval":{"confidence_level":0.95,"lower_bound":-0.09236436813299713,"upper_bound":-0.08007984460638257},"point_estimate":-0.08673952231267845,"standard_error":0.0032289372473541245},"median":{"confidence_interval":{"confidence_level":0.95,"lower_bound":-0.09367042500684197,"upper_bound":-0.08292064900352902},"point_estimate":-0.09033792905580207,"standard_error":0.002785301226479787}}