{"mean":{"confidence_interval":{"confidence_level":0.95,"lower_bound":-0.09540387418005528,"upper_bound":-0.09261239713134467},"point_estimate":-0.09405777396453752,"standard_error":0.0007133043735798127},"median":{"confidence_interval":{"confidence_level":0.95,"lower_bound":-0.09619229628889148,"upper_bound":-0.09232804331566716},"point_estimate":-0.0945009387506004,"standard_error":0.0010070278678937004}}