{"mean":{"confidence_interval":{"confidence_level":0.95,"lower_bound":1759879862.1187499,"upper_bound":1762990667.97875},"point_estimate":1761412871.6,"standard_error":796550.9708624401},"median":{"confidence_interval":{"confidence_level":0.95,"lower_bound":1758753601.5,"upper_bound":1763679875.75},"point_estimate":1761600574.25,"standard_error":1271194.1567070633},"median_abs_dev":{"confidence_interval":{"confidence_level":0.95,"lower_bound":550562.3882755637,"upper_bound":4696675.824317336},"point_estimate":3561597.655119002,"standard_error":1125240.3084521214},"slope":null,"std_dev":{"confidence_interval":{"confidence_level":0.95,"lower_bound":1634614.036365504,"upper_bound":3208756.297000038},"point_estimate":2667257.8013670165,"standard_error":401662.64408470737}}