{"mean":{"confidence_interval":{"confidence_level":0.95,"lower_bound":-0.0947335818296502,"upper_bound":-0.09244993525500562},"point_estimate":-0.09358257335998521,"standard_error":0.0005808153593938939},"median":{"confidence_interval":{"confidence_level":0.95,"lower_bound":-0.09509529511524295,"upper_bound":-0.09154937099820981},"point_estimate":-0.09374125354428942,"standard_error":0.0009587947917532107}}