{"mean":{"confidence_interval":{"confidence_level":0.95,"lower_bound":-0.13085002579680294,"upper_bound":-0.1190444373649172},"point_estimate":-0.12468700476056238,"standard_error":0.0030071410758946314},"median":{"confidence_interval":{"confidence_level":0.95,"lower_bound":-0.13052392507637856,"upper_bound":-0.11614095965044513},"point_estimate":-0.12184124352647807,"standard_error":0.003774748392482548}}