{"mean":{"confidence_interval":{"confidence_level":0.95,"lower_bound":3554605444.77,"upper_bound":3559666411.57},"point_estimate":3556967745.0,"standard_error":1305123.5830400581},"median":{"confidence_interval":{"confidence_level":0.95,"lower_bound":3553815566.5,"upper_bound":3560808574.0},"point_estimate":3555407374.0,"standard_error":1620373.1065225685},"median_abs_dev":{"confidence_interval":{"confidence_level":0.95,"lower_bound":369840.4938340187,"upper_bound":7549253.771173954},"point_estimate":3386243.51388216,"standard_error":1810679.194454876},"slope":null,"std_dev":{"confidence_interval":{"confidence_level":0.95,"lower_bound":1945282.4672354138,"upper_bound":5682203.822028068},"point_estimate":4348146.700224873,"standard_error":974801.7247636341}}