{"mean":{"confidence_interval":{"confidence_level":0.95,"lower_bound":1880858816.555,"upper_bound":1914680302.78375},"point_estimate":1898619227.35,"standard_error":8626444.601421189},"median":{"confidence_interval":{"confidence_level":0.95,"lower_bound":1879853909.75,"upper_bound":1916013983.5},"point_estimate":1914819432.75,"standard_error":10267840.57520613},"median_abs_dev":{"confidence_interval":{"confidence_level":0.95,"lower_bound":261296.75521105528,"upper_bound":44337554.738751054},"point_estimate":2074186.644525826,"standard_error":10787108.69624938},"slope":null,"std_dev":{"confidence_interval":{"confidence_level":0.95,"lower_bound":1544089.7921659327,"upper_bound":35457047.801870674},"point_estimate":28769134.38789258,"standard_error":7568123.524067521}}