{"mean":{"confidence_interval":{"confidence_level":0.95,"lower_bound":1638017120.21125,"upper_bound":1641274590.4},"point_estimate":1639571720.55,"standard_error":831314.0966604357},"median":{"confidence_interval":{"confidence_level":0.95,"lower_bound":1637479502.5,"upper_bound":1640934544.25},"point_estimate":1639578475.75,"standard_error":777887.9626378071},"median_abs_dev":{"confidence_interval":{"confidence_level":0.95,"lower_bound":366668.10054033995,"upper_bound":4505954.905003309},"point_estimate":2174991.5819361806,"standard_error":1086163.6959202122},"slope":null,"std_dev":{"confidence_interval":{"confidence_level":0.95,"lower_bound":1202558.8609683882,"upper_bound":3782816.651473135},"point_estimate":2766825.571212758,"standard_error":672265.2511839484}}