{"mean":{"confidence_interval":{"confidence_level":0.95,"lower_bound":-0.08389311639447664,"upper_bound":-0.0754477074783468},"point_estimate":-0.08033521807538369,"standard_error":0.002091724319551463},"median":{"confidence_interval":{"confidence_level":0.95,"lower_bound":-0.08297522144813929,"upper_bound":-0.07822157757960846},"point_estimate":-0.08171955085599003,"standard_error":0.0011211495836584927}}