{"mean":{"confidence_interval":{"confidence_level":0.95,"lower_bound":-0.09160528480551132,"upper_bound":-0.0892888335559991},"point_estimate":-0.09043022645234955,"standard_error":0.0006032546278358664},"median":{"confidence_interval":{"confidence_level":0.95,"lower_bound":-0.0917400516556548,"upper_bound":-0.08890343449654048},"point_estimate":-0.09059711266084591,"standard_error":0.0006876939308431447}}