{"mean":{"confidence_interval":{"confidence_level":0.95,"lower_bound":0.025219159960959244,"upper_bound":0.03962730511662731},"point_estimate":0.03341121541451608,"standard_error":0.003942431686366898},"median":{"confidence_interval":{"confidence_level":0.95,"lower_bound":0.030841862587499103,"upper_bound":0.04222532862000139},"point_estimate":0.037165530318533646,"standard_error":0.003187459069016183}}