{"mean":{"confidence_interval":{"confidence_level":0.95,"lower_bound":1812646641.2725,"upper_bound":1815289967.55},"point_estimate":1813911780.95,"standard_error":680457.9614877653},"median":{"confidence_interval":{"confidence_level":0.95,"lower_bound":1811974152.25,"upper_bound":1816566511.0},"point_estimate":1813158896.75,"standard_error":1203821.4441885406},"median_abs_dev":{"confidence_interval":{"confidence_level":0.95,"lower_bound":49171.16942703724,"upper_bound":3487091.4466917515},"point_estimate":1761660.1298242807,"standard_error":1073246.9561966693},"slope":null,"std_dev":{"confidence_interval":{"confidence_level":0.95,"lower_bound":1021910.2788934435,"upper_bound":2680057.003540343},"point_estimate":2283133.18668089,"standard_error":372467.79442511854}}