{"mean":{"confidence_interval":{"confidence_level":0.95,"lower_bound":-0.06806336938538764,"upper_bound":-0.06445614400449184},"point_estimate":-0.06618131514274905,"standard_error":0.000908544842932296},"median":{"confidence_interval":{"confidence_level":0.95,"lower_bound":-0.06870753419540065,"upper_bound":-0.06386418121577364},"point_estimate":-0.06491629510895092,"standard_error":0.0013691606519421196}}