{"mean":{"confidence_interval":{"confidence_level":0.95,"lower_bound":-0.029387704409259165,"upper_bound":-0.02591725608115342},"point_estimate":-0.027661002092474685,"standard_error":0.0008844946324530552},"median":{"confidence_interval":{"confidence_level":0.95,"lower_bound":-0.02983934869091942,"upper_bound":-0.02579526985241587},"point_estimate":-0.027937028446947343,"standard_error":0.0011166277974288038}}