{"mean":{"confidence_interval":{"confidence_level":0.95,"lower_bound":2584039099.7799997,"upper_bound":2587095847.3},"point_estimate":2585620125.9,"standard_error":780262.8087055963},"median":{"confidence_interval":{"confidence_level":0.95,"lower_bound":2584295624.0,"upper_bound":2587032609.0},"point_estimate":2585815016.0,"standard_error":718560.7042689028},"median_abs_dev":{"confidence_interval":{"confidence_level":0.95,"lower_bound":266898.3885616064,"upper_bound":4308236.855113506},"point_estimate":1744850.411322713,"standard_error":902367.1892346733},"slope":null,"std_dev":{"confidence_interval":{"confidence_level":0.95,"lower_bound":968799.3163386221,"upper_bound":3597180.0665532933},"point_estimate":2589399.8808699735,"standard_error":685032.0326860275}}