{"mean":{"confidence_interval":{"confidence_level":0.95,"lower_bound":3255800555.625,"upper_bound":3263850201.0},"point_estimate":3259682150.9,"standard_error":2065579.1674425742},"median":{"confidence_interval":{"confidence_level":0.95,"lower_bound":3253778383.0,"upper_bound":3264940288.0},"point_estimate":3259097573.0,"standard_error":2819256.9013474276},"median_abs_dev":{"confidence_interval":{"confidence_level":0.95,"lower_bound":2113619.726675749,"upper_bound":11694324.568784237},"point_estimate":8274320.029601455,"standard_error":2508758.8045067256},"slope":null,"std_dev":{"confidence_interval":{"confidence_level":0.95,"lower_bound":3826402.217051204,"upper_bound":8647444.056405703},"point_estimate":6861928.473028336,"standard_error":1245298.6635108737}}