{"mean":{"confidence_interval":{"confidence_level":0.95,"lower_bound":1288574828.25,"upper_bound":1292088212.85},"point_estimate":1290310215.2,"standard_error":898298.3456732413},"median":{"confidence_interval":{"confidence_level":0.95,"lower_bound":1288078912.0,"upper_bound":1292859365.0},"point_estimate":1290131048.75,"standard_error":1268646.1035516453},"median_abs_dev":{"confidence_interval":{"confidence_level":0.95,"lower_bound":659713.9928877354,"upper_bound":5141749.000565708},"point_estimate":3353693.7727600336,"standard_error":1081702.0968190522},"slope":null,"std_dev":{"confidence_interval":{"confidence_level":0.95,"lower_bound":1694933.9603978184,"upper_bound":3832445.161685254},"point_estimate":3003460.97297308,"standard_error":550420.1538014895}}