{"mean":{"confidence_interval":{"confidence_level":0.95,"lower_bound":-0.09386766323395512,"upper_bound":-0.07671392147310999},"point_estimate":-0.0853328813321651,"standard_error":0.004316072534549312},"median":{"confidence_interval":{"confidence_level":0.95,"lower_bound":-0.09592409972972649,"upper_bound":-0.07252626198476819},"point_estimate":-0.09469988913616045,"standard_error":0.006944500794311891}}