{"mean":{"confidence_interval":{"confidence_level":0.95,"lower_bound":2771039214.4875,"upper_bound":2775538596.8450003},"point_estimate":2773283075.5,"standard_error":1150563.4518301247},"median":{"confidence_interval":{"confidence_level":0.95,"lower_bound":2770911970.0,"upper_bound":2775937995.0},"point_estimate":2773125816.0,"standard_error":1384811.2514786492},"median_abs_dev":{"confidence_interval":{"confidence_level":0.95,"lower_bound":1015575.0515699387,"upper_bound":6774011.881837249},"point_estimate":3690519.7303801775,"standard_error":1452273.654693789},"slope":null,"std_dev":{"confidence_interval":{"confidence_level":0.95,"lower_bound":2011925.1470706072,"upper_bound":5011686.671709527},"point_estimate":3831996.043350058,"standard_error":769226.4350638817}}