{"mean":{"confidence_interval":{"confidence_level":0.95,"lower_bound":2903830367.8,"upper_bound":2916261568.435},"point_estimate":2909518444.3,"standard_error":3187587.0152745266},"median":{"confidence_interval":{"confidence_level":0.95,"lower_bound":2901459749.0,"upper_bound":2916107747.0},"point_estimate":2906098287.0,"standard_error":4001230.126968543},"median_abs_dev":{"confidence_interval":{"confidence_level":0.95,"lower_bound":1464022.2547084093,"upper_bound":17185976.429387927},"point_estimate":11243745.386883616,"standard_error":4076679.58039588},"slope":null,"std_dev":{"confidence_interval":{"confidence_level":0.95,"lower_bound":5002003.871580524,"upper_bound":14463358.92332305},"point_estimate":10640087.740790935,"standard_error":2708319.7711989405}}