{"mean":{"confidence_interval":{"confidence_level":0.95,"lower_bound":-0.09281021359477593,"upper_bound":-0.08987091155425396},"point_estimate":-0.09127145615715071,"standard_error":0.000750987852412282},"median":{"confidence_interval":{"confidence_level":0.95,"lower_bound":-0.09250013830022807,"upper_bound":-0.08937255244916209},"point_estimate":-0.09077566950079785,"standard_error":0.000730558808317193}}