{"mean":{"confidence_interval":{"confidence_level":0.95,"lower_bound":-0.08995383320225622,"upper_bound":-0.08563393304533372},"point_estimate":-0.08771462942547992,"standard_error":0.0011049059500301713},"median":{"confidence_interval":{"confidence_level":0.95,"lower_bound":-0.0913104365097609,"upper_bound":-0.08482134985043367},"point_estimate":-0.08627266041344228,"standard_error":0.0018865437079645764}}