{"mean":{"confidence_interval":{"confidence_level":0.95,"lower_bound":-0.09054764728516942,"upper_bound":-0.08503480394427591},"point_estimate":-0.08777799750744275,"standard_error":0.001411405163128031},"median":{"confidence_interval":{"confidence_level":0.95,"lower_bound":-0.09151790695956652,"upper_bound":-0.08351306298354488},"point_estimate":-0.08757563947613023,"standard_error":0.0025421247493705563}}