{"mean":{"confidence_interval":{"confidence_level":0.95,"lower_bound":3423611181.2275,"upper_bound":3439379699.125},"point_estimate":3430879813.4,"standard_error":4045080.627907051},"median":{"confidence_interval":{"confidence_level":0.95,"lower_bound":3420176528.0,"upper_bound":3440265940.0},"point_estimate":3427672873.0,"standard_error":5085703.6642398415},"median_abs_dev":{"confidence_interval":{"confidence_level":0.95,"lower_bound":2914007.2528660297,"upper_bound":22288966.18949175},"point_estimate":12571084.526118636,"standard_error":4844779.470828417},"slope":null,"std_dev":{"confidence_interval":{"confidence_level":0.95,"lower_bound":6020351.981935586,"upper_bound":17779138.81983184},"point_estimate":13445119.50203527,"standard_error":3147573.530185567}}