{"mean":{"confidence_interval":{"confidence_level":0.95,"lower_bound":-0.07732737835054553,"upper_bound":-0.05679215890118079},"point_estimate":-0.06515827845748412,"standard_error":0.005531498675609328},"median":{"confidence_interval":{"confidence_level":0.95,"lower_bound":-0.06615911026080357,"upper_bound":-0.05438003651466217},"point_estimate":-0.05972394673739556,"standard_error":0.0029692377918054615}}