{"mean":{"confidence_interval":{"confidence_level":0.95,"lower_bound":2427593988.665,"upper_bound":2432971038.0},"point_estimate":2430377886.7,"standard_error":1376035.0573386054},"median":{"confidence_interval":{"confidence_level":0.95,"lower_bound":2427728787.0,"upper_bound":2434302988.5},"point_estimate":2430117990.5,"standard_error":1783325.400893675},"median_abs_dev":{"confidence_interval":{"confidence_level":0.95,"lower_bound":1137818.3845996857,"upper_bound":8124882.847854495},"point_estimate":4582649.801641703,"standard_error":1681501.9217751971},"slope":null,"std_dev":{"confidence_interval":{"confidence_level":0.95,"lower_bound":2445307.9255194934,"upper_bound":5999089.807531082},"point_estimate":4570226.250087846,"standard_error":949443.48802082}}