{"mean":{"confidence_interval":{"confidence_level":0.95,"lower_bound":-0.09319895795210119,"upper_bound":-0.09006985327418349},"point_estimate":-0.09170984581360953,"standard_error":0.0007991269411401847},"median":{"confidence_interval":{"confidence_level":0.95,"lower_bound":-0.09392882711727146,"upper_bound":-0.09024112527106232},"point_estimate":-0.0921429557357315,"standard_error":0.0011091152309589433}}