{"mean":{"confidence_interval":{"confidence_level":0.95,"lower_bound":-0.08588857020680526,"upper_bound":-0.07662297912935895},"point_estimate":-0.08100517786719552,"standard_error":0.002400424382972504},"median":{"confidence_interval":{"confidence_level":0.95,"lower_bound":-0.08716471339133958,"upper_bound":-0.07848479724091406},"point_estimate":-0.08278150799047745,"standard_error":0.002258335836461285}}