{"mean":{"confidence_interval":{"confidence_level":0.95,"lower_bound":1991047906.6975,"upper_bound":1996144228.45},"point_estimate":1993650474.45,"standard_error":1309200.7592454653},"median":{"confidence_interval":{"confidence_level":0.95,"lower_bound":1989744996.75,"upper_bound":1996813361.5},"point_estimate":1994983394.25,"standard_error":1909679.9370019464},"median_abs_dev":{"confidence_interval":{"confidence_level":0.95,"lower_bound":456190.8228009939,"upper_bound":7281044.393585622},"point_estimate":4889080.235901475,"standard_error":1784782.494289187},"slope":null,"std_dev":{"confidence_interval":{"confidence_level":0.95,"lower_bound":2525927.5494377264,"upper_bound":5377867.674015845},"point_estimate":4369806.070203965,"standard_error":721879.0951706904}}