{"mean":{"confidence_interval":{"confidence_level":0.95,"lower_bound":1136200892.15,"upper_bound":1140901914.22375},"point_estimate":1138271199.6,"standard_error":1213677.7078204348},"median":{"confidence_interval":{"confidence_level":0.95,"lower_bound":1136456592.75,"upper_bound":1139425534.0},"point_estimate":1137527338.5,"standard_error":758981.7175558719},"median_abs_dev":{"confidence_interval":{"confidence_level":0.95,"lower_bound":201609.1335207224,"upper_bound":4983589.683173597},"point_estimate":1805530.6336954236,"standard_error":1165630.9912541686},"slope":null,"std_dev":{"confidence_interval":{"confidence_level":0.95,"lower_bound":1117143.2221558904,"upper_bound":5856590.544674004},"point_estimate":4053811.3189730463,"standard_error":1389873.80975913}}