{"mean":{"confidence_interval":{"confidence_level":0.95,"lower_bound":-0.09709978428885657,"upper_bound":-0.08873386159134856},"point_estimate":-0.09259301230120631,"standard_error":0.00214986480057229},"median":{"confidence_interval":{"confidence_level":0.95,"lower_bound":-0.0971205563122054,"upper_bound":-0.08780215335733865},"point_estimate":-0.08879542727450618,"standard_error":0.0025498884905150987}}