{"mean":{"confidence_interval":{"confidence_level":0.95,"lower_bound":2273546187.0175004,"upper_bound":2282918157.8125},"point_estimate":2277709355.5,"standard_error":2424792.9354701205},"median":{"confidence_interval":{"confidence_level":0.95,"lower_bound":2271763668.0,"upper_bound":2281264371.5},"point_estimate":2276299187.5,"standard_error":2242523.963166848},"median_abs_dev":{"confidence_interval":{"confidence_level":0.95,"lower_bound":1456226.0027468204,"upper_bound":10942100.044038892},"point_estimate":5235935.241043568,"standard_error":2587594.7209495367},"slope":null,"std_dev":{"confidence_interval":{"confidence_level":0.95,"lower_bound":2928234.5220892043,"upper_bound":11306653.053981818},"point_estimate":8074949.632270755,"standard_error":2408812.3638815}}