{"mean":{"confidence_interval":{"confidence_level":0.95,"lower_bound":-0.09197706776892547,"upper_bound":-0.0900840265257394},"point_estimate":-0.09101956517853615,"standard_error":0.00048277685164232657},"median":{"confidence_interval":{"confidence_level":0.95,"lower_bound":-0.09202177912312015,"upper_bound":-0.08988899228306746},"point_estimate":-0.09096890343632003,"standard_error":0.0005386436986770795}}