{"mean":{"confidence_interval":{"confidence_level":0.95,"lower_bound":2785912169.36,"upper_bound":2799929165.9},"point_estimate":2792012689.7,"standard_error":3676184.7514475696},"median":{"confidence_interval":{"confidence_level":0.95,"lower_bound":2784864109.5,"upper_bound":2797607440.5},"point_estimate":2786732823.0,"standard_error":2937124.179921999},"median_abs_dev":{"confidence_interval":{"confidence_level":0.95,"lower_bound":757633.7907493114,"upper_bound":14776523.151764274},"point_estimate":4083759.3582987785,"standard_error":3421416.417787305},"slope":null,"std_dev":{"confidence_interval":{"confidence_level":0.95,"lower_bound":2352291.492219189,"upper_bound":17060243.51494044},"point_estimate":12260646.378414566,"standard_error":4019511.799282981}}