{"mean":{"confidence_interval":{"confidence_level":0.95,"lower_bound":2249154468.5,"upper_bound":2254126657.0},"point_estimate":2251630892.5,"standard_error":1248779.802804134},"median":{"confidence_interval":{"confidence_level":0.95,"lower_bound":2249583409.5,"upper_bound":2256576885.0},"point_estimate":2250721928.5,"standard_error":1658260.7403270092},"median_abs_dev":{"confidence_interval":{"confidence_level":0.95,"lower_bound":376808.7137103081,"upper_bound":8845535.406160355},"point_estimate":1792351.4318794012,"standard_error":2282049.872750352},"slope":null,"std_dev":{"confidence_interval":{"confidence_level":0.95,"lower_bound":2136903.341002052,"upper_bound":5353883.19516426},"point_estimate":4148345.7835146836,"standard_error":816278.4064660472}}