{"mean":{"confidence_interval":{"confidence_level":0.95,"lower_bound":2039822262.9,"upper_bound":2044468079.6},"point_estimate":2042114229.9,"standard_error":1192005.5010279226},"median":{"confidence_interval":{"confidence_level":0.95,"lower_bound":2038203156.0,"upper_bound":2046213202.0},"point_estimate":2041262907.5,"standard_error":2470443.12469659},"median_abs_dev":{"confidence_interval":{"confidence_level":0.95,"lower_bound":556091.3742274046,"upper_bound":6144941.006505489},"point_estimate":5092478.867590427,"standard_error":1632088.3395077928},"slope":null,"std_dev":{"confidence_interval":{"confidence_level":0.95,"lower_bound":2657690.4252559757,"upper_bound":4481671.625210383},"point_estimate":3969793.798869112,"standard_error":468048.04172463296}}