{"mean":{"confidence_interval":{"confidence_level":0.95,"lower_bound":2377564584.3275003,"upper_bound":2384429309.005},"point_estimate":2380991626.4,"standard_error":1752767.9005628533},"median":{"confidence_interval":{"confidence_level":0.95,"lower_bound":2374854386.0,"upper_bound":2385639949.0},"point_estimate":2381941262.0,"standard_error":2702353.441859106},"median_abs_dev":{"confidence_interval":{"confidence_level":0.95,"lower_bound":1025994.7641849518,"upper_bound":10150973.578584194},"point_estimate":7720630.467331409,"standard_error":2400631.23009633},"slope":null,"std_dev":{"confidence_interval":{"confidence_level":0.95,"lower_bound":3580598.5689319083,"upper_bound":7050465.63912912},"point_estimate":5837560.83366106,"standard_error":887092.8891485501}}