{"mean":{"confidence_interval":{"confidence_level":0.95,"lower_bound":-0.10748997463728745,"upper_bound":-0.10667364556510786},"point_estimate":-0.107086933596519,"standard_error":0.00020911496410884212},"median":{"confidence_interval":{"confidence_level":0.95,"lower_bound":-0.10765938238747075,"upper_bound":-0.10662051897160085},"point_estimate":-0.1070263006092298,"standard_error":0.0002420239218157272}}