{"mean":{"confidence_interval":{"confidence_level":0.95,"lower_bound":-0.07433704418814015,"upper_bound":-0.07165790067489691},"point_estimate":-0.07305228100973482,"standard_error":0.0006831147346008508},"median":{"confidence_interval":{"confidence_level":0.95,"lower_bound":-0.07518282852573954,"upper_bound":-0.07173751821107022},"point_estimate":-0.07375117460792069,"standard_error":0.0009189815858730345}}