{"mean":{"confidence_interval":{"confidence_level":0.95,"lower_bound":2878425290.3,"upper_bound":2886148324.5375},"point_estimate":2882212178.1,"standard_error":1976599.339693768},"median":{"confidence_interval":{"confidence_level":0.95,"lower_bound":2876323268.0,"upper_bound":2885415511.5},"point_estimate":2882959866.5,"standard_error":1884194.628277441},"median_abs_dev":{"confidence_interval":{"confidence_level":0.95,"lower_bound":207835.31211018562,"upper_bound":11510989.22123909},"point_estimate":3783218.5524344444,"standard_error":3451214.841365497},"slope":null,"std_dev":{"confidence_interval":{"confidence_level":0.95,"lower_bound":3090854.612391667,"upper_bound":8881489.687934067},"point_estimate":6596303.810714629,"standard_error":1524058.4207932546}}