{"mean":{"confidence_interval":{"confidence_level":0.95,"lower_bound":1944412263.055,"upper_bound":1951882060.6},"point_estimate":1948210775.1,"standard_error":1917659.8346474657},"median":{"confidence_interval":{"confidence_level":0.95,"lower_bound":1942906366.0,"upper_bound":1954409247.5},"point_estimate":1948484023.25,"standard_error":3192911.170388852},"median_abs_dev":{"confidence_interval":{"confidence_level":0.95,"lower_bound":1361162.8043845296,"upper_bound":10718866.819252074},"point_estimate":6800559.316965938,"standard_error":2397277.6037373263},"slope":null,"std_dev":{"confidence_interval":{"confidence_level":0.95,"lower_bound":3967364.299037672,"upper_bound":7741103.767619257},"point_estimate":6399413.601681006,"standard_error":960774.6845718618}}