{"mean":{"confidence_interval":{"confidence_level":0.95,"lower_bound":2962564097.3,"upper_bound":2973334409.7},"point_estimate":2967128524.0,"standard_error":2833377.358105076},"median":{"confidence_interval":{"confidence_level":0.95,"lower_bound":2962614756.0,"upper_bound":2969081830.5},"point_estimate":2964208700.0,"standard_error":1679416.8592188891},"median_abs_dev":{"confidence_interval":{"confidence_level":0.95,"lower_bound":865069.6565419436,"upper_bound":10419407.940718532},"point_estimate":2644498.747050762,"standard_error":2561638.758121687},"slope":null,"std_dev":{"confidence_interval":{"confidence_level":0.95,"lower_bound":2188836.2503735838,"upper_bound":13873239.889779568},"point_estimate":9458471.417249173,"standard_error":3522628.589897722}}