{"mean":{"confidence_interval":{"confidence_level":0.95,"lower_bound":3691917315.2,"upper_bound":3730289589.9},"point_estimate":3709113938.8,"standard_error":9814791.737034641},"median":{"confidence_interval":{"confidence_level":0.95,"lower_bound":3690607315.0,"upper_bound":3735284946.5},"point_estimate":3697592874.5,"standard_error":9010724.869337983},"median_abs_dev":{"confidence_interval":{"confidence_level":0.95,"lower_bound":1391407.4731975794,"upper_bound":46513756.49291575},"point_estimate":12849090.553683043,"standard_error":9915446.501471236},"slope":null,"std_dev":{"confidence_interval":{"confidence_level":0.95,"lower_bound":7926339.567744111,"upper_bound":41455464.93639149},"point_estimate":32766471.34751822,"standard_error":8726046.734587058}}