{"mean":{"confidence_interval":{"confidence_level":0.95,"lower_bound":2123405544.98,"upper_bound":2139652126.5},"point_estimate":2131505621.0,"standard_error":4171202.2135586715},"median":{"confidence_interval":{"confidence_level":0.95,"lower_bound":2117255516.0,"upper_bound":2141054784.5},"point_estimate":2135742158.5,"standard_error":7976986.703732404},"median_abs_dev":{"confidence_interval":{"confidence_level":0.95,"lower_bound":1109843.2056963444,"upper_bound":24483348.32583368},"point_estimate":17425687.640932202,"standard_error":6515731.920226139},"slope":null,"std_dev":{"confidence_interval":{"confidence_level":0.95,"lower_bound":9088404.430153526,"upper_bound":16653766.44304434},"point_estimate":13852841.827615853,"standard_error":1980470.3032747647}}