{"mean":{"confidence_interval":{"confidence_level":0.95,"lower_bound":776737491.9908333,"upper_bound":777851095.3933334},"point_estimate":777316731.1,"standard_error":285562.7769794994},"median":{"confidence_interval":{"confidence_level":0.95,"lower_bound":776189203.6666666,"upper_bound":778101657.6666666},"point_estimate":777846861.3333333,"standard_error":548694.8012158079},"median_abs_dev":{"confidence_interval":{"confidence_level":0.95,"lower_bound":100690.77721238136,"upper_bound":1417542.9926335223},"point_estimate":516255.8897347731,"standard_error":413845.89369897475},"slope":null,"std_dev":{"confidence_interval":{"confidence_level":0.95,"lower_bound":566831.8751778161,"upper_bound":1083327.4023075872},"point_estimate":953601.1435040053,"standard_error":138852.65078788897}}