{"mean":{"confidence_interval":{"confidence_level":0.95,"lower_bound":994720843.995,"upper_bound":996434883.9675},"point_estimate":995598259.2666668,"standard_error":437600.7052951906},"median":{"confidence_interval":{"confidence_level":0.95,"lower_bound":994379027.1666667,"upper_bound":996816795.1666666},"point_estimate":995717767.5,"standard_error":490941.8946608956},"median_abs_dev":{"confidence_interval":{"confidence_level":0.95,"lower_bound":288850.0108718283,"upper_bound":2860218.772920907},"point_estimate":959049.6920734055,"standard_error":680164.5785924667},"slope":null,"std_dev":{"confidence_interval":{"confidence_level":0.95,"lower_bound":767673.7257574073,"upper_bound":1851028.7452814796},"point_estimate":1461405.7092687613,"standard_error":278794.8683576681}}