{"mean":{"confidence_interval":{"confidence_level":0.95,"lower_bound":-0.0905126412750767,"upper_bound":-0.08781789983143193},"point_estimate":-0.08918782530737412,"standard_error":0.0007017224134333488},"median":{"confidence_interval":{"confidence_level":0.95,"lower_bound":-0.09148937178425587,"upper_bound":-0.08747344008017188},"point_estimate":-0.08910023109711884,"standard_error":0.0011000378607465455}}