{"mean":{"confidence_interval":{"confidence_level":0.95,"lower_bound":-0.07778071798774584,"upper_bound":-0.07191397746042344},"point_estimate":-0.07491713795883881,"standard_error":0.0015151200491304194},"median":{"confidence_interval":{"confidence_level":0.95,"lower_bound":-0.07882338906249653,"upper_bound":-0.07038732029512618},"point_estimate":-0.07266461862784712,"standard_error":0.002388425495803013}}