{"mean":{"confidence_interval":{"confidence_level":0.95,"lower_bound":-0.0738244585336027,"upper_bound":-0.05999037893956672},"point_estimate":-0.06647293406045474,"standard_error":0.00357386596741842},"median":{"confidence_interval":{"confidence_level":0.95,"lower_bound":-0.07618222767560578,"upper_bound":-0.056341317493232235},"point_estimate":-0.06328257583322294,"standard_error":0.006208565398842116}}