{"mean":{"confidence_interval":{"confidence_level":0.95,"lower_bound":1777384367.55,"upper_bound":1778624577.9},"point_estimate":1778023305.8,"standard_error":315852.7619105151},"median":{"confidence_interval":{"confidence_level":0.95,"lower_bound":1777406341.75,"upper_bound":1778646994.5},"point_estimate":1778088632.0,"standard_error":251476.08108110834},"median_abs_dev":{"confidence_interval":{"confidence_level":0.95,"lower_bound":124065.448397398,"upper_bound":1722591.3966178894},"point_estimate":528473.1312677264,"standard_error":451431.7932739555},"slope":null,"std_dev":{"confidence_interval":{"confidence_level":0.95,"lower_bound":441324.06374393223,"upper_bound":1424262.4421927615},"point_estimate":1052101.4182850963,"standard_error":252215.5848247348}}