{"mean":{"confidence_interval":{"confidence_level":0.95,"lower_bound":-0.08221960551496027,"upper_bound":-0.07877404992173072},"point_estimate":-0.08044564039146196,"standard_error":0.0008635169403178369},"median":{"confidence_interval":{"confidence_level":0.95,"lower_bound":-0.08364231647217057,"upper_bound":-0.07727942321504688},"point_estimate":-0.0802176588739445,"standard_error":0.0017735617712285401}}