{"mean":{"confidence_interval":{"confidence_level":0.95,"lower_bound":879904654.0941668,"upper_bound":880959836.0333332},"point_estimate":880411236.7666667,"standard_error":269953.86965348007},"median":{"confidence_interval":{"confidence_level":0.95,"lower_bound":879762337.5,"upper_bound":881054062.6666667},"point_estimate":880189651.3333333,"standard_error":392324.1275061957},"median_abs_dev":{"confidence_interval":{"confidence_level":0.95,"lower_bound":141113.12419474125,"upper_bound":1564722.4217206829},"point_estimate":841389.0755623874,"standard_error":355722.61004168296},"slope":null,"std_dev":{"confidence_interval":{"confidence_level":0.95,"lower_bound":489201.6993794444,"upper_bound":1153766.5966042648},"point_estimate":899248.3731981864,"standard_error":174842.72899078825}}