{"mean":{"confidence_interval":{"confidence_level":0.95,"lower_bound":880369638.2724998,"upper_bound":884751199.3},"point_estimate":882434702.4333334,"standard_error":1109569.8539930892},"median":{"confidence_interval":{"confidence_level":0.95,"lower_bound":880029209.0,"upper_bound":885670321.0},"point_estimate":880310656.8333333,"standard_error":1533142.250716006},"median_abs_dev":{"confidence_interval":{"confidence_level":0.95,"lower_bound":39139.15670496433,"upper_bound":5192872.877708136},"point_estimate":967118.2482301011,"standard_error":1452597.8579793526},"slope":null,"std_dev":{"confidence_interval":{"confidence_level":0.95,"lower_bound":573856.3978302446,"upper_bound":4440368.117286242},"point_estimate":3716141.577084461,"standard_error":814199.1693034681}}