{"mean":{"confidence_interval":{"confidence_level":0.95,"lower_bound":-0.1421357697587624,"upper_bound":-0.11957990905148208},"point_estimate":-0.13025535244719433,"standard_error":0.005911248123704522},"median":{"confidence_interval":{"confidence_level":0.95,"lower_bound":-0.14623671590751242,"upper_bound":-0.11766948202607452},"point_estimate":-0.12743962263922148,"standard_error":0.00692039962751062}}