{"mean":{"confidence_interval":{"confidence_level":0.95,"lower_bound":-0.09111013245182202,"upper_bound":-0.08880311593330123},"point_estimate":-0.08988710755062845,"standard_error":0.0005942561239828382},"median":{"confidence_interval":{"confidence_level":0.95,"lower_bound":-0.09098009902130322,"upper_bound":-0.08810424329541622},"point_estimate":-0.08921901068051452,"standard_error":0.0007328391757075766}}