{"mean":{"confidence_interval":{"confidence_level":0.95,"lower_bound":-0.09944541763099958,"upper_bound":-0.08855465903429052},"point_estimate":-0.09437928518697758,"standard_error":0.002839354221239038},"median":{"confidence_interval":{"confidence_level":0.95,"lower_bound":-0.10258025334714338,"upper_bound":-0.08241460035270431},"point_estimate":-0.09847762821418016,"standard_error":0.005533178891047384}}