{"mean":{"confidence_interval":{"confidence_level":0.95,"lower_bound":-0.09193533983089444,"upper_bound":-0.0901916718176921},"point_estimate":-0.0910768299979946,"standard_error":0.000435896912452524},"median":{"confidence_interval":{"confidence_level":0.95,"lower_bound":-0.09229625695337029,"upper_bound":-0.09000871125746823},"point_estimate":-0.09119807395899615,"standard_error":0.0006036670095724551}}