{"mean":{"confidence_interval":{"confidence_level":0.95,"lower_bound":1480884988.7,"upper_bound":1482885292.9225},"point_estimate":1481896137.75,"standard_error":512146.2236893222},"median":{"confidence_interval":{"confidence_level":0.95,"lower_bound":1480672468.5,"upper_bound":1483700365.0},"point_estimate":1481880280.0,"standard_error":774909.4596816653},"median_abs_dev":{"confidence_interval":{"confidence_level":0.95,"lower_bound":333239.5482838154,"upper_bound":2997185.5591893196},"point_estimate":1939831.5816611052,"standard_error":697830.768173221},"slope":null,"std_dev":{"confidence_interval":{"confidence_level":0.95,"lower_bound":1023833.675563983,"upper_bound":2135244.1358331083},"point_estimate":1706363.7896492102,"standard_error":292253.26531832205}}