{"mean":{"confidence_interval":{"confidence_level":0.95,"lower_bound":2351603197.2675,"upper_bound":2358429640.8575},"point_estimate":2355014289.8,"standard_error":1752389.1953676727},"median":{"confidence_interval":{"confidence_level":0.95,"lower_bound":2349692182.0,"upper_bound":2359505941.0},"point_estimate":2355418300.5,"standard_error":2860573.4072059677},"median_abs_dev":{"confidence_interval":{"confidence_level":0.95,"lower_bound":866082.272323966,"upper_bound":9650814.770963788},"point_estimate":6268746.999907494,"standard_error":2394855.1031704764},"slope":null,"std_dev":{"confidence_interval":{"confidence_level":0.95,"lower_bound":3591903.264909338,"upper_bound":7133396.944257109},"point_estimate":5834862.226524439,"standard_error":909243.7163659794}}