{"mean":{"confidence_interval":{"confidence_level":0.95,"lower_bound":2083444073.54,"upper_bound":2086474217.9575},"point_estimate":2084961011.1,"standard_error":776385.2073868718},"median":{"confidence_interval":{"confidence_level":0.95,"lower_bound":2082586794.0,"upper_bound":2086524324.0},"point_estimate":2085756397.5,"standard_error":1069744.1954813562},"median_abs_dev":{"confidence_interval":{"confidence_level":0.95,"lower_bound":183164.8485481739,"upper_bound":4927109.666526318},"point_estimate":2400749.6744781733,"standard_error":1224031.6577624553},"slope":null,"std_dev":{"confidence_interval":{"confidence_level":0.95,"lower_bound":1421971.8311583998,"upper_bound":3327826.241698116},"point_estimate":2582294.876330933,"standard_error":492991.2009277572}}