{"mean":{"confidence_interval":{"confidence_level":0.95,"lower_bound":1135521136.615,"upper_bound":1138452497.5275002},"point_estimate":1137064294.3,"standard_error":748274.6765622899},"median":{"confidence_interval":{"confidence_level":0.95,"lower_bound":1133930376.0,"upper_bound":1138584428.5},"point_estimate":1138003887.0,"standard_error":1101977.3853503317},"median_abs_dev":{"confidence_interval":{"confidence_level":0.95,"lower_bound":273587.13834285736,"upper_bound":3842526.257881522},"point_estimate":1021850.5266085267,"standard_error":1079136.481793015},"slope":null,"std_dev":{"confidence_interval":{"confidence_level":0.95,"lower_bound":1085998.4081240033,"upper_bound":3011307.579479029},"point_estimate":2493911.329911959,"standard_error":445977.9763366881}}