{"mean":{"confidence_interval":{"confidence_level":0.95,"lower_bound":-0.1823361755468489,"upper_bound":-0.16298685409761388},"point_estimate":-0.17313867549110906,"standard_error":0.004946080440892043},"median":{"confidence_interval":{"confidence_level":0.95,"lower_bound":-0.18687582208397746,"upper_bound":-0.15260759923884404},"point_estimate":-0.1836479748352099,"standard_error":0.0097992577663584}}