{"mean":{"confidence_interval":{"confidence_level":0.95,"lower_bound":-0.07873662015044375,"upper_bound":-0.07146414637578066},"point_estimate":-0.07467780984052041,"standard_error":0.0018735783137802757},"median":{"confidence_interval":{"confidence_level":0.95,"lower_bound":-0.07689975978689001,"upper_bound":-0.06975002865954683},"point_estimate":-0.07129173570577907,"standard_error":0.0017484620700536522}}