{"mean":{"confidence_interval":{"confidence_level":0.95,"lower_bound":-0.15522591861358156,"upper_bound":-0.15100548940717026},"point_estimate":-0.152902026949995,"standard_error":0.0010908022361449134},"median":{"confidence_interval":{"confidence_level":0.95,"lower_bound":-0.15519725761559677,"upper_bound":-0.150508813006891},"point_estimate":-0.15148054772458297,"standard_error":0.0010856090395078494}}