{"mean":{"confidence_interval":{"confidence_level":0.95,"lower_bound":3771401840.3,"upper_bound":3794484679.3},"point_estimate":3785904532.4,"standard_error":6595638.145204663},"median":{"confidence_interval":{"confidence_level":0.95,"lower_bound":3788626931.0,"upper_bound":3795494581.0},"point_estimate":3791618193.5,"standard_error":2375711.204290454},"median_abs_dev":{"confidence_interval":{"confidence_level":0.95,"lower_bound":1092889.6749973297,"upper_bound":9008684.41376388},"point_estimate":4543396.484738588,"standard_error":2557370.7825248525},"slope":null,"std_dev":{"confidence_interval":{"confidence_level":0.95,"lower_bound":2490930.8803456705,"upper_bound":33869948.127601296},"point_estimate":22055083.735631607,"standard_error":11028770.548054652}}