{"mean":{"confidence_interval":{"confidence_level":0.95,"lower_bound":10407213757.3,"upper_bound":10448372163.4},"point_estimate":10428367356.8,"standard_error":10541301.392849697},"median":{"confidence_interval":{"confidence_level":0.95,"lower_bound":10397380080.0,"upper_bound":10453830680.0},"point_estimate":10431395664.0,"standard_error":14071752.131763631},"median_abs_dev":{"confidence_interval":{"confidence_level":0.95,"lower_bound":8245054.247421026,"upper_bound":61251785.41896343},"point_estimate":37095087.225830555,"standard_error":13344862.042124875},"slope":null,"std_dev":{"confidence_interval":{"confidence_level":0.95,"lower_bound":18739524.039247278,"upper_bound":44670772.9079588},"point_estimate":34949611.46264255,"standard_error":6610436.515997601}}