{"mean":{"confidence_interval":{"confidence_level":0.95,"lower_bound":3581848657.3,"upper_bound":3587960357.9},"point_estimate":3584747801.1,"standard_error":1574395.5131711287},"median":{"confidence_interval":{"confidence_level":0.95,"lower_bound":3579628736.0,"upper_bound":3587967008.0},"point_estimate":3584330524.0,"standard_error":2056543.1412615564},"median_abs_dev":{"confidence_interval":{"confidence_level":0.95,"lower_bound":952391.0884916782,"upper_bound":8826822.77059257},"point_estimate":5952678.183218837,"standard_error":1965024.6895927945},"slope":null,"std_dev":{"confidence_interval":{"confidence_level":0.95,"lower_bound":2737456.432341298,"upper_bound":6854793.023301717},"point_estimate":5248964.930576153,"standard_error":1113108.2278142348}}