{"mean":{"confidence_interval":{"confidence_level":0.95,"lower_bound":0.15859175025259015,"upper_bound":0.16192911531115445},"point_estimate":0.16025746572500532,"standard_error":0.0008452143753136082},"median":{"confidence_interval":{"confidence_level":0.95,"lower_bound":0.158463266312302,"upper_bound":0.16218739039277863},"point_estimate":0.16005138732096058,"standard_error":0.0011055917716131642}}