{"mean":{"confidence_interval":{"confidence_level":0.95,"lower_bound":-0.09554122580140663,"upper_bound":-0.08535711491481833},"point_estimate":-0.0903516046939965,"standard_error":0.00262951125913661},"median":{"confidence_interval":{"confidence_level":0.95,"lower_bound":-0.09821298648487731,"upper_bound":-0.0794673165886347},"point_estimate":-0.0915551046666031,"standard_error":0.004167988436499286}}