{"mean":{"confidence_interval":{"confidence_level":0.95,"lower_bound":2438952260.6949997,"upper_bound":2443276272.8},"point_estimate":2441104534.9,"standard_error":1105037.454556613},"median":{"confidence_interval":{"confidence_level":0.95,"lower_bound":2437822418.5,"upper_bound":2443818910.0},"point_estimate":2441579533.5,"standard_error":1389336.5012291416},"median_abs_dev":{"confidence_interval":{"confidence_level":0.95,"lower_bound":346355.368950963,"upper_bound":6639740.215221047},"point_estimate":3494114.522767067,"standard_error":1557883.7527502233},"slope":null,"std_dev":{"confidence_interval":{"confidence_level":0.95,"lower_bound":2047233.0930058926,"upper_bound":4703248.807205981},"point_estimate":3683027.5822938704,"standard_error":682019.1360401402}}