{"mean":{"confidence_interval":{"confidence_level":0.95,"lower_bound":-0.08677638019031725,"upper_bound":-0.07772583819661569},"point_estimate":-0.08236883741989665,"standard_error":0.002311808120944066},"median":{"confidence_interval":{"confidence_level":0.95,"lower_bound":-0.08691131823772347,"upper_bound":-0.07585564041326609},"point_estimate":-0.0839742732544384,"standard_error":0.0030674704275906453}}