{"mean":{"confidence_interval":{"confidence_level":0.95,"lower_bound":1641442530.7,"upper_bound":1643634817.4512498},"point_estimate":1642480664.4,"standard_error":562652.9304657483},"median":{"confidence_interval":{"confidence_level":0.95,"lower_bound":1640887124.0,"upper_bound":1643648987.25},"point_estimate":1642261592.25,"standard_error":685432.8827899244},"median_abs_dev":{"confidence_interval":{"confidence_level":0.95,"lower_bound":481392.0571535826,"upper_bound":3100890.091498196},"point_estimate":1972446.1865320802,"standard_error":691257.5658520507},"slope":null,"std_dev":{"confidence_interval":{"confidence_level":0.95,"lower_bound":926779.1583224037,"upper_bound":2429135.2921944014},"point_estimate":1878526.4217546629,"standard_error":391605.18532789726}}