{"mean":{"confidence_interval":{"confidence_level":0.95,"lower_bound":1773673662.53875,"upper_bound":1777585334.6262498},"point_estimate":1775727996.5,"standard_error":1000312.3788257266},"median":{"confidence_interval":{"confidence_level":0.95,"lower_bound":1773378239.75,"upper_bound":1778564102.5},"point_estimate":1776259413.0,"standard_error":1462475.0343985318},"median_abs_dev":{"confidence_interval":{"confidence_level":0.95,"lower_bound":737709.1297030449,"upper_bound":5812623.264755309},"point_estimate":3452457.540656626,"standard_error":1235010.2282739584},"slope":null,"std_dev":{"confidence_interval":{"confidence_level":0.95,"lower_bound":1795954.6561976518,"upper_bound":4322251.521608946},"point_estimate":3337553.176257696,"standard_error":686465.4086958278}}