{"mean":{"confidence_interval":{"confidence_level":0.95,"lower_bound":2338864107.215,"upper_bound":2346489762.2400002},"point_estimate":2342637064.7,"standard_error":1956858.5023004028},"median":{"confidence_interval":{"confidence_level":0.95,"lower_bound":2337259796.5,"upper_bound":2349123507.0},"point_estimate":2341893358.5,"standard_error":2851175.5789206685},"median_abs_dev":{"confidence_interval":{"confidence_level":0.95,"lower_bound":1668145.1364845037,"upper_bound":11776270.093229413},"point_estimate":8350366.288751364,"standard_error":2820799.5320708384},"slope":null,"std_dev":{"confidence_interval":{"confidence_level":0.95,"lower_bound":3894614.522794442,"upper_bound":7872716.278344806},"point_estimate":6514691.425336841,"standard_error":1013896.3072502486}}