{"mean":{"confidence_interval":{"confidence_level":0.95,"lower_bound":-0.0853140780531227,"upper_bound":-0.07696408239500833},"point_estimate":-0.0805555513004711,"standard_error":0.0021386236657128296},"median":{"confidence_interval":{"confidence_level":0.95,"lower_bound":-0.08149625050818032,"upper_bound":-0.07585045568818893},"point_estimate":-0.07695995695756597,"standard_error":0.001548507187430109}}