{"mean":{"confidence_interval":{"confidence_level":0.95,"lower_bound":1044833722.4,"upper_bound":1053317186.2375001},"point_estimate":1048326517.95,"standard_error":2251226.292225974},"median":{"confidence_interval":{"confidence_level":0.95,"lower_bound":1044300932.25,"upper_bound":1050737431.25},"point_estimate":1045477855.5,"standard_error":1436633.7983688056},"median_abs_dev":{"confidence_interval":{"confidence_level":0.95,"lower_bound":138735.77513694763,"upper_bound":7234041.897270083},"point_estimate":1843369.920873642,"standard_error":1703183.1386957914},"slope":null,"std_dev":{"confidence_interval":{"confidence_level":0.95,"lower_bound":1021234.0519846905,"upper_bound":10959869.143623855},"point_estimate":7523737.854935871,"standard_error":2908010.901089923}}