{"mean":{"confidence_interval":{"confidence_level":0.95,"lower_bound":-0.1640725699793416,"upper_bound":-0.14742530529194497},"point_estimate":-0.1545710479342125,"standard_error":0.004337939299931715},"median":{"confidence_interval":{"confidence_level":0.95,"lower_bound":-0.16075381545566025,"upper_bound":-0.14582795934172632},"point_estimate":-0.1472867668136275,"standard_error":0.004243527972878018}}