{"mean":{"confidence_interval":{"confidence_level":0.95,"lower_bound":0.058141683165121374,"upper_bound":0.0747246995226771},"point_estimate":0.0658427530942638,"standard_error":0.004189587891082276},"median":{"confidence_interval":{"confidence_level":0.95,"lower_bound":0.054173555143770535,"upper_bound":0.07640720833244541},"point_estimate":0.06386861952500711,"standard_error":0.004527706351778567}}