{"mean":{"confidence_interval":{"confidence_level":0.95,"lower_bound":-0.09350884167990793,"upper_bound":-0.08229716584688823},"point_estimate":-0.08854602615700491,"standard_error":0.002826324609690527},"median":{"confidence_interval":{"confidence_level":0.95,"lower_bound":-0.09542320129656723,"upper_bound":-0.07845143482868111},"point_estimate":-0.09382523351124061,"standard_error":0.004838616229833513}}