{"mean":{"confidence_interval":{"confidence_level":0.95,"lower_bound":-0.09318234014343257,"upper_bound":-0.08940783713860262},"point_estimate":-0.09116797506535745,"standard_error":0.0009694887009990701},"median":{"confidence_interval":{"confidence_level":0.95,"lower_bound":-0.09262647569820537,"upper_bound":-0.08879564280613772},"point_estimate":-0.08977118826247155,"standard_error":0.0009706166836575856}}