{"mean":{"confidence_interval":{"confidence_level":0.95,"lower_bound":2324439892.14,"upper_bound":2328213962.96},"point_estimate":2326286012.0,"standard_error":972547.5497680411},"median":{"confidence_interval":{"confidence_level":0.95,"lower_bound":2323094470.0,"upper_bound":2329360822.0},"point_estimate":2325430375.5,"standard_error":1929935.848971315},"median_abs_dev":{"confidence_interval":{"confidence_level":0.95,"lower_bound":281258.8519066572,"upper_bound":5158753.310313821},"point_estimate":3866256.011760235,"standard_error":1314758.0826248124},"slope":null,"std_dev":{"confidence_interval":{"confidence_level":0.95,"lower_bound":2092360.2863102835,"upper_bound":3735630.9141745768},"point_estimate":3235424.0116311046,"standard_error":415982.8012053547}}