{"mean":{"confidence_interval":{"confidence_level":0.95,"lower_bound":-0.09557415054965716,"upper_bound":-0.09196015943263958},"point_estimate":-0.09351365650516053,"standard_error":0.0009360583536018729},"median":{"confidence_interval":{"confidence_level":0.95,"lower_bound":-0.09433235509892879,"upper_bound":-0.09144248210173489},"point_estimate":-0.0929779591767611,"standard_error":0.0007430090067145153}}