{"mean":{"confidence_interval":{"confidence_level":0.95,"lower_bound":1473573165.05,"upper_bound":1479136952.9225},"point_estimate":1476843252.15,"standard_error":1475223.250813204},"median":{"confidence_interval":{"confidence_level":0.95,"lower_bound":1475998425.25,"upper_bound":1479935487.75},"point_estimate":1478146727.75,"standard_error":1173007.216921329},"median_abs_dev":{"confidence_interval":{"confidence_level":0.95,"lower_bound":731855.083706975,"upper_bound":4877930.342799425},"point_estimate":2815643.416312337,"standard_error":1037551.0291724722},"slope":null,"std_dev":{"confidence_interval":{"confidence_level":0.95,"lower_bound":1410224.5050266662,"upper_bound":7331764.678642195},"point_estimate":4921354.024876521,"standard_error":1920981.6809347963}}