{"mean":{"confidence_interval":{"confidence_level":0.95,"lower_bound":2045702877.46,"upper_bound":2056896189.77},"point_estimate":2051015998.6,"standard_error":2865539.124589422},"median":{"confidence_interval":{"confidence_level":0.95,"lower_bound":2044604280.0,"upper_bound":2057987752.0},"point_estimate":2049292839.0,"standard_error":3085966.846454057},"median_abs_dev":{"confidence_interval":{"confidence_level":0.95,"lower_bound":1284509.0498954058,"upper_bound":15863898.296159506},"point_estimate":9140734.404319525,"standard_error":3877862.085262174},"slope":null,"std_dev":{"confidence_interval":{"confidence_level":0.95,"lower_bound":4587004.780492476,"upper_bound":12613011.732306218},"point_estimate":9550089.174051719,"standard_error":2114102.883129149}}