{"mean":{"confidence_interval":{"confidence_level":0.95,"lower_bound":814391195.8333334,"upper_bound":816376646.9391667},"point_estimate":815293236.3999999,"standard_error":511438.98499856633},"median":{"confidence_interval":{"confidence_level":0.95,"lower_bound":813920013.0,"upper_bound":816255349.5},"point_estimate":814927071.5,"standard_error":631572.7496719953},"median_abs_dev":{"confidence_interval":{"confidence_level":0.95,"lower_bound":230271.99171191384,"upper_bound":2613051.071908952},"point_estimate":1506723.110750288,"standard_error":614926.2449584906},"slope":null,"std_dev":{"confidence_interval":{"confidence_level":0.95,"lower_bound":735653.8339293214,"upper_bound":2316303.8160374016},"point_estimate":1706776.4813091373,"standard_error":443604.50604643003}}