{"mean":{"confidence_interval":{"confidence_level":0.95,"lower_bound":-0.049947741566674905,"upper_bound":-0.04679495710635714},"point_estimate":-0.04854910702000592,"standard_error":0.0007943993379804868},"median":{"confidence_interval":{"confidence_level":0.95,"lower_bound":-0.05051123549760839,"upper_bound":-0.047170460514175394},"point_estimate":-0.049225526093818917,"standard_error":0.0009167942778869317}}