{"mean":{"confidence_interval":{"confidence_level":0.95,"lower_bound":-0.14245471988070846,"upper_bound":-0.14066817717999003},"point_estimate":-0.14150259445438118,"standard_error":0.000455481759203994},"median":{"confidence_interval":{"confidence_level":0.95,"lower_bound":-0.14254469549029192,"upper_bound":-0.14038216579620444},"point_estimate":-0.1415690831056572,"standard_error":0.000559446017525406}}