{"mean":{"confidence_interval":{"confidence_level":0.95,"lower_bound":3006930018.31,"upper_bound":3014074774.5025},"point_estimate":3010591497.3,"standard_error":1840606.1150205948},"median":{"confidence_interval":{"confidence_level":0.95,"lower_bound":3004802061.0,"upper_bound":3016194496.0},"point_estimate":3012370739.0,"standard_error":3588204.036246161},"median_abs_dev":{"confidence_interval":{"confidence_level":0.95,"lower_bound":441229.9064666033,"upper_bound":9930381.235000491},"point_estimate":7322298.849803209,"standard_error":2567736.0837174417},"slope":null,"std_dev":{"confidence_interval":{"confidence_level":0.95,"lower_bound":3945082.657680008,"upper_bound":7088023.49939303},"point_estimate":6127809.776311744,"standard_error":806162.989970627}}