{"mean":{"confidence_interval":{"confidence_level":0.95,"lower_bound":2.7280740362302103,"upper_bound":2.7578075312341457},"point_estimate":2.7428508890906604,"standard_error":0.007642648457892087},"median":{"confidence_interval":{"confidence_level":0.95,"lower_bound":2.7235550791511334,"upper_bound":2.766795149372975},"point_estimate":2.7401562478593466,"standard_error":0.012165912053180074}}