{"mean":{"confidence_interval":{"confidence_level":0.95,"lower_bound":829459110.9358333,"upper_bound":838471018.8041667},"point_estimate":833657161.3666666,"standard_error":2338678.5498200427},"median":{"confidence_interval":{"confidence_level":0.95,"lower_bound":827939810.3333334,"upper_bound":842204326.6666666},"point_estimate":828723307.6666666,"standard_error":4132222.399546872},"median_abs_dev":{"confidence_interval":{"confidence_level":0.95,"lower_bound":212663.64602440665,"upper_bound":11472876.765015634},"point_estimate":1893030.3482919047,"standard_error":3652370.778790783},"slope":null,"std_dev":{"confidence_interval":{"confidence_level":0.95,"lower_bound":3483614.598576989,"upper_bound":8977126.744105171},"point_estimate":7765763.936620819,"standard_error":1333627.8597902227}}