{"mean":{"confidence_interval":{"confidence_level":0.95,"lower_bound":2312181234.9,"upper_bound":2328886681.3424997},"point_estimate":2319474791.6,"standard_error":4326488.638426261},"median":{"confidence_interval":{"confidence_level":0.95,"lower_bound":2310047208.0,"upper_bound":2324742270.0},"point_estimate":2314680785.0,"standard_error":4362230.8328635115},"median_abs_dev":{"confidence_interval":{"confidence_level":0.95,"lower_bound":1973402.8341650963,"upper_bound":18393874.349543452},"point_estimate":9459130.16166687,"standard_error":4103156.9733843845},"slope":null,"std_dev":{"confidence_interval":{"confidence_level":0.95,"lower_bound":5229484.682710316,"upper_bound":20704151.123649713},"point_estimate":14433965.46286362,"standard_error":4673771.403158161}}