{"mean":{"confidence_interval":{"confidence_level":0.95,"lower_bound":1866197763.75625,"upper_bound":1870837818.5},"point_estimate":1868568462.7,"standard_error":1183552.7360944285},"median":{"confidence_interval":{"confidence_level":0.95,"lower_bound":1864624940.5,"upper_bound":1871092444.5},"point_estimate":1870299378.75,"standard_error":1914345.2271325265},"median_abs_dev":{"confidence_interval":{"confidence_level":0.95,"lower_bound":316758.22567641735,"upper_bound":6242323.361876607},"point_estimate":3998698.150008917,"standard_error":1815127.2593756106},"slope":null,"std_dev":{"confidence_interval":{"confidence_level":0.95,"lower_bound":2284829.7189224344,"upper_bound":4798487.246318561},"point_estimate":3936081.3730369443,"standard_error":633896.404508497}}