{"mean":{"confidence_interval":{"confidence_level":0.95,"lower_bound":-0.07538686737361006,"upper_bound":-0.07061298279239123},"point_estimate":-0.07263370863121366,"standard_error":0.001243002912528285},"median":{"confidence_interval":{"confidence_level":0.95,"lower_bound":-0.07328065457024524,"upper_bound":-0.06984306303510202},"point_estimate":-0.07111015335670645,"standard_error":0.0008922473096199715}}