{"mean":{"confidence_interval":{"confidence_level":0.95,"lower_bound":0.25656422512686294,"upper_bound":0.2706336210688683},"point_estimate":0.2640182288785464,"standard_error":0.0036162336627854723},"median":{"confidence_interval":{"confidence_level":0.95,"lower_bound":0.25300359535204375,"upper_bound":0.273563290069027},"point_estimate":0.2665767514735118,"standard_error":0.004734093871087473}}