{"mean":{"confidence_interval":{"confidence_level":0.95,"lower_bound":-0.09210236947251126,"upper_bound":-0.09009178434838513},"point_estimate":-0.09106665655898716,"standard_error":0.0005134412828461861},"median":{"confidence_interval":{"confidence_level":0.95,"lower_bound":-0.09193989761601917,"upper_bound":-0.08963686280596583},"point_estimate":-0.09111558162843847,"standard_error":0.0006017626315089747}}