{"mean":{"confidence_interval":{"confidence_level":0.95,"lower_bound":-0.08388327973115835,"upper_bound":-0.07941711104539237},"point_estimate":-0.08186265038158902,"standard_error":0.0011378152099513518},"median":{"confidence_interval":{"confidence_level":0.95,"lower_bound":-0.08452919178318741,"upper_bound":-0.07991486876235776},"point_estimate":-0.08201948238546208,"standard_error":0.0011417846681810871}}