{"mean":{"confidence_interval":{"confidence_level":0.95,"lower_bound":3246520738.5,"upper_bound":3252600170.2},"point_estimate":3248988590.3,"standard_error":1630432.4084953186},"median":{"confidence_interval":{"confidence_level":0.95,"lower_bound":3245812443.0,"upper_bound":3249552224.5},"point_estimate":3247962908.0,"standard_error":1088855.102427062},"median_abs_dev":{"confidence_interval":{"confidence_level":0.95,"lower_bound":414096.1030483246,"upper_bound":4527056.750428677},"point_estimate":2958889.260569215,"standard_error":1112159.0726960904},"slope":null,"std_dev":{"confidence_interval":{"confidence_level":0.95,"lower_bound":1343062.6523298202,"upper_bound":8172569.065324991},"point_estimate":5436838.334871228,"standard_error":2239489.116361129}}