{"mean":{"confidence_interval":{"confidence_level":0.95,"lower_bound":1231271621.9,"upper_bound":1235313106.65},"point_estimate":1232914303.6,"standard_error":1080938.8626373154},"median":{"confidence_interval":{"confidence_level":0.95,"lower_bound":1231185470.5,"upper_bound":1233589903.5},"point_estimate":1231541444.25,"standard_error":726415.8772075092},"median_abs_dev":{"confidence_interval":{"confidence_level":0.95,"lower_bound":180861.62948906422,"upper_bound":3105502.793601226},"point_estimate":1181590.6662225723,"standard_error":868576.3004301956},"slope":null,"std_dev":{"confidence_interval":{"confidence_level":0.95,"lower_bound":848016.13242497,"upper_bound":5406952.274303232},"point_estimate":3600789.2973768096,"standard_error":1478475.9219029318}}