{"mean":{"confidence_interval":{"confidence_level":0.95,"lower_bound":-0.10142735386842247,"upper_bound":-0.08374868616918126},"point_estimate":-0.09464746065389917,"standard_error":0.004350011640948335},"median":{"confidence_interval":{"confidence_level":0.95,"lower_bound":-0.10463236667874332,"upper_bound":-0.09089234443577843},"point_estimate":-0.0979376618966471,"standard_error":0.0042203287796784205}}