{"mean":{"confidence_interval":{"confidence_level":0.95,"lower_bound":1696178598.8,"upper_bound":1700031628.04875},"point_estimate":1697992256.05,"standard_error":984224.660073473},"median":{"confidence_interval":{"confidence_level":0.95,"lower_bound":1695941154.0,"upper_bound":1700136562.25},"point_estimate":1697257839.25,"standard_error":985574.1641495095},"median_abs_dev":{"confidence_interval":{"confidence_level":0.95,"lower_bound":625131.6072016954,"upper_bound":5480210.6366068125},"point_estimate":2232483.102415502,"standard_error":1267020.9606542536},"slope":null,"std_dev":{"confidence_interval":{"confidence_level":0.95,"lower_bound":1323693.834516045,"upper_bound":4311671.527281914},"point_estimate":3283989.083759537,"standard_error":755285.2647798539}}