{"mean":{"confidence_interval":{"confidence_level":0.95,"lower_bound":806239119.2666667,"upper_bound":808915872.0666667},"point_estimate":807508906.5333333,"standard_error":687856.9574001136},"median":{"confidence_interval":{"confidence_level":0.95,"lower_bound":805725860.3333334,"upper_bound":809614451.8333333},"point_estimate":806477053.6666667,"standard_error":1059683.732878818},"median_abs_dev":{"confidence_interval":{"confidence_level":0.95,"lower_bound":317860.2916569107,"upper_bound":3779398.6336022615},"point_estimate":1838580.3816587618,"standard_error":956005.942897342},"slope":null,"std_dev":{"confidence_interval":{"confidence_level":0.95,"lower_bound":1137341.571721202,"upper_bound":2758716.4768128977},"point_estimate":2294056.31679574,"standard_error":406900.2881570848}}