{"mean":{"confidence_interval":{"confidence_level":0.95,"lower_bound":975384072.5,"upper_bound":977802208.0},"point_estimate":976590497.5,"standard_error":621384.1444821672},"median":{"confidence_interval":{"confidence_level":0.95,"lower_bound":974615239.0,"upper_bound":978312277.1666667},"point_estimate":976675825.6666666,"standard_error":841719.0876259385},"median_abs_dev":{"confidence_interval":{"confidence_level":0.95,"lower_bound":487004.933553993,"upper_bound":3793876.4694451694},"point_estimate":2445477.9859840577,"standard_error":887981.6306108463},"slope":null,"std_dev":{"confidence_interval":{"confidence_level":0.95,"lower_bound":1225177.0849265994,"upper_bound":2545098.8337147897},"point_estimate":2071088.4139256997,"standard_error":339071.51696532033}}