{"mean":{"confidence_interval":{"confidence_level":0.95,"lower_bound":2047499102.7,"upper_bound":2049545997.385},"point_estimate":2048506616.8,"standard_error":524338.87118848},"median":{"confidence_interval":{"confidence_level":0.95,"lower_bound":2046996402.0,"upper_bound":2050019095.5},"point_estimate":2048377213.0,"standard_error":898401.5335137786},"median_abs_dev":{"confidence_interval":{"confidence_level":0.95,"lower_bound":152690.0060892105,"upper_bound":2975120.023781061},"point_estimate":2111046.6744214296,"standard_error":676874.8379677978},"slope":null,"std_dev":{"confidence_interval":{"confidence_level":0.95,"lower_bound":1088773.8284429316,"upper_bound":2136066.921257689},"point_estimate":1754410.7551764622,"standard_error":268983.40811904066}}