{"mean":{"confidence_interval":{"confidence_level":0.95,"lower_bound":-0.08522457171111336,"upper_bound":-0.07444996021658075},"point_estimate":-0.08002724679244844,"standard_error":0.002830331605526879},"median":{"confidence_interval":{"confidence_level":0.95,"lower_bound":-0.0870273031357337,"upper_bound":-0.06974055718316075},"point_estimate":-0.08369120125592844,"standard_error":0.004197816390848348}}