{"mean":{"confidence_interval":{"confidence_level":0.95,"lower_bound":3570122548.2,"upper_bound":3590638692.56},"point_estimate":3578625689.7,"standard_error":5401638.501725044},"median":{"confidence_interval":{"confidence_level":0.95,"lower_bound":3567594197.0,"upper_bound":3584774380.5},"point_estimate":3572184567.0,"standard_error":3787456.6755508594},"median_abs_dev":{"confidence_interval":{"confidence_level":0.95,"lower_bound":1090298.0902433395,"upper_bound":17118558.16078484},"point_estimate":6950495.39360404,"standard_error":4405647.433875657},"slope":null,"std_dev":{"confidence_interval":{"confidence_level":0.95,"lower_bound":3347233.449024791,"upper_bound":26190207.777330842},"point_estimate":17998284.364984557,"standard_error":6712488.119611584}}