{"mean":{"confidence_interval":{"confidence_level":0.95,"lower_bound":-0.07463257838061362,"upper_bound":-0.0718975616714027},"point_estimate":-0.07329171303636028,"standard_error":0.0006964846520354505},"median":{"confidence_interval":{"confidence_level":0.95,"lower_bound":-0.07485607306609376,"upper_bound":-0.07182073235804409},"point_estimate":-0.07312840199283144,"standard_error":0.0007821916334270519}}