{"mean":{"confidence_interval":{"confidence_level":0.95,"lower_bound":2286198101.415,"upper_bound":2293921999.73},"point_estimate":2290023167.2,"standard_error":1984941.647885927},"median":{"confidence_interval":{"confidence_level":0.95,"lower_bound":2283157579.0,"upper_bound":2295454307.0},"point_estimate":2290128817.0,"standard_error":2935096.8157823305},"median_abs_dev":{"confidence_interval":{"confidence_level":0.95,"lower_bound":1075609.9723041058,"upper_bound":11265088.154804707},"point_estimate":7746369.144174457,"standard_error":2651801.8707565493},"slope":null,"std_dev":{"confidence_interval":{"confidence_level":0.95,"lower_bound":3950937.9711516523,"upper_bound":8141438.729854669},"point_estimate":6622508.631128065,"standard_error":1081937.0459180716}}