{"mean":{"confidence_interval":{"confidence_level":0.95,"lower_bound":3235033717.38,"upper_bound":3244510266.9275002},"point_estimate":3239842425.2,"standard_error":2426057.51633695},"median":{"confidence_interval":{"confidence_level":0.95,"lower_bound":3231058445.0,"upper_bound":3245964048.0},"point_estimate":3241243758.0,"standard_error":3975903.6595583544},"median_abs_dev":{"confidence_interval":{"confidence_level":0.95,"lower_bound":1655345.8509117365,"upper_bound":13843161.23393476},"point_estimate":7835029.363900423,"standard_error":3237128.3304928285},"slope":null,"std_dev":{"confidence_interval":{"confidence_level":0.95,"lower_bound":4898169.469890478,"upper_bound":9810538.109670931},"point_estimate":8094818.872443641,"standard_error":1240099.0040786895}}