{"mean":{"confidence_interval":{"confidence_level":0.95,"lower_bound":-0.044296748191567,"upper_bound":-0.03557621369199293},"point_estimate":-0.039803818395866664,"standard_error":0.0022305743127644224},"median":{"confidence_interval":{"confidence_level":0.95,"lower_bound":-0.04642241551591364,"upper_bound":-0.03283353813339185},"point_estimate":-0.04053434502612707,"standard_error":0.003444578927554396}}