{"mean":{"confidence_interval":{"confidence_level":0.95,"lower_bound":-0.08369831986559892,"upper_bound":-0.06987475446900385},"point_estimate":-0.07690825546069391,"standard_error":0.0034922520321798134},"median":{"confidence_interval":{"confidence_level":0.95,"lower_bound":-0.08697458864163143,"upper_bound":-0.06816764584621215},"point_estimate":-0.07569679126770257,"standard_error":0.003867004519429034}}