{"mean":{"confidence_interval":{"confidence_level":0.95,"lower_bound":1879608203.55,"upper_bound":1892390140.85},"point_estimate":1885751173.7,"standard_error":3289719.6814383743},"median":{"confidence_interval":{"confidence_level":0.95,"lower_bound":1877510407.0,"upper_bound":1896932165.0},"point_estimate":1878759595.25,"standard_error":5553964.9443201395},"median_abs_dev":{"confidence_interval":{"confidence_level":0.95,"lower_bound":367791.9113203883,"upper_bound":18762231.502103806},"point_estimate":2448529.0531799197,"standard_error":5973138.6328114},"slope":null,"std_dev":{"confidence_interval":{"confidence_level":0.95,"lower_bound":4665991.02290268,"upper_bound":13084190.327066883},"point_estimate":10966045.59034102,"standard_error":2062116.948036425}}