{"mean":{"confidence_interval":{"confidence_level":0.95,"lower_bound":969233273.6333334,"upper_bound":971303722.6625001},"point_estimate":970204184.0,"standard_error":534645.6062176978},"median":{"confidence_interval":{"confidence_level":0.95,"lower_bound":969288237.0,"upper_bound":971633147.1666667},"point_estimate":969785586.0,"standard_error":468676.8881231811},"median_abs_dev":{"confidence_interval":{"confidence_level":0.95,"lower_bound":216819.6208506528,"upper_bound":2920166.004044037},"point_estimate":664354.777905286,"standard_error":722671.3476188214},"slope":null,"std_dev":{"confidence_interval":{"confidence_level":0.95,"lower_bound":489053.231281857,"upper_bound":2324073.1779169124},"point_estimate":1778406.059955207,"standard_error":426589.4949834632}}