{"mean":{"confidence_interval":{"confidence_level":0.95,"lower_bound":2842816945.8824997,"upper_bound":2851734098.3475003},"point_estimate":2846937576.3,"standard_error":2293334.0395473936},"median":{"confidence_interval":{"confidence_level":0.95,"lower_bound":2840828923.5,"upper_bound":2851900975.0},"point_estimate":2844415587.0,"standard_error":2834511.5629965733},"median_abs_dev":{"confidence_interval":{"confidence_level":0.95,"lower_bound":769794.8170334101,"upper_bound":12878570.571559668},"point_estimate":6749970.781964064,"standard_error":2850540.9081672975},"slope":null,"std_dev":{"confidence_interval":{"confidence_level":0.95,"lower_bound":3470266.133683188,"upper_bound":10118135.19795041},"point_estimate":7656877.489152031,"standard_error":1791803.1597161181}}