{"mean":{"confidence_interval":{"confidence_level":0.95,"lower_bound":1264335103.3225,"upper_bound":1265182357.5062501},"point_estimate":1264755224.65,"standard_error":216460.90099816828},"median":{"confidence_interval":{"confidence_level":0.95,"lower_bound":1264120844.5,"upper_bound":1265379476.5},"point_estimate":1264750455.5,"standard_error":329899.0326857328},"median_abs_dev":{"confidence_interval":{"confidence_level":0.95,"lower_bound":240989.21272158623,"upper_bound":1214377.6233404875},"point_estimate":863181.9361254573,"standard_error":252458.1385893806},"slope":null,"std_dev":{"confidence_interval":{"confidence_level":0.95,"lower_bound":431261.5294741459,"upper_bound":882583.0146208644},"point_estimate":722343.6179359382,"standard_error":114652.4586816389}}