{"mean":{"confidence_interval":{"confidence_level":0.95,"lower_bound":3298156731.8,"upper_bound":3305684373.0175},"point_estimate":3301833681.5,"standard_error":1931093.6268695057},"median":{"confidence_interval":{"confidence_level":0.95,"lower_bound":3297348311.0,"upper_bound":3309207724.0},"point_estimate":3300440498.0,"standard_error":3122786.604248568},"median_abs_dev":{"confidence_interval":{"confidence_level":0.95,"lower_bound":537294.9717611074,"upper_bound":11117003.104233742},"point_estimate":4682734.1954648495,"standard_error":2904981.5020458107},"slope":null,"std_dev":{"confidence_interval":{"confidence_level":0.95,"lower_bound":3727324.124173939,"upper_bound":7852360.476114753},"point_estimate":6423193.909407691,"standard_error":1039306.4198965196}}