{"mean":{"confidence_interval":{"confidence_level":0.95,"lower_bound":2091934409.365,"upper_bound":2094407705.0125},"point_estimate":2093137263.0,"standard_error":633220.3581654113},"median":{"confidence_interval":{"confidence_level":0.95,"lower_bound":2091391906.0,"upper_bound":2095229952.0},"point_estimate":2092771925.0,"standard_error":902485.3603536014},"median_abs_dev":{"confidence_interval":{"confidence_level":0.95,"lower_bound":488865.1023209095,"upper_bound":3534977.2019416094},"point_estimate":2491417.3345685005,"standard_error":846854.4464961293},"slope":null,"std_dev":{"confidence_interval":{"confidence_level":0.95,"lower_bound":1147493.2360388834,"upper_bound":2561465.501293418},"point_estimate":2112164.9579597497,"standard_error":345549.8867095745}}