{"mean":{"confidence_interval":{"confidence_level":0.95,"lower_bound":-0.11624602228180902,"upper_bound":-0.11372773270437982},"point_estimate":-0.11508546575873713,"standard_error":0.0006427829335491272},"median":{"confidence_interval":{"confidence_level":0.95,"lower_bound":-0.11662743879599036,"upper_bound":-0.11362395895683841},"point_estimate":-0.11587610924147085,"standard_error":0.0007495001973861586}}