{"mean":{"confidence_interval":{"confidence_level":0.95,"lower_bound":1195551168.6,"upper_bound":1199489821.8812501},"point_estimate":1197342273.6,"standard_error":1011430.9739039174},"median":{"confidence_interval":{"confidence_level":0.95,"lower_bound":1195041397.75,"upper_bound":1198226519.5},"point_estimate":1197242059.5,"standard_error":752149.8988322312},"median_abs_dev":{"confidence_interval":{"confidence_level":0.95,"lower_bound":120791.12635552883,"upper_bound":4818536.646553874},"point_estimate":1300023.7173199654,"standard_error":1168307.6820317905},"slope":null,"std_dev":{"confidence_interval":{"confidence_level":0.95,"lower_bound":936601.6917838745,"upper_bound":4820516.492397137},"point_estimate":3377304.428621752,"standard_error":1044927.1389710949}}