{"mean":{"confidence_interval":{"confidence_level":0.95,"lower_bound":-0.08486320589392361,"upper_bound":-0.08247783040327186},"point_estimate":-0.0836651020433079,"standard_error":0.0006106525278126839},"median":{"confidence_interval":{"confidence_level":0.95,"lower_bound":-0.08537977522004947,"upper_bound":-0.08167409240279666},"point_estimate":-0.08384608550625339,"standard_error":0.0009686569621714552}}