{"mean":{"confidence_interval":{"confidence_level":0.95,"lower_bound":1680776018.9,"upper_bound":1683973292.0},"point_estimate":1682261759.1,"standard_error":819668.9002214565},"median":{"confidence_interval":{"confidence_level":0.95,"lower_bound":1680415062.25,"upper_bound":1683545291.75},"point_estimate":1681950147.25,"standard_error":830168.3110164502},"median_abs_dev":{"confidence_interval":{"confidence_level":0.95,"lower_bound":651688.3085802197,"upper_bound":4138340.9056797624},"point_estimate":1991219.6086987853,"standard_error":894242.8808011208},"slope":null,"std_dev":{"confidence_interval":{"confidence_level":0.95,"lower_bound":1167267.4223335888,"upper_bound":3789772.3242156687},"point_estimate":2737065.6776364823,"standard_error":723846.3324633233}}