{"mean":{"confidence_interval":{"confidence_level":0.95,"lower_bound":-0.09201693915909613,"upper_bound":-0.08897145861020825},"point_estimate":-0.09054791785027827,"standard_error":0.0007969054953066505},"median":{"confidence_interval":{"confidence_level":0.95,"lower_bound":-0.09234569751483845,"upper_bound":-0.08930448787168166},"point_estimate":-0.09057419024153845,"standard_error":0.0007282745355326502}}