{"mean":{"confidence_interval":{"confidence_level":0.95,"lower_bound":86781793.56,"upper_bound":86919168.05524564},"point_estimate":86844722.0046508,"standard_error":35398.91094988889},"median":{"confidence_interval":{"confidence_level":0.95,"lower_bound":86762728.11428571,"upper_bound":86916846.93},"point_estimate":86817324.675,"standard_error":33963.926082120575},"median_abs_dev":{"confidence_interval":{"confidence_level":0.95,"lower_bound":24580.321483605432,"upper_bound":183428.82547348295},"point_estimate":80443.34356185242,"standard_error":41755.069238754775},"slope":{"confidence_interval":{"confidence_level":0.95,"lower_bound":86798633.79320274,"upper_bound":87002209.107173},"point_estimate":86918747.53818181,"standard_error":51606.44392451011},"std_dev":{"confidence_interval":{"confidence_level":0.95,"lower_bound":44065.14990470222,"upper_bound":157268.73175538718},"point_estimate":117649.35756369145,"standard_error":29934.6426957621}}