{"mean":{"confidence_interval":{"confidence_level":0.95,"lower_bound":-0.08048183797713737,"upper_bound":-0.07415327117692098},"point_estimate":-0.07766447376238916,"standard_error":0.0016273585215130697},"median":{"confidence_interval":{"confidence_level":0.95,"lower_bound":-0.08164899179820362,"upper_bound":-0.07336510007030161},"point_estimate":-0.07936025948233272,"standard_error":0.0018810712968846538}}