{"mean":{"confidence_interval":{"confidence_level":0.95,"lower_bound":-0.07662404854665467,"upper_bound":-0.06635730285422922},"point_estimate":-0.07130376826810858,"standard_error":0.002603219293960955},"median":{"confidence_interval":{"confidence_level":0.95,"lower_bound":-0.08055090726692493,"upper_bound":-0.06283115863335087},"point_estimate":-0.06928148557369174,"standard_error":0.0051141865260195965}}