{"mean":{"confidence_interval":{"confidence_level":0.95,"lower_bound":-0.15010132534084608,"upper_bound":-0.14244996138449292},"point_estimate":-0.14605073435807636,"standard_error":0.001972874114179477},"median":{"confidence_interval":{"confidence_level":0.95,"lower_bound":-0.15092760651187054,"upper_bound":-0.14119524636123737},"point_estimate":-0.14307300897975372,"standard_error":0.002705843079507536}}