{"mean":{"confidence_interval":{"confidence_level":0.95,"lower_bound":-0.09304444546544545,"upper_bound":-0.08940444472150526},"point_estimate":-0.09132900137951161,"standard_error":0.0009300153049164895},"median":{"confidence_interval":{"confidence_level":0.95,"lower_bound":-0.0932233824674924,"upper_bound":-0.09080366095280146},"point_estimate":-0.09222702681208461,"standard_error":0.0006312764671964286}}