{"mean":{"confidence_interval":{"confidence_level":0.95,"lower_bound":1848253887.76875,"upper_bound":1863592574.5037498},"point_estimate":1856412057.55,"standard_error":3919363.8240077225},"median":{"confidence_interval":{"confidence_level":0.95,"lower_bound":1839580083.5,"upper_bound":1865920976.0},"point_estimate":1863658243.0,"standard_error":6504180.805034044},"median_abs_dev":{"confidence_interval":{"confidence_level":0.95,"lower_bound":876249.201643467,"upper_bound":20381351.875908673},"point_estimate":4454082.43842423,"standard_error":5179296.851716723},"slope":null,"std_dev":{"confidence_interval":{"confidence_level":0.95,"lower_bound":2727617.3588009616,"upper_bound":14771148.797179498},"point_estimate":13052866.229716387,"standard_error":2453122.976244601}}