{"mean":{"confidence_interval":{"confidence_level":0.95,"lower_bound":1245309336.9,"upper_bound":1249093010.315},"point_estimate":1247005711.8,"standard_error":970255.9793198004},"median":{"confidence_interval":{"confidence_level":0.95,"lower_bound":1244321503.5,"upper_bound":1248299486.0},"point_estimate":1246727631.75,"standard_error":1123029.91173255},"median_abs_dev":{"confidence_interval":{"confidence_level":0.95,"lower_bound":233922.0292970538,"upper_bound":4821423.268702626},"point_estimate":3257109.4268247485,"standard_error":1200189.568323554},"slope":null,"std_dev":{"confidence_interval":{"confidence_level":0.95,"lower_bound":1384497.1495406523,"upper_bound":4534295.3812338635},"point_estimate":3244940.198593096,"standard_error":928672.0537493608}}