{"mean":{"confidence_interval":{"confidence_level":0.95,"lower_bound":830930191.1983335,"upper_bound":833070423.9858333},"point_estimate":831950358.0333332,"standard_error":548952.2706998421},"median":{"confidence_interval":{"confidence_level":0.95,"lower_bound":830664656.5,"upper_bound":833234517.0},"point_estimate":831659513.5,"standard_error":603517.0057035558},"median_abs_dev":{"confidence_interval":{"confidence_level":0.95,"lower_bound":320422.9657114141,"upper_bound":3196366.1939531565},"point_estimate":1648474.0000337362,"standard_error":734889.984160597},"slope":null,"std_dev":{"confidence_interval":{"confidence_level":0.95,"lower_bound":863998.2546260714,"upper_bound":2330426.6089955443},"point_estimate":1833372.1878884425,"standard_error":372066.8536638095}}