{"mean":{"confidence_interval":{"confidence_level":0.95,"lower_bound":2006033977.19,"upper_bound":2012330725.2849998},"point_estimate":2009581455.7,"standard_error":1626503.8282946635},"median":{"confidence_interval":{"confidence_level":0.95,"lower_bound":2008196748.0,"upper_bound":2012778062.0},"point_estimate":2010318486.0,"standard_error":958505.5365952161},"median_abs_dev":{"confidence_interval":{"confidence_level":0.95,"lower_bound":355971.51238024235,"upper_bound":6390550.000745058},"point_estimate":2423761.1086696386,"standard_error":1641708.8626153527},"slope":null,"std_dev":{"confidence_interval":{"confidence_level":0.95,"lower_bound":1419245.4754426382,"upper_bound":7940281.602041338},"point_estimate":5433039.235851127,"standard_error":1888666.5214541163}}