{"mean":{"confidence_interval":{"confidence_level":0.95,"lower_bound":-0.014145277320017044,"upper_bound":-0.008167024258500785},"point_estimate":-0.011142679113892218,"standard_error":0.001530667440530452},"median":{"confidence_interval":{"confidence_level":0.95,"lower_bound":-0.01588663666464818,"upper_bound":-0.007845443651710249},"point_estimate":-0.010339545812889539,"standard_error":0.002024429944789094}}