{"mean":{"confidence_interval":{"confidence_level":0.95,"lower_bound":-0.0945367152179702,"upper_bound":-0.07936269778500044},"point_estimate":-0.08740317877251003,"standard_error":0.0037563527243119417},"median":{"confidence_interval":{"confidence_level":0.95,"lower_bound":-0.09513066866976416,"upper_bound":-0.07573403690467495},"point_estimate":-0.09436665014206824,"standard_error":0.004697250975794423}}