{"mean":{"confidence_interval":{"confidence_level":0.95,"lower_bound":3426729547.7975,"upper_bound":3442029664.1},"point_estimate":3434985377.8,"standard_error":3932228.886017492},"median":{"confidence_interval":{"confidence_level":0.95,"lower_bound":3427414670.0,"upper_bound":3443384873.5},"point_estimate":3438102854.0,"standard_error":3580700.470825322},"median_abs_dev":{"confidence_interval":{"confidence_level":0.95,"lower_bound":1695974.2792904377,"upper_bound":20388970.586523414},"point_estimate":7754628.70862782,"standard_error":4933968.29312601},"slope":null,"std_dev":{"confidence_interval":{"confidence_level":0.95,"lower_bound":5008051.527978593,"upper_bound":17376266.86253189},"point_estimate":13037770.536780315,"standard_error":3254728.847281975}}