{"mean":{"confidence_interval":{"confidence_level":0.95,"lower_bound":-0.03480985523433689,"upper_bound":-0.006663670594909803},"point_estimate":-0.020561278479819256,"standard_error":0.00721208614376913},"median":{"confidence_interval":{"confidence_level":0.95,"lower_bound":-0.0419861183290392,"upper_bound":0.004836209169777561},"point_estimate":-0.017598517152561555,"standard_error":0.010675228011107908}}