{"mean":{"confidence_interval":{"confidence_level":0.95,"lower_bound":-0.07331671820472303,"upper_bound":-0.07015541884057708},"point_estimate":-0.07181188656832027,"standard_error":0.0008077110654154347},"median":{"confidence_interval":{"confidence_level":0.95,"lower_bound":-0.07385074063967978,"upper_bound":-0.06996159295248117},"point_estimate":-0.07153345887807239,"standard_error":0.0010184945396230446}}