{"mean":{"confidence_interval":{"confidence_level":0.95,"lower_bound":1165534258.75,"upper_bound":1168541065.4},"point_estimate":1167178155.1,"standard_error":777969.2325984262},"median":{"confidence_interval":{"confidence_level":0.95,"lower_bound":1165897257.5,"upper_bound":1168839790.75},"point_estimate":1168175635.5,"standard_error":763484.1326538515},"median_abs_dev":{"confidence_interval":{"confidence_level":0.95,"lower_bound":243000.35958588123,"upper_bound":3751979.4296890497},"point_estimate":1369371.960438788,"standard_error":937605.9724949192},"slope":null,"std_dev":{"confidence_interval":{"confidence_level":0.95,"lower_bound":875631.619511409,"upper_bound":3551831.2456013816},"point_estimate":2607279.7760144873,"standard_error":721185.2791885925}}